host,type,kept,keptUrl,keptScore,dropped,droppedNames
linovelib.com,0,🎈 哔哩轻小说111,https://www.linovelib.com,8,2,哔哩轻小说(www)|  a🎈哔哩轻小说▪日轻💜💜[仅发现]无
m.wenkuchina.com,0,🍒轻之文库&哔哩哔哩轻小说,https://m.wenkuchina.com/,8,5,哔哩哔哩轻小说|轻之文库|轻之文库|轻之文库（优）|轻文库🎃
bilinovel.com,0,哔哩轻小说🏷,https://www.bilinovel.com,8,1,🎐哔哩轻小说.社区
wenku8.cc,0,轻小说文库.cc,https://www.wenku8.cc/index.php,8,2,轻小说文库|📖轻小说文库@任尚仁
lightnovel.us,0,轻之国度(APPapi测试),https://www.lightnovel.us##APP,8,2,🎐轻之国度|📃lk轻之国度
api.lestory.cn,0,悸花文学,http://api.lestory.cn#关耳edit,8,3,悸花文学|📚 悸花乐读|㊣悸花乐读 #关耳
mjjxs.net,0,聚合书库,https://mjjxs.net,7,4,聚合书库|聚合书库|聚合书库|聚合书库
sto.cx,0,思兔文学,https://www.sto.cx,8,1,思兔
m.xs63.biz,0,👌 小说路上,https://m.xs63.biz,7,1,小说路上
75zhongwen.com,0,起舞中文,https://www.75zhongwen.com/,8,5,起舞中文|起舞中文|起舞中文🎃|起舞中文|●㊝ 起舞中文 ♜♜♜♚✔︎
api5-normal-lf.fqnovel.com,0,番茄小说,https://api5-normal-lf.fqnovel.com,8,6,番茄|番茄小说|番茄正版·女生(哪位大佬改为最新书一下)|番茄分类|番茄·出版
api.meiguixsapp.com,0,🌸玫瑰小说,https://api.meiguixsapp.com/,7,1,玫瑰小说
hgq26.com,0,槐故曲落,https://www.hgq26.com/,6,7,🎉 红甘泉网|💊 红甘泉小说网|✾♛红甘泉 #关耳1|✾♛红甘泉 #关耳1|📖 红甘泉网
pi12345.com,0,🌸神书网,https://www.pi12345.com,7,5,神书网|❄神书网|神书网🎃|神书网pi12345|🌸神书网
51ggd.com,0,格格党,http://www.51ggd.com,8,6,格格党|✾格格党| 格格党 #未月十八1001|格格党⑦|格格党[51]
hetushu.com,0,书籍网络（发现）,https://www.hetushu.com,8,5,和图书|和图书|🌠和图书|和图书|水沉华庭
m.hetushu.com,0,🌸和图书,https://m.hetushu.com/,7,1,和图书
haitangsoushu.com,0,👔 海棠搜书,https://www.haitangsoushu.com##简介换源,8,7,海棠搜书🔞|海棠搜书🈲 #关耳| 海棠搜书|🍑 海棠搜书|⚠️海棠搜书
m.heifenxs.org,0,🎈黑粉小说,http://m.heifenxs.org,7,2,黑粉小说🎃|👔 黑粉小说
m.4shuwang.net,0,🎈私塾网,https://m.4shuwang.net,7,1,🎈私塾网 #关耳
gaohbook.net,0,🎈心跳书城,http://www.gaohbook.net,7,4,🔖心跳书城|✾♝心跳书城 #关耳|✾♝心跳书城 #关耳|📖 心跳书城
haitangzhu.com,0,🎈1gtxt,https://www.haitangzhu.com,5,1,🔞海棠猪🔞---有些书的目录每一页都会颠
52shuku.vip,0,球球书库,https://www.52shuku.vip,8,3,52书库|52书库|Ⓢ 五二书库
popo.tw,0,📖POPO✈️,https://www.popo.tw,6,1,💵 POPO
allcp.net,0,🏷️ 青花辞鱼,https://allcp.net,6,8,青花鱼💯|💬青  花  鱼|㊓✾青花鱼 #关耳 ▼需登录|㊓✾青花鱼 #关耳 ▼需登录|青花鱼
myrics.com,0,米国度,https://www.myrics.com,8,2,💵 米国度|💰米国度
bbs.yamibo.com,0,🏷️ 百合会论坛,https://bbs.yamibo.com,6,3,📖百合会论坛（章节）|㊓✾百合会论坛 #关耳 ▼需登录|📖百合会论坛
xn--pxtr7m.com,0,废文,https://xn--pxtr7m.com/,8,4,📖废文网|废文|💵 废文7m签到|㊓✾废文网 #关耳 ▼需登录
yamibo.com,0,百合会华（发现）,https://www.yamibo.com/,6,3,📚 百合会网|㊓✾百合会 #关耳|🔰 百合会
07dcr.com,0,📚稻草人,https://www.07dcr.com,8,4,🍁 稻 草 人|稻  草  人|📡 稻草人书屋[仅发现]|稻草人书屋
read.douban.com,0,💰 豆瓣阅读,https://read.douban.com,8,7,💰豆瓣阅读|㊣ 豆瓣阅读 #一程|㊣豆瓣阅读 #关耳|㊣豆瓣阅读 #关耳|📚豆瓣阅读
huaidan1234.com,0,坏蛋1234 #关耳,https://www.huaidan1234.com/,7,3,坏蛋1234 #关耳|坏蛋1234 #关耳|📚 坏蛋1234·出版
ttd3.cn,0,💊 天天读书,https://www.ttd3.cn,5,1,📚天天读书
es.bookan.com.cn1,0,无锡图书,http://es.bookan.com.cn1,7,4,♛无锡图书馆API #关耳|♛无锡图书馆API #关耳|📚无锡图书馆|📖无锡图书馆
t.icesmall.cn,0,世界名著网,http://t.icesmall.cn,5,1,📚 世界名著
m.jjwxc.net,0,🏷晋江文学,https://m.jjwxc.net/channel/,8,51,🏷晋江文学[自定义发现]|🏷晋江文学［百合发现］|🌿晋江分类|晋江#2|●晋江作者排行 ⇄
m.luhubook.com,0,路虎小说 #关耳,https://m.luhubook.com,6,4,路虎小说|路虎小说|路虎小说|路虎小说
m.ypxxs.com,0,一品小说,https://m.ypxxs.com#,5,3,🎉一品小说|📖 一品小说|一品小说🎃
m.xuribook.com,0,♜ 旭日小说 #一程,https://m.xuribook.com#♤yc,6,1,🎉旭日小说
uaa.com,0,👔 UAA小说🚀,https://www.uaa.com/api/novel/app/novel/,8,11,UAA·小说2.0|UAA|🎴 UAA·小说-改|UAA·小说|📝UAA·文学[重发]
xsbook.top,0,🚬 相思阁,https://www.xsbook.top,8,2,相思阁|相思阁🎃
hongxiua.com,0,🌸红袖招,https://hongxiua.com,7,3,㊕ 红袖招 #一程|🪐倚楼红袖|㊕红袖招 #一程
xchina.biz,0,小黄书 xChina,https://xchina.biz,8,2,xchina|小黄书 xChina🎃
alicesw.org,0,🐣爱丽丝书屋,https://alicesw.org/##ʕ ᵔᴥᵔ ʔ喜静,8,3,爱丽丝|爱丽丝书屋🎃|爱丽丝书屋
6yydstxt226.com,0,🔰 第一版主,https://www.6yydstxt226.com/,8,1,🔰 第一版主
m.diyibanzhu.buzz,0,🔞第一版主buzz,https://m.diyibanzhu.buzz,8,4,第一版主⑦|第一版主⑤|第一版主⑤|第一版主🎃#2
yuwangshe.in,0,🚬 欲望社,https://www.yuwangshe.in,8,5,欲望社①|欲望社①|欲望社🎃#3|🈲新欲望社|👔 新欲望社
m.utexs.com,0,🙈 优特小说,http://m.utexs.com,8,3,🚬 优特小说|优特小说|优特小说🎃
aahhss.com,0,🔞奇怪小说,https://www.aahhss.com/,8,1,奇怪小说
get.xiashuzhan.com,0,下书文学,https://get.xiashuzhan.com,8,1,下书文学[api]
ts.txs12.com,0,吧小说网,https://ts.txs12.com,8,1,流小说网
wd.wdxsb.com,0,猫耳小说,http://wd.wdxsb.com/,5,1,📖 猫耳小说
23uswx.net,0,被窝文学,https://www.23uswx.net/,8,3,顶点小说|顶点小说|二三中文
qbtxt.net,0,全本小说,https://www.qbtxt.net/,7,3,全本小说|全本小说|全本小说
biqukun.com,0,笔趣阁④,https://www.biqukun.com/,8,3,笔趣阁|笔趣阁|笔趣阁
69shu.com,0,统计书吧,https://www.69shu.com/,8,2,69书吧.com|👍 69书吧①
liujiuzw.com,0,六九中文,https://www.liujiuzw.com/,7,1,六九中文
ixuanshu.net,0,选书网吧,https://www.ixuanshu.net/,8,1,选书小说（发现）
630book.io,0,🎀恋上你书,https://www.630book.io/,6,1,恋上你看书[修复]
juzixs.vip,0,文学迷[修复],https://www.juzixs.vip/,6,1,文学迷
xiaoshuobuluo.com,0,小说部落,http://www.xiaoshuobuluo.com,8,5,小说部落|小说部落|♜小说部落 #破冰1101|♜小说部落 #破冰|小说部落🎃#2
gdbzkz.com,0,鬼吹灯🇨🇳,http://www.gdbzkz.com/,8,5,鬼吹灯吧|鬼吹灯|鬼吹灯|鬼吹灯|鬼吹灯①
yjcard.com,0,顶点小说#4,https://www.yjcard.com#,5,3,顶点小说④🥉|顶点小说|顶点小说🎃#3
biquge5200.com,0,笔趣阁㉘,http://www.biquge5200.com/,7,4,🔆笔趣阁❽❷|🔰 笔趣阁|❄️梧州中文|🎉笔趣阁▪原梧州中文💙💙💙biquge5
wanbenxs.com,0,完本小说,https://www.wanbenxs.com/,5,1,完本小说
ibookben.com,0,💯书本网③①,https://www.ibookben.com/,6,1,📖 书本网站
69shuba.com,0,69书吧,https://www.69shuba.com/,8,2,69书吧.com|🍁六九书吧
m.xshbook.com,0,小说虎,https://m.xshbook.com,8,1,阿爱虎吧（优）
tjsyjjzs.com,0,🙈名熹小说,http://www.tjsyjjzs.com/,8,2,🪐明溪谷雨|明溪谷雨🎃
m.dukangge.com,0,读康阁🎃,https://m.dukangge.com#🎃,8,1,读康阁📖
x23us.cc,0,🍺 顶点小说,https://www.x23us.cc,5,2,顶点小说~x23us.cc|二三小说
s.sfacg.com,0,SF轻小说,http://s.sfacg.com/,7,2,🎉 SF轻小说|SF轻小说🎃
lxybaike.com,0,流行百科（玩梗）,https://www.lxybaike.com/,8,2,🔰 流行百科|流行百科🎃
m.9191net.com,0,久久小说（下载）,http://m.9191net.com#,8,3,久久小说（下载）|久久小说（下载）|久久小说🎃
m.dushu.com,0,读书网吧,https://m.dushu.com/,8,2,🔰 读书网吧|读书网吧🎃
so.ihuaben.com,0,话本小说,https://so.ihuaben.com,8,7,画本阅读|话本小说|画本阅读|话本小说|话本小说🎃
m.8kana.com,0,不可能的世界,https://m.8kana.com,8,4,不可能的世界M🎃| 不可能的世界#南笙21.0101|不可能的世界🎃|不可能的世界
biqu.ge,0,笔趣阁,http://www.biqu.ge#,7,2,笔趣阁|笔趣阁🎃27
xiaojiaren.com,0, 笑佳人网,https://www.xiaojiaren.com,5,2,笑佳人文学1|笑佳人文学🎃
wiki.biligame.com,0,上古卷轴,https://wiki.biligame.com/skyrim#,7,2,上古卷轴5|上古卷轴🎃
douhuawenxue.com,0,豆花文学,https://www.douhuawenxue.com/,6,3,豆花文学|豆花文学🎃|🔰豆花文学
qingly.ink,0,青梨,https://qingly.ink,5,2,青梨小说|青梨小说🎃
m.idejian.net,0,爱得间组,http://m.idejian.net/,5,2,🎉 爱得间组|得间小说🎃
52pojie.cn,0,吾爱破解（学习）,https://www.52pojie.cn/,8,2,吾爱破解（软件）|吾爱破解🎃
afdian.com,0,爱发电（导入前请备份好自己的发现规则，登录直接点登录，填账号密码，不要改登录规则里的东西，阅读升级最新版，网站只能搜作者）,https://afdian.com,8,1,爱发电🎃
m.zhonghuashici.com,0,中华诗词,https://m.zhonghuashici.com/,8,2,🔰 中华诗词|中华诗词🎃
ebtang.com,0,雁北堂网,https://www.ebtang.com/,7,6,💰 雁北堂|雁北堂|雁北堂网|📚 雁北堂网|雁北堂🎃
kxwx.org,0,开心文学网,https://www.kxwx.org,5,1,开心文学网🎃
newsmiss.lofter.com,0,📖Lofter,https://newsmiss.lofter.com,8,7,Lofter|Lofter|老福特（优）|乐乎Lofter②|📖Lofter
m.duread.cn,0,独阅读,https://m.duread.cn,6,1,独阅读🎃
cdemc.org,0,cdemc🇨🇳,https://www.cdemc.org,8,1,笔趣阁🎃30
m.elkoparts.net,0,🎉 饿狼小说,http://m.elkoparts.net,7,1,饿狼小说🎃
8kana.com,0,老8站,https://www.8kana.com,7,5,看啊|🎈 不可能的世界|老8站|老8站🎃|不可能的世界🎃2
po18w.vip,0,👔 PO18文学⑮,https://www.po18w.vip,8,3,PO18文学⑱|PO18文学⑱|PO18文学🎃
chamabooks.net,0,茶马小说,https://www.chamabooks.net/##@曦灵,7,2,🔰 茶马小说|茶马小说🎃
fuxs.top,0,📡 繁星四月,http://www.fuxs.top,8,1,繁星四月🎃
idejian.com,0,得间小说,https://www.idejian.com/#md-haxc-b,8,19,得间女生|🎉得间小说#嘚嘚21.0201|得间小说#2|得间小说|得间小说
shubl.com,0,书耽小说,https://www.shubl.com,7,3,书耽小说|🔰书耽|书耽🎃
m.elkoparts.com,0,饿狼小说,http://m.elkoparts.com,8,4,饿狼小说|饿狼小说|饿狼小说|饿狼小说🎃2
po18gv.vip,0,🚬 PO18文学,https://www.po18gv.vip,8,1,PO18文学🎃5
m.shuhaige.net,0,书海网络,https://m.shuhaige.net,8,5,书海阁子|书海网络|🧐书海阁③ #破冰♨️|🖤♛-书海阁③ #破冰|书海阁🎃
shugege.net,0,书阁,https://www.shugege.net/,8,2,🌾书阁|书阁🎃
dzxs8.com,0,电子小说（优）,https://www.dzxs8.com/,8,3,电子小说|电子小说（优）|电子小说🎃
b483.com,0,免费小说,https://www.b483.com/,6,2,🔰 免费小说|免费小说🎃3
zjsw.org,0,爪机书屋,https://www.zjsw.org#,8,10,爪机书屋|爪机书屋|爪机书屋|爪机书屋|🎉 爪机书屋
qbtr.cc,0,全本同人小说🎃,http://www.qbtr.cc,8,15,👌 全本同人小说网|全本同人|全本同人|全本同人|全本同人
m.biquge.one,0,🎉 笔趣阁,https://m.biquge.one,8,2,笔趣阁|笔趣阁🎃42
dfu7.com,0,夫妻小说,https://www.dfu7.com,7,2,夫妻小说|夫妻小说🎃
wap.biquluo.info,0,笔趣阁,https://wap.biquluo.info,8,2,壁落小说|笔趣阁🎃46
rousewu.in,0,👔 肉色屋网,https://www.rousewu.in/,6,2,📚 肉色屋网|肉色屋网🎃
wap.ciweimao.com,0,刺猬猫②,https://wap.ciweimao.com/,7,5,刺猬猫|🎉 刺猬猫|💵 刺猬猫[添加书籍]|刺猬猫②|刺猬猫🎃2
myhetang.com,0,荷塘小说,https://www.myhetang.com,7,1,荷塘小说🎃
shuhaige.net,0,书海阁,https://www.shuhaige.net/,6,5,🌸书海阁|🥉书海阁|👍 书海阁|👍 书海阁|书海阁🎃
4xiaoshuo.info,0,💠 4小说,http://www.4xiaoshuo.info,8,1,4小说🎃
xs7.com,0,小说旗子,https://www.xs7.com/#pb1101,8,4,🚩小说旗|小说旗子（发现）|🎉小说旗③①|版本小说🎃
zongheng.com,0,纵横中文网,https://www.zongheng.com,8,10,纵横中文网|🔰 纵横中文网|纵横中文网api|🧐纵横中文网♨️|纵横·女频💯
rourouwu.in,0,🚬 肉肉屋,https://www.rourouwu.in,8,1,肉肉屋🎃2
m.xs7.com,0,气群小说,https://m.xs7.com,8,1,小说旗🎃
m.jjjjxs.com,0,久久小说,https://m.jjjjxs.com,8,1,久久小说🎃3
38xs.com,0,三八小说,https://www.38xs.com,8,1,三八小说🎃
book.eayue.com,0,💰 宜搜,https://book.eayue.com,6,1,宜搜🎃
xgbqiuge.com,0,笔趣阁,http://www.xgbqiuge.com,8,1,笔趣阁🎃52
jjwxc.net,0,🔰 晋江文学,http://www.jjwxc.net,8,34,🔰 晋江文学②|晋江|  a💰晋江▪详榜#嘚嘚edit|晋江#2|💵 晋江[言情标签]
rouwenwu19.com,0,🔞肉文阁,https://www.rouwenwu19.com,8,4,📖肉文阁②|肉文阁①|肉文阁①|肉文阁🎃
api.anwaben.com,0,顶点小说,http://api.anwaben.com,8,2,猫眼看书◾️|顶点小说🎃14
m.ptwxz.org,0,飘天文学,https://m.ptwxz.org,8,3,📃飘天文学|飘天文学|飘天文学手机版🎃
npford.com,0,⌨女王小说,https://www.npford.com,6,1,女王小说🎃
wxscs.com,0,万象书城,https://www.wxscs.com,8,2,万象书城|万象书城吧🎃
51menu.com,0,虫虫书屋,http://www.51menu.com##修正,8,3,🔰 虫虫书屋|🍊虫虫书屋|虫虫书屋🎃2
isex.work,0,📝PO全本,https://www.isex.work,8,1,PO全本🎃
qibuge.com,0,七步阁,https://www.qibuge.com/,5,2,🔰 七步阁|七步阁🎃
m.shoujix.com,0,◎手机小说,https://m.shoujix.com#◎,8,4,手机小说|手机小说|手机小说|手机小说🎃3
luoxiadushu.com,0,落霞小说,https://luoxiadushu.com/,8,2,📚 落霞小说|落霞小说🎃3
66wx.org,0,📖六六文学,http://www.66wx.org/,8,3,🔰 六六文学|六六文学🎃|六六文学
m.yuwangshe.net,0,🚬 新欲望社,https://m.yuwangshe.net,8,3,欲望社③|欲望社③|新欲望社🎃
api.basusan.com,0,顶点小说,http://api.basusan.com,8,2,顶点小说|顶点小说
wxzhm.top,0,🎨无遮韩漫🔻,http://www.wxzhm.top/,6,1,无遮韩漫🎃
m.gaolashuwu.com,0,🔰 高辣书屋,https://m.gaolashuwu.com,7,1,高辣书屋🎃
m.xyuzhaiwu5.com,0,🚬 御宅屋,https://m.xyuzhaiwu5.com,8,2,👔 御宅屋|御宅屋🎃4
18shuku.com,0,🚬 18书库,https://www.18shuku.com,8,1,十八书库🎃
yeshuba.com,0,🔰 夜书吧,https://www.yeshuba.com,8,1,夜书吧🎃
m.yuwangshe.one,0,🚬 欲望社,https://m.yuwangshe.one,8,3,欲望社②|欲望社②|欲望社🎃4
dudukan.net,0,读读小说,http://www.dudukan.net,8,3,读读看吧|🍁 读读看|读读看小说网🎃
m.wenxuedu.net,0,文学度网🎃,http://m.wenxuedu.net#🎃,8,3,🔰 文学度网|📚 文学度网|文学度
m.shuhui8.cc,0,书汇小说(修复版),https://m.shuhui8.cc,8,1,书汇小说🎃
bixiange.top,0,笔仙阁网（发现）,https://www.bixiange.top/,8,5,笔仙阁閣|笔仙阁子|笔仙阁子|笔仙阁子|笔仙阁🎃2
xs8.cn,0,💰言情小说吧,https://www.xs8.cn,6,3,言情小说吧|言情书吧💝#南笙21.0101|言情小说吧🎃
lingdxsw.com,0,零点小说,https://www.lingdxsw.com,8,1,零点小说网🎃
m.zhangyue.com,0,🔰 掌阅书城,http://m.zhangyue.com,6,11,🔰 掌阅书城|掌阅小说|掌阅书城|掌阅书城|掌阅小说🎃
hltxt.com,0,华龙文学,https://www.hltxt.com#,8,3,🌠华龙文学|🌠华龙文学|华龙文学🎃
bqg123.net,0,笔趣阁,https://bqg123.net,7,3,聚合书库|笔趣阁#82|笔趣阁🎃64
wap.jjwxc.net,0,晋江[wap],https://wap.jjwxc.net/,8,3,晋江#3|晋江🎃#4|🔰晋江
m.shuhaiju.net,0,书海包居,https://m.shuhaiju.net#,7,2,书海包居|书海居🎃
m.po18co.com,0,PO18文学,https://m.po18co.com##文学,8,1,po18文学
qududu.com,0,👍 去读读网,https://www.qududu.com,5,1,去读读小说网
m.qidian.com,0,起点中文网,https://m.qidian.com#,8,11,起点男频|💰 起点男榜|起点中文网💰|🌈起点中文·发现（无搜索）|🌈起点中文·书架（无搜索）
motanwx.com,0,🥈墨坛文学,http://www.motanwx.com,5,2,👍 墨坛|新墨坛文学
smxiaoshuo.net,0,SM小说,https://www.smxiaoshuo.net/,6,2,🚬SM小说|SM小说🎃
lansebook.com,0,🔰 蓝海搜书,https://www.lansebook.com,8,1,蓝海搜书
popo.city,0,🔰 POPO文学,https://www.popo.city,8,2,👔 肉书屋网|PO18完本🎃
m.xyuzhaiwu3.com,0,🚬 新御宅屋,https://m.xyuzhaiwu3.com,6,1,笔趣阁🎃88
101016.xyz,0,特·101016,https://101016.xyz,6,1,内裤奇缘小说🎃
xvideos.com,0,🔞 Xvideos,https://www.xvideos.com/,6,2,🚬 Xvideos----|📺Xvideos标签版
uaa001.com,0,UAA·小说,https://www.uaa001.com,8,3,🔞UAA视|💝UAA有声|💝UAA有声
18mh.net,0,禁漫天堂,https://www.18mh.net##,2,1,禁漫天堂
api.doubi.tk,0,🍅大灰狼融合3.6.15(完全版),https://api.doubi.tk,8,1,番茄免密钥版本大灰狼
jundu8.com,0,铅笔小说,http://www.jundu8.com,8,2,🔰 铅笔小说|铅笔小说🎃
yuyouku.com,0,🍩笔趣阁yyk[自写],https://www.yuyouku.com/#xsw8093,7,2,笔趣阁🎃#32|🎉 笔趣阁
motiexs.com,0,磨铁小说,http://www.motiexs.com,8,1,磨铁小说🎃
m.douyinxs.com,0,抖音小说,https://m.douyinxs.com/,8,2,抖音小说|抖音小说🎃
api.doufuyuedu.com,0,豆腐阅读,http://api.doufuyuedu.com/##@曦灵,7,1,豆腐阅读
qiluwx.com,0,出处源-仓库齐鲁文学,https://www.qiluwx.com,8,2,齐鲁文学|齐鲁文学🎃
po18site.com,0,⭕️PO18site,https://www.po18site.com,8,1,PO18文学🎃#2
69shuba.cx,0,69书吧（自用，cloudflare验证）,https://69shuba.cx/,8,1,69书吧
x81zws.com,0,八一中文,http://www.x81zws.com/#,8,2,八一中文|八一中文网
blwenla.org,0,🌸BL文库①@任尚仁,https://www.blwenla.org/,8,2,🔰 BL文库|BL文库🎃#2
52wx.com,0,伍贰文学,https://www.52wx.com/,7,1,伍贰文学🎃
bequgew.info,0,🏵博爱书屋,http://www.bequgew.info/,8,1,笔趣阁🎃#18
cangyuantu.in,0,新御书屋,https://www.cangyuantu.in,8,1,新御书屋🎃#3
rourouwu.xyz,0,肉肉屋,https://www.rourouwu.xyz,8,1,肉肉屋🎃#2
xyushuwu.in,0,新御书屋⑫,https://www.xyushuwu.in/#🚀,8,3,新御书屋⑫|📖新御书|新御书🎃
m.quyoulai.net,0,趣又来网,https://m.quyoulai.net,7,2,🌸 趣又来网|趣又来网🎃
fapi.fanxxs.com,0,繁星小说,https://fapi.fanxxs.com,8,2,繁星小说|繁星小说
ibookben.net,0,免费电子,http://www.ibookben.net#,8,3,免费电子书|免费电子书🎃|🔰 免费电子书
wanjie5.com,0,完结屋,http://www.wanjie5.com,5,1,完结屋🎃
m.gushiwen.cn,0,古诗文网,https://m.gushiwen.cn/,8,2,📥 古诗文网|古诗文网🎃
dbxsd.com,0,🎉 独步小说,https://www.dbxsd.com,8,2,独步小说🎃|独步小说
m.po18bb.com,0,🚬 ️PO脸红心跳,https://m.po18bb.com,8,1,PO18文学🎃#17
taosexs.com,0,💝桃色小说[修复],https://www.taosexs.com,8,3,桃色小说①|桃色小说①|桃色小说🎃
m.qingting.fm,0,🎼蜻蜓FM🎼,https://m.qingting.fm/,7,2,蜻蜓FM🎃|🎼蜻蜓FM🎼
m.zjsw.org,0,🌠 爪机书屋[m],https://m.zjsw.org,8,5,🍁 爪机书屋|瓜机书屋|瓜机书屋🎃|🌠 爪机书屋[m]|🍁 爪机书屋
83zwz.com,0,状态中文,https://www.83zwz.com,7,1,83中文🎃#2
wenxue.bkneng.com,0,不可能世界,https://wenxue.bkneng.com,7,6,可能世界|可能世界|可能世界|可能世界|可能世界
m.xyuzhaiwu10.com,0,🔰 新御宅屋,https://m.xyuzhaiwu10.com,8,3,新御宅屋⑩|新御宅屋⑩|新御宅🎃
member.iqinshu.cn,0,勤书网吧,http://member.iqinshu.cn,8,4,勤书网|勤书网吧|勤书网吧|勤书网吧
m.suixkan.com,0,随心看吧,https://m.suixkan.com,8,11,👌 阅友小说|阅友小说| 阅友小说|阅友小说|随心看吧
z.dlxk.com,0,读乐星空,https://z.dlxk.com#🎃,8,2,读乐星空|读乐星空
xianqihaotianmi.org,0,言情小说,http://www.xianqihaotianmi.org/,8,1,🎉 言情小说阁
m.88xiaoshuo.net,0,88小说,https://m.88xiaoshuo.net,8,1,变化说网
qimao.com,0,七猫小说,https://www.qimao.com,8,2,七猫小说|💰七猫中文网
wap.washuwx.com,0,凡人小说网,http://wap.washuwx.com,7,1,凡人小说
m.huaban.com,2,花瓣网吧,https://m.huaban.com/,8,1,🔰 花瓣网
m.kanman.com,0,爱看漫画,https://m.kanman.com#,8,5,爱看漫画|爱看漫画|爱看漫画|看漫画M |爱优漫
book.sfacg.com,0,SF轻小说,https://book.sfacg.com#,8,10,书法轻说|书法轻说|轻菠萝包|SF轻小说[2]|菠萝包
wtzw.com,0,💰 梧桐中文 ,https://www.wtzw.com,8,11,梧桐中文|梧桐中文|📚 梧桐中文|🎀梧桐中文|梧桐中文
m.xiaobanzhu.com,0,小版主,http://m.xiaobanzhu.com/,8,4,第一版主⑦|📖小版主|🔰 小版主|小版主🎃
shubang.net,0,双语小说,http://www.shubang.net/book,7,5,双语小说|双语小说（英语）|双语小说（英文）|🌐双语小说|🌐双语小说
ibiqu.net,0,笔趣阁,http://www.ibiqu.net,8,5,🔆笔趣阁|♝ ✎笔趣阁㊿ #破冰|♝ ✎笔趣阁㊿ #破冰|笔趣阁|笔趣阁#3
app.wanshu.com,0, 绾书文学,http://app.wanshu.com,7,5,绾书文学网|绾书文学|绾书文学网|绾书文学网🎃|绾书文学🎃#2
t.shuqi.com,0,🌙 书旗小说,https://t.shuqi.com,8,3,书旗小说|书旗小说|书旗小说🎃#2
goway.reader.yueyouxs.com,0,阅友小说[apigo],https://goway.reader.yueyouxs.com/,7,3,阅友小说|阅友小说|阅友小说
fxsw.cc,0,腐小说网,http://www.fxsw.cc/,8,2,腐小说|腐小说网🎃
sma.yueyouxs.com,0,🎉 阅友小说,https://sma.yueyouxs.com,8,6,💯阅友小说|阅友小说|阅友小说|阅友小说|阅友小说
m.yueyouxs.com,0,阅友小说,http://m.yueyouxs.com,8,3,阅友小说🎃|阅友小说|阅友小说
wenxue88.com,0,文学网吧,https://www.wenxue88.com/,7,4,文学吧包|文学吧包|文学吧包|文学网吧（发现）
linovel.net,0,●輕之文庫,https://www.linovel.net#♤yc,8,14,💐 轻之文库|轻之文库|轻之文库|轻之文库|轻之文库（发现）
m.sfacg.com,0,色腐小说,http://m.sfacg.com,8,6,🎈 SF轻小说|SF轻小说|SF轻小说|SF轻小说|SF轻小说⑥
jyapi.jyacg.com,0,鲸云小说,https://jyapi.jyacg.com#yuan1107,8,6,鲸云轻说|鲸云轻说|鲸云轻说|鲸云轻说（优）|鲸云轻小说
minipapi.sfacg.com,0,🔶 SF轻小说[api],https://minipapi.sfacg.com,6,2,SF轻小说#3|SF轻小说🎃#3
nav.jijia-co.com,0,闲看小说,http://nav.jijia-co.com,8,3,闲看小说|闲看网络|闲看小说
m.1pwx.com,0,💾 书书小说,https://m.1pwx.com,8,1,书书小说🎃
m.20xs.org,0,不爱小说,https://m.20xs.org#🎃,7,1,不爱小说
m.asp1.com.cn,0,格式小说,https://m.asp1.com.cn#🎃,7,3,爱小说网|A1小说网|A1小说网🎋
so.html5.qq.com,0,🐼 松鹤庭沐🕸,https://so.html5.qq.com,8,6,QQ浏览器|前浏览器|球球览器|松鹤庭沐|●松鶴庭沐
zhonghuadiancang.com,0,📚 中华典藏,https://www.zhonghuadiancang.com,8,2,中华典藏|中华典藏
ihuaben.com,0,🎉 话本小说,https://www.ihuaben.com,8,9,话本小说|话本小说|话本小说|话本小说|话本小说
comic.mkzhan.com,0,漫客栈,http://comic.mkzhan.com#Haxc1107,6,3,漫客栈|漫客栈#2|漫客栈🎃
jjjjxsw.com,0, 爱久久小说,https://www.jjjjxsw.com,8,2,爱久久网|爱久久网🎃
api-bc.wtzw.com,0,🐱七猫小说 · 妍希,https://api-bc.wtzw.com,8,8,七猫小说|七猫小说|🧐㊝ 七猫▪︎API▪︎ ♨️|○♛七猫▪︎API|七猫小说
lsds.cn,0,🎉 连尚读书,http://www.lsds.cn,8,7,连尚读书💯|连尚读书|连尚读书|连尚读书|连尚读书
miao.qimao.com,0,奇妙小说网,https://miao.qimao.com/,8,3,奇妙小说|奇妙中文|奇妙中文🎃
88xiaoshuo.net,0,88小说,https://www.88xiaoshuo.net,7,2,妹妹小说|随便小说
book.qq.com,0,🔰 QQ阅读,https://book.qq.com,8,5,QQ阅读|💰QQ阅读|QQ阅读（女生）|扣扣阅读|QQ阅读🎃
m.idejian.com,0,🎉 得间小说②,https://m.idejian.com,8,8,👌 得间小说|👌 得间#渊呀|👌 得间小说|得间·出版|得间·男生
fiction.fengduxiaoshuo.com,0,疯读小说,https://fiction.fengduxiaoshuo.com#🎃,8,3,疯读小说|疯读小说|疯读极速
finalbooks.work,0,完本小说,https://www.finalbooks.work,8,1,完本小说网🎃
wap-test.ciweimao.com,0,刺猬猫,https://wap-test.ciweimao.com#🎃,8,2,刺猬猫|🔰 刺猬猫
app.jjwxc.org,0,晋江文学,https://app.jjwxc.org/,8,4,晋江|晋江APP|晋江app|晋江🎃
xiaxs.la,0,手机小说,http://www.xiaxs.la#,8,7,小说阅读|小说爱慕|手机小说|🎉手机TXT小说|文档小说
xapi.xinmanhua.net,0,新人漫画,https://xapi.xinmanhua.net#,8,3,新人漫画|新人漫画|新爱漫画（优）
xguolu88.com,0,果露小说🎃,https://www.xguolu88.com#🎃,8,3,果露小说|果露小说|🔰 果露小说
jingzhi5.com,0,👌 经致文学,http://www.jingzhi5.com/,8,5,🎉 经致文学|经致文学🎃|㊣经致文学 #一程1201|㊣经致文学 #破冰1101|㊣经致文学 #破冰
lnovel.tw,0,轻小说百科（繁）,https://lnovel.tw,8,1,轻小说百科（繁）
qiuxiaoshuo.org,0,求小说网,https://www.qiuxiaoshuo.org/#pb,8,10,👌 求小说网|求小说网|求小说网|求小说网|求小说网
app.shubl.com,0, 书耽小说,https://app.shubl.com,8,5,书耽小说|书耽渊呀|书耽网站|书耽小说|书耽🎃
m.enread.com,0,英语阅读（英语）,http://m.enread.com,8,2,英语阅读（英语）|英语阅读
daomubiji.com,0,盗墓笔记,http://www.daomubiji.com,6,3,盗墓笔记|盗墓笔记|盗墓笔记🎃
qiufengshuwu.com,0,秋风书屋,https://www.qiufengshuwu.com,8,2,秋风书屋|秋风书屋
m.biquge365.net,0,笔趣阁,https://m.biquge365.net,8,3,笔趣阁|笔趣阁|笔趣阁
bequgew.net,0,笔趣阁,https://www.bequgew.net#,8,3,笔趣阁|笔趣阁|笔趣阁
zkblg.com,0,🎉 笔趣阁zkblg,https://www.zkblg.com/,8,4,笔趣阁|笔趣阁|笔趣阁|笔趣阁
du00.co,0,读零小说,http://www.du00.co#,8,2,读零零小说|读零小说
96biquge.com,0,👌 96笔趣阁,https://www.96biquge.com/##@遇知,8,5,笔趣阁|笔趣阁|笔趣阁|笔趣阁|笔趣阁#43
yz4.chaoxing.com,0,超星网站,http://yz4.chaoxing.com#,8,11,超星网站|超星网站|超星网站|📚 超星图书馆|💫 超星图书#乃星714
23hh.la,0,爱尚小说,http://www.23hh.la/,7,6,爱尚小说|爱尚小说|爱尚小说|爱尚小说|爱尚小说
m.ibiqu.net,0,笔趣阁,     http://m.ibiqu.net,8,4,🍺 笔趣阁1|笔趣阁|☘️笔趣阁1☘️|笔趣阁#24
yuanzunxs.cc,0,笔趣阁子,https://www.yuanzunxs.cc/#♤pb,8,5,笔趣阁|笔趣阁|🎉 笔趣阁⑬③|笔趣阁#20|元尊小说🎃
jiumodiary.com,0,鸠摩搜书（下载）,https://www.jiumodiary.com/,5,5,鸠摩搜书（下载）|鸠摩搜书（下载）|鸠摩搜书（下载）|鸠摩搜书（下载）|📥鸠摩搜书
xsyueduw.com,0,小说阅读网,https://www.xsyueduw.com/,8,2,小说阅读|小说阅读（优）
flydoing.com,0,格格党吧,https://www.flydoing.com,8,2,格格党吧|格格党flydoing
enjing.net,0,恩京书房,https://www.enjing.net#🎃,7,1,恩京书房
1qxs.com,0,一七小说,https://www.1qxs.com,8,3,一七小说|一七小说|一七小说
wap2.xinbiquge.org,0,新笔趣阁,https://wap2.xinbiquge.org/,7,4,🎉 笔趣阁|笔趣阁|笔趣阁|笔趣阁#32
miaoquan2016.com,0,污书小屋,https://www.miaoquan2016.com,7,2,污书屋|污书屋🎃
freexiaoshuo.com,0,次元小说（下载）,http://www.freexiaoshuo.com/,8,2,免费小说🎃#2|免费小说（下载）
m.eyushuwu.com,0,新御书屋③,https://m.eyushuwu.com/#🚀,8,3,📖御书屋②|🚬 御书屋2|御书屋🎃
qubook.org,0,👌 趣书网,https://qubook.org/##@遇知,8,11,趣书网络|趣书小说|趣书小说|趣书网吧|趣书网说
api.xingliangglobal.com,0,丁逼小说,http://api.xingliangglobal.com#🎃,8,5,丁吧小说|鸡丁小说|丁丁小说|猫眼看书|🌠丁丁小说[猫眼看书]
aabook.cyou,0,疯情书库,http://aabook.cyou,8,4,🔞 疯情书库|疯情书库|疯情书库🎃|疯情书库🎃
azycjd.com,0,安之原创,http://www.azycjd.com#,6,6,安之原创|安之原创|安之原创|安之原创🎃|💰 安之原创
ddyueshu.com,0,顶点小说,https://www.ddyueshu.com/,8,2,🏆 顶点小说|顶点小说
manmanapp.com,0,漫漫漫,https://www.manmanapp.com#Haxc1107,8,3,漫漫漫画（优）|漫漫漫画|漫漫漫画🎃
kk169.org,0,穿越小说🎃,http://www.kk169.org,8,3,穿越小说|穿越小说|穿越小说
m.gulongbbs.com,0,古龙武侠,http://m.gulongbbs.com/wuxia,8,4,古龙武心|📥 古龙武侠|古龙武侠（发现）|古龙悬疑（发现）
ciyuanji.com,0,次元姬网,https://www.ciyuanji.com#🎃,8,3,次元姬网|次元姬网|🎈 次元姬
ciweimao.com,0,刺猬猫,https://www.ciweimao.com#🎃,8,5,刺猬猫|📚 刺猬猫网|刺猬猫|刺猬猫备用|刺猬猫备用🎃
iqiyi.com,0,爱奇艺漫画,https://www.iqiyi.com/manhua#,6,2,爱奇艺漫画$|爱奇艺漫画🎃
m.yuedu.163.com,0,㊣ 网易云,http://m.yuedu.163.com#♤yc,7,8,网易阅读|网易云阅读app|📖开源书源|网易云阅读|网易云
m.wpxs.cc,0,王牌小说,https://m.wpxs.cc/,8,2,王牌小说|王牌小说
m.92dxs.org,0,🔰 爱读小说,https://m.92dxs.org,8,2,爱读小说|爱读小说
auwxw.com,0,哎呦文学网(天天）,https://www.auwxw.com,8,2,哎呦文学|哎呦文学网
shengxuxu.net,0,圣墟小说,http://www.shengxuxu.net,8,1,圣墟小说
bgwxc.com,0,布咕阅读,http://www.bgwxc.com,7,6,布咕阅读|布咕阅读|布咕阅读|布咕阅读|布咕阅读🎃
m.po18wx.com,0,📖PO18脸红心跳,https://m.po18wx.com/#,8,5,📖PO18脸红心跳⑥|📖脸红心跳⑦|👔 天式从横|天式从横🎃|📒PO18脸红心跳②
api.ieasou.com,0,宜搜小说,http://api.ieasou.com#,8,6,宜搜小说|📚 宜搜小说|💰宜搜|宜搜小说app|宜搜小说🎃
yanxuanwk.com,0,盐选文库,https://www.yanxuanwk.com/,8,2,盐选文库|盐选文库
m.babahome.net,0,🎉 精华书阁,https://m.babahome.net,8,2,精华书阁|精华书阁
cqzww.com,0,🔰 传奇中文,http://www.cqzww.com/,8,3,传奇中文|🎉 传奇中文|传奇中文🎃
m.shubl.com,0,书耽中文,http://m.shubl.com#,8,7,书耽中文|书耽一程|书耽一程|书耽小说|书耽中文
m.xiaoshuo520.com,0,💰开源书源,https://m.xiaoshuo520.com/,5,3,小说520|爱情小说|小说520🎃
duread8.com,0,独阅读网,https://www.duread8.com,7,2,独阅读网|独阅读网🎃
hongxiu.com,0,📚 红袖添香,https://www.hongxiu.com/,8,9,红袖添香|红袖添香|红袖添香|红袖添香④|红袖添香⑦
bsxiaoshuo.com,0,🔰 笔尚小说,https://www.bsxiaoshuo.com,8,5,笔尚小说|㊣ 笔尚小说 #一程|笔尚小说|笔尚小说🎃#2|㊣ 笔尚小说 #一程1101
heiyan.com,0,黑岩小说,http://www.heiyan.com,8,14,🎀黑岩小说|黑岩阅读|黑岩阅读|黑岩小说#玄奇|🛍︎黑岩阅读
zmtt.net,0,读书阁吧,http://www.zmtt.net#🎃,8,4,读书阁吧|读书阁子|读书阁呀|读书阁渊
haitang123.com,0,海棠书屋,https://www.haitang123.com#🎃,8,2,海棠|👔 海棠书屋
w2.heiyan.com,0,黑岩小说🎃,https://w2.heiyan.com,7,3,黑岩小说|黑岩小说②[w2]|黑岩小说
bookshelf.html5.qq.com,0,⭐️ 企鹅阅读,https://bookshelf.html5.qq.com,8,4,QQ阅读app|书城|看点阅读|书城🎃
book.tiexue.net,0,🔰 铁血读书,https://book.tiexue.net,7,5,铁血读书|💰 铁血读书|铁血读书|🔰 铁血读书|铁血读书🎃
m.fuzhaiwu.net,0,腐宅屋,http://m.fuzhaiwu.net#,8,2,🔰 腐宅屋|腐宅屋🎃
cread.com,0,中文万维,http://cread.com#,8,4,中文万维|中文万维（优）|中文万维🎃|💵 中文书城
pyzht.com,0,鄱阳镇庭,https://www.pyzht.com,8,3,鄱阳镇庭🎃|宝文书库|鄱阳镇庭
35xss.com,0,闪舞小说,https://www.35xss.com/,8,3,闪舞小说|闪舞小说|闪舞小说
deqixs.com,0,得奇小说,https://www.deqixs.com,8,3,得奇小说|得奇小说|得奇小说🎃
m.bixiange.me,0,笔仙阁子,http://m.bixiange.me,8,5,钱笔仙阁|笔仙阁吧|笔仙阁网|笔仙阁🎃|笔仙阁
jiqinw.com,0,腐小说,http://www.jiqinw.com,8,8,♜腐小说|📖腐小说|👔 腐小说网|腐小说|🍑 腐小说
m.zhizihuan.com,0,栀子欢网,http://m.zhizihuan.com,8,5,栀子欢网|栀子欢网|㊣栀子欢 #一程|㊣栀子欢 #一程|栀子欢网🎃
app.wenku8.com,0,🎉 轻小说文库,http://app.wenku8.com,8,1,轻小说文库🎃
oneceng.com,0,万层中文,http://www.oneceng.com,8,4,📚 万层中文|万层中文|万层中文|万层中文🎃
yizhiqc.com,0,一纸倾城,https://www.yizhiqc.com#,5,2,一纸倾城|一纸倾城🎃
kandzww.com,0,看点小说（登录）,https://www.kandzww.com#,7,3,看点小说（登录）|看点|看点中文网🎃
zggdwx.com,0,中国古典,https://www.zggdwx.com/,8,3,中国古典|古典文学|中国古典文学🎃
yeshuyuan.com,0,夜书文苑,https://www.yeshuyuan.com#🎃,8,2,夜书文苑|🚬 夜书文苑
xiaoshuo.uc.cn,0,UC小说,http://xiaoshuo.uc.cn,8,5,阿巴小说|狐狸小说| UC小说 #一程1101|🌻UC小说2|UC小说🎃
dkmi.com,0,多看阅读,https://www.dkmi.com,8,4,多看阅读|多看阅读|🛍︎多看阅读|多看阅读🎃
m.kuaikanmanhua.com,0,快看漫画,http://m.kuaikanmanhua.com#,6,6,快看漫画|快看漫画 #一程|快看漫画①|快看漫画2|快看漫画🎃
haipu-xs.com,0,海普文学,https://www.haipu-xs.com#,8,2,海普文学|海普文学🎃
3uxiaoshuo.com,0,三优小说,https://www.3uxiaoshuo.com#🎃,8,4,三优小说|三优小说|三优小说|三优小说
sjks88.com,0,💠 手机看书,https://www.sjks88.com,8,5,手机看书|手机看书|手机看书|💡 手机看书|手机看书#南笙21.0101
po18e.vip,0,🚬 肉文屋,https://www.po18e.vip,8,1,PO18文学🎃#4
m.1qxs.com,0,一七小说,https://m.1qxs.com,8,3,包七小说|一七小说|一七小说 静白校验搬运其他渠道去除防伪
m.wufazhuce.com,0,单本阅读,http://m.wufazhuce.com/,8,3,一个阅读|一个阅读|一个阅读
bimidu.com,0,笔迷读吧,https://www.bimidu.com,8,4,笔迷读吧|笔迷读吧|笔迷读吧|笔迷读
yodu.org,0,📚 有度中文,https://www.yodu.org,8,14,💬有度中文|有度中文|有度中文|有度中文|有度中文
yqxz.org,0,言情小筑,https://www.yqxz.org,8,3,言情小筑（发现）|言情小筑|言情小筑#2
duokan.com,0,多看阅读,https://www.duokan.com#,8,3,🔰 多看阅读|多看阅读|多看阅读🎃#2
apps.jjwxc.net,0,☘️晋江文学城☘️,https://apps.jjwxc.net,8,2,晋江文学#2|晋江文学🎃#2
wap.fdsrxx.com,0,巅峰小说,https://wap.fdsrxx.com,8,2,巅峰小说|巅峰小说🎃
yueleshow.com,0,🔰 书农小说,http://www.yueleshow.com,7,3,书农小说|书农小说|书农小说🎃
po18yq.com,0,PO18文学🔞,https://www.po18yq.com/#🚀,8,5,脸红心跳|👔 脸红心跳|十八言情|十八言情|📖PO18文学⑦
m.lamei2.com,0,🔰 辣妹小说,https://m.lamei2.com,8,2,辣妹小说🎃|辣妹小说
texasreadyblog.net,0,🔰 800小说,https://www.texasreadyblog.net,8,1,🍩800小说[自写]
doupocangqiong.info,0,斗破苍穹,http://www.doupocangqiong.info,7,1,斗破苍穹小说网🎃#2
ruoxia.com,0,🔰 若夏网,http://www.ruoxia.com,5,3,若夏|若夏网网|若夏网网🎃
ruochu.com,0,若初文学,http://www.ruochu.com#嘚嘚21.0201,8,8,若初文学|若初文学|若初文学|若初文学|若初文学
dushu.baidu.com,0,💰  百度小说,https://dushu.baidu.com,8,5,百度小说|百度小说|百度小说 #一程|㊣ 百度小说 #一程1101|百度小说🎃
s30007.zhongyue001.com,0,👌 灯读文学,https://s30007.zhongyue001.com,8,3,灯读文学|灯读文学[api全文]|灯读文学🎃
m.bqg199.com,0,笔趣阁,https://m.bqg199.com,8,1,笔趣阁🎃#85
music.liuzhijin.cn,1,音乐-千千,https://music.liuzhijin.cn#千千,3,3,音乐-千千|音乐-荔枝|📻 5 SING
aiqu222.com,3,🍊爱去小说,http://www.aiqu222.com##可下,6,1,🔰 爱去小说
android.jjwxc.net,0,🔰 晋江,http://android.jjwxc.net,8,8,晋江文学城|晋江文学|晋江文学|晋江|晋江APP端
kuimh.com,2,酷爱漫画,https://www.kuimh.com,8,4,🎨 酷爱漫画 #Haxc|🎨 酷爱漫画  #一程|✐ 酷爱漫画  #一程|✐ 酷爱漫画 #Haxc1107
uaa.com,1,UAA有声,https://www.uaa.com/api/audio/app/audio/,8,1,📻 UAA有声
m.bxwxue.com,0,笔下文学,https://m.bxwxue.com,8,1,笔下文学🎃#5
m.cread.com,0,中文书城,https://m.cread.com/,8,4,中文书城🎃|📚 中文书城|💵 中文书城|💯 中文书城
yetianlian.cc,0,🍎夜天连看cc,http://www.yetianlian.cc,7,2,夜天连看|夜天连看🎃#3
xapi.xinmanhua.net,2,新人漫画,https://xapi.xinmanhua.net,8,1,新人漫画
199.33.126.51,0,同人圈子,http://199.33.126.51/,8,5,包同人圈|同人圈吧|同人圈🎃|同人圈🎃|📃同人
m.kanman.com,2,爱看漫画（配置）,https://m.kanman.com,8,2,看漫画吧|爱看漫画
bookbenx.cc,0,新书本吧,http://www.bookbenx.cc,8,1,新书本吧🎃
mianfei22.com,0,找书神器,https://mianfei22.com#🎃,7,2,找书神器|找书神器
m.23hh.la,0,爱尚小说,https://m.23hh.la,8,1,爱尚小说
xshumilou.net,0,新书迷楼,http://www.xshumilou.net#,8,1,新书迷楼
api-cdn.kaimanhua.com,2,全免漫画,https://api-cdn.kaimanhua.com/,8,2,全免漫画|🎨全免漫画
m.dm5.com,2,漫画小屋,https://m.dm5.com,7,1,动漫屋-M
jjmhw.cc,2,🏆 久久动漫,https://www.jjmhw.cc/,8,1,🏆 久久漫画
m.2kxsw.com,0,🎉 二 K 小说,https://m.2kxsw.com,8,4,唔小说网|🎉2k小说网①|🍺 2K小说|👾2K小说
m.6yueting.com,1,📻 6月听书网,http://m.6yueting.com,8,5,六月听书 #pb|六月听书 #pb|六月听书 #pb|6月听书网1（天天）(api)|📻 6月听书网1
m.miaobige.com,0,妙笔阁吧,https://m.miaobige.com,8,1,妙笔阁🎃
xiaoqiangla.com,0,小强小说网,https://www.xiaoqiangla.com/,8,2,小强小说|小强小说网🎃
m.ysts.cc,1,📻 有声听书,https://m.ysts.cc/##@遇知,8,3,有声听书网|有声听书|📻 有声听书网 
yuyouge.com,0,笔趣阁,https://www.yuyouge.com,8,1,笔趣阁
m.hltxt.com,0,华龙文学,https://m.hltxt.com,8,2,华龙文学|华龙文学🎃
mgyqw.com,0,玫瑰言情,http://www.mgyqw.com,7,4,玫瑰言情|玫瑰言情网|玫瑰言情网🎃|玫瑰言情网🎃
20xs.org,0,好看小说,https://www.20xs.org/,8,6,🔰 帅逼小说|二零小说|二宝小说|二宝小说🎃|20小说网
wbxs.org,0,爱阅读🇨🇳,https://www.wbxs.org/,7,2,完本小说|完本小说🎃
qqduw.com,0,❄趣读小说,https://www.qqduw.com/##@鱼,8,5,趣读网|✨趣读小说|趣读小说|趣读小说|趣读小说🎃
zxcs.info,0,知轩藏书（下载）,http://www.zxcs.info/##@鱼,4,7,知轩藏书（下载）|📥知轩藏书 #关耳|🎀知轩藏书|知轩藏书|📥 知轩藏书
m.ting55.com,1,恋听网站,https://m.ting55.com/,8,2,恋听网吧|📻 恋听
0794r.com,0,🍊虫虫书屋,http://www.0794r.com##修正,8,3,虫虫书屋<0794r>|虫虫书屋🎃|虫虫书屋<0794r>
lcread.com,0,连城读书,http://www.lcread.com,8,1,连城读书
m.yqxz.org,0,言情小筑,https://m.yqxz.org,7,3,言情小筑|言情小筑|言情小筑🎃#2
tiantangxiangzuoshenzhenwangyou.qwyd.net,0,天堂深圳,http://tiantangxiangzuoshenzhenwangyou.qwyd.net/,7,1,天堂深圳
m.yqkxs.com,0,不看小说,http://m.yqkxs.com,8,1,一起看小说🎃
9comic.cn,2,好看漫画,https://www.9comic.cn/,8,1,好看漫画
txt520.com,0,辣小说网,https://www.txt520.com/,8,7,🎉 TXT520|txt520|txt520小说🎃|五二零同人°|爱你小说
m.yuzhaiwen.com,0,🔞 新御书屋,https://m.yuzhaiwen.com#一程,6,3,燕子书屋|📖 燕子书屋|燕子书屋🎃
wap.po18.work,0,po18文学,https://wap.po18.work/,8,1,po18文学
novel.html5.qq.com,0,🎉 QQ浏览器,https://novel.html5.qq.com,7,2,QQ浏览器|QQ浏览器🎃#2
m.kandzww.com,0,看点中文,https://m.kandzww.com,7,1,看点中文🎃
m.kk169.net,0,穿越小说🎃,http://m.kk169.net,8,3,穿越小说|穿越小说|🍁 穿越小说
m.haitangxiaoshuo.com,0,🍊 海棠小说,https://m.haitangxiaoshuo.com,5,2,海棠小说|海棠小说🎃
xxsy.net,0,潇湘书院,https://www.xxsy.net/,8,6,潇湘书院|潇湘书院🎃|💗潇湘书院|📚 潇湘书院|✾+㊣潇湘书院 
m.xxsy.net,0,潇湘书院,https://m.xxsy.net,8,1,潇湘书院🎃#2
fuciyuanbang.ciyuans.com,1,音乐-潇社,http://fuciyuanbang.ciyuans.com/,4,1,音乐-潇社
m.xinqiaoxs.com,0,🔍新桥小说,https://m.xinqiaoxs.com,8,1,新桥小说
shenyebook.com,0,深夜看书,https://www.shenyebook.com/,8,4,深夜看书|深夜看书|深夜看书🎃|深夜书屋
qidiantu.com,0,起点图⛎⭕️🏀,https://www.qidiantu.com/,8,3,🐼 起点图|🔆起点图|起点图🎃
ubook.reader.qq.com,0,QQ阅读_By-[曦灵],https://ubook.reader.qq.com/  ##-By[曦灵,8,5,🎉QQ阅读-[曦灵]|🎉 QQ阅读|QQ阅读（手机版）|🎉 QQ阅读|QQ阅读🎃#2
gaysay.com,0,💐 基友书屋,https://www.gaysay.com,8,3,测试专用|基友书屋1|基友书屋
tu93.net,0,兔九三网,https://www.tu93.net#🎃,8,3,兔九三网|兔九仓库|爱兔九三
wx.voxpie.com,0,面包听书（下载）,http://wx.voxpie.com#🎃,4,3,面包聆听（下载）|📻 面包听书|面包FM
api.doufu.me,0,豆腐阅读,http://api.doufu.me,7,1,📚 豆腐阅读
du00.org,0,读零零喔（发现）,http://www.du00.org/,8,2,读零零喔（发现）|读零零小说
tinghao8.com,0,🔞 挺好的,https://www.tinghao8.com,8,1,挺好的
qmbook.taoyuewenhua.net,0,全免小说,http://qmbook.taoyuewenhua.net/##@遇知,8,4,淘悦文化|全免小说|全免小说|全免小说🎃
m.zhanvxs.cc,0,🔰 渣女小说,http://m.zhanvxs.cc,8,1,渣女小说🎃
so.itingwa.com,1,听蛙,https://so.itingwa.com#芜恙,2,2,📻 听蛙搜索|📻 听蛙音乐
m.x33yq.org,0,三三言情,https://m.x33yq.org,8,3,姗姗言情|33言情🎃|🍁三三言情
qbiqus.com,0,笔趣阁网,http://www.qbiqus.com/,5,2,笔趣阁网|笔趣阁🎃#63
api.wanshu.com,0,💰 绾书文学,https://api.wanshu.com,8,7,绾书文学| 绾书文学|绾书文学|绾书文学|绾书文学
m.kuaikanmanhua.com,2,🎨快看漫画💰,http://m.kuaikanmanhua.com,8,2,🎨 快看漫画$|✐ ㊣快看漫画M #Haxc
m.hetunxs.com,0,🔰 河豚小说,http://m.hetunxs.com,8,2,⭐️河豚|📖 河豚小说
m.lanwen.org,0,兰文网吧,https://m.lanwen.org,8,1,兰文网吧
m.tingroom.com,0,英语资源（英语）,http://m.tingroom.com/,8,1,🌐英语资源技巧
haitangshufang.com,0,🔰 海棠书屋,https://www.haitangshufang.com,8,1,海棠书房🎃
m.xiaojiaren.com,0,笑佳人文学,https://m.xiaojiaren.com/,7,3,笑佳人|翾嘉染晚|翾嘉染晚🎃
touchlife.cootekservice.com,0, 追光阅读,http://touchlife.cootekservice.com,8,5,追光阅读|疯读小说|🌸疯读小说|疯读小说|扎堆小说
mkzhan.com,2,漫客栈,https://www.mkzhan.com,8,2,🎨 漫画客栈|漫客栈
xiang5.com,0,香网搜索,http://www.xiang5.com,8,7,香网🎃|香网女频|香网搜索|香网小说|香网一程
kakuyomu.jp,0,风扇枕说（日语）,https://kakuyomu.jp/,7,1,📻 kayuyomu
m.ac.qq.com,2,腾讯漫画,https://m.ac.qq.com,8,5,腾讯漫画|腾讯漫画  #一程|🎨 腾讯漫画  #一程|🎨 腾讯漫画 |✐ ㊣腾讯漫画📱 #Haxc
hanwujinian.com,0,📚 寒武纪年,https://www.hanwujinian.com,6,7,💰寒武纪年|寒武纪年|💰 寒武纪年2|📚 寒武纪年|寒武纪年
powenxue3.com,0,肉文ＮP,https://www.powenxue3.com,8,4,肉文NP①|🚬 肉文NP|📖肉文N P ①|肉文NP🎃
mxshm.top,0,✐韩国漫画 #一程▼需挂梯,http://www.mxshm.top#yc1101,6,1,韩国漫画②
yuzhaiwen.com,0,🔞 御宅文,https://www.yuzhaiwen.com,6,2,🔞 御宅文|御宅文🎃
ymxwx.com,0,衍墨轩吧,http://www.ymxwx.com/,7,2,衍墨轩🎃|衍墨轩
yunshuzw.com,0,🔰 云书小说,http://yunshuzw.com,8,1,⌨云书小说
m.aguxs.com,0,🔰 阿姑小说,http://m.aguxs.com/,8,2,📃阿姑小说网手机版|阿姑小说网手机版🎃
m.123du.vip,0,👌 123读书[尐哖],https://m.123du.vip##@尐哖,8,3,🎉 123读书|🎉 123读书|读书网络
23sk.net,0,天籁小说,https://www.23sk.net,8,2,天籁小说|天籁小说
00xiaoshuo.net,0,00小说网,https://www.00xiaoshuo.net/,8,1,🌸 00小说网④
xlewen.org,0,乐文小说⑦,https://www.xlewen.org/,8,1,📖 乐文小说
diyibanzhu444444.com,0,🔰 第一版主,https://www.diyibanzhu444444.com/,8,2,第一版主🔞| 第一版主🕮
oldtimescc.com,0,旧时光,https://www.oldtimescc.com#,6,4,旧时光文学|旧时光吧|🍊旧时光|旧时光🎃
souxs.leeyegy.com,0,笔趣阁▪︎API,https://souxs.leeyegy.com#md-yuan11,8,7,🌾色彩夏书|笔趣阁|笔趣阁A25|笔趣阁a|猴子阅读②笔趣阁
qu-la.com,0,☘️笔趣阁4☘️,http://www.qu-la.com#响海,8,4,笔趣阁qu-la.com #迷迭  蜡笔|笔趣阁|🎈笔趣阁qu-la|✎ 笔趣阁
m.51eshu.com,0,无忧小说,https://m.51eshu.com,8,1,无忧小说网(和其他不一样)
ikanshuba.com,0,爱看书吧,http://www.ikanshuba.com/,8,2,🎉 爱看书吧|爱看书吧③
shoujixs.net,0,手机小说🇨🇳,https://www.shoujixs.net,8,2,手机小说🎃|手机小说
api.acg.gd,2,亲亲漫画,http://api.acg.gd,6,2,亲漫|✐ 🔥亲亲漫画 #Haxc
wap.qiliuwx.org,0,⭐️7766小说🔞,http://wap.qiliuwx.org,8,1,文啦小说
novelapi.kpkpo.com,0,📃笔趣阁9x,https://novelapi.kpkpo.com/h5/,8,3,笔阅读器|笔阅读器|笔趣阁9x🎃
m.baihexsw.com,0,🎉 百合小说,http://m.baihexsw.com,6,1,百合小说
api.kuduwxw.com,0,青羽阅读,http://api.kuduwxw.com/,6,2,青羽阅读app|🌸青羽阅读
bestgirlsexy.com,2,🔥BestGirlSex⚠️看注释,https://bestgirlsexy.com,8,1,🔥BestGirlSex⚠️看注释
m.43kanshu.com,0,📖 四三看书,http://m.43kanshu.com,8,1,生命看书（发现）
crxs.me,0,成人小说,https://crxs.me,8,2,成人小说网🎃|成人小说
win10city.com,0,🔰 桃色小说,https://www.win10city.com,8,4,㊕ 欲望社 #一程1101|桃色小说②|🔞 欲望社|欲望社🎃
api.pigqq.com,0,笔趣阁 api,https://api.pigqq.com/,8,1,🌟 千千小说
zmccx.com,0,天域小说,https://www.zmccx.com/#♤pb,8,8,天域小说|天域小说|天域小说|天域小说|天域小说
5165.org,0,大悟读书（发现）,https://5165.org#yc1101,3,2,㊞ 大悟读书 #一程|大悟读书（发现）
cn.ttkan.co,0,🍁天天看书,https://cn.ttkan.co/##@遇知,8,7,天天小说|天天看书(部分章节打不开)|🌠天天看书|⚡ 天天看书|天天小说
m.longtengxiaoshuo.org,0,🔞📖龙腾小说城,https://m.longtengxiaoshuo.org,8,1,龙腾小说城🎃
qbtr.me,0,全本同人,https://www.qbtr.me/,8,4,全本同人|全本同人|全本同人|全本同人小说
bxwx.la,0,笔下文学,https://www.bxwx.la/,7,1,🎉 笔下文学
369book.cc,0,🎉 三六九网,https://www.369book.cc,8,7,369小说网|369小说🎃|三六九网🎃|皮丘小说|369小说网🎃
shoujix.com,0,手机小说,https://www.shoujix.com,8,2,手机小说|手机小说
tianlai01.com,0,天籁小说网,https://www.tianlai01.com,6,1,天籁小说网🎃
bequgew.com,0,♜ 笔趣阁,https://www.bequgew.com/#♤pb,8,6,笔趣阁|笔趣阁|笔趣阁|笔趣阁|笔趣阁
23qb.com,0,铅笔小说,https://www.23qb.com/,8,3,📝铅笔小说[自写]|🎉 铅笔小说|铅笔小说🎃#2
api.leeyegy.com,0,猴子阅读api[修复],https://api.leeyegy.com/,6,1,猴子阅读
m.soushuwang.cc,0,源社区出品-笔趣阁,https://m.soushuwang.cc,8,1,搜书网站
biqudu.tv,0,笔趣读吧,http://www.biqudu.tv,7,1,笔趣读阅
siluke.com,0,思路小子（优）,http://www.siluke.com,8,5,💯思路客书吧|♜+思路客③ #破冰1101|思路客|思路客|🎉思路客💙💙💙siluke.com
cxb-pro.cread.com,0,免费追书,https://cxb-pro.cread.com/##@遇知,8,5,爱看书网|爱看书网|免费追书| 爱看书|爱看书吧
souxs.pigqq.com,0,笔趣阁[apip],https://souxs.pigqq.com/,6,2,📓笔趣阁|🌾色彩夏书
ddxs.com,0,顶点小说(test-修复跳转）,https://www.ddxs.com/,6,4,🎉顶点小说💜💜💜速|顶点小说 ddxs|顶点小说|【顶点小说】
39txt.com,0,笔趣阁,http://www.39txt.com/,7,3,笔趣阁|爱爱书包|笔趣阁#44
9sct.com,0,📡 笔趣阁9sct[仅发现],https://9sct.com,1,1,免费小说网
m.aitbooks.com,0,📖艾途小说网@半成品,https://m.aitbooks.com/,8,2,🎉 艾途小说|艾途小说🎃
xbiqugeo.com,0,新笔趣阁,http://www.xbiqugeo.com/,8,1,新笔趣阁
biqule.net,0,笔趣阁,http://www.biqule.net,8,3,笔趣阁④🥉|笔趣阁103（发现）|笔趣阁🎃#9
m.yundu9.com,0,云读小说,https://m.yundu9.com,8,2,云读小说|云读小说网🎃
92xs.info,0,🎉 就爱文学,http://www.92xs.info,8,1,就爱文学🎃
m.xbiqugeo.com,0,新笔趣阁,http://m.xbiqugeo.com/##@鱼,6,1,新笔趣阁o
m.bqg70.com,0,笔趣阁70,https://m.bqg70.com,6,1,笔趣阁🎃#49
zei8.vip,0,贼吧小说（下载）,https://www.zei8.vip/,8,3,贼吧小说（下载）|贼吧小说（下载）|贼吧小说🎃
81zw2.com,0,八一中文,https://www.81zw2.com#🎃,7,1,八一中文
changheapi.chzww.cn,0,长河阅读,https://changheapi.chzww.cn,6,1,长河阅读
m.seyours.com,0,笔趣阁#68,https://m.seyours.com#,6,2,笔趣阁25|笔趣阁🎃#95
noveless.com,0,书荒部落（下载）,https://noveless.com/,8,6,书荒部落（下载）|书荒部落（下载）|书荒部落（下载）|书荒部落（下载）|书荒部落（下载）
rstxt.com,0,🚬 肉电子书-δ,http://www.rstxt.com,8,3,📖肉电子书|肉电子书|肉电子书-δ🎃
50zw.so,0,武林中文网,https://www.50zw.so,7,1,武林中文网🎃
m.bqg228.com,0,笔趣阁38,https://m.bqg228.com,6,2,笔趣阁228🎃|笔趣阁[228]
shenyekanshu.com,0,🈲深夜看书,https://www.shenyekanshu.com,6,1,深夜看书
bbiquge.cc,0,🍁笔趣阁㊾①,https://www.bbiquge.cc/,6,7,♜ ✎笔趣阁㊾ #破冰|♜ ✎笔趣阁㊾ #破冰1101|笔趣阁⑤|Ⓐ 笔趣阁③|Ⓐ 笔趣阁⑤
jishuge.vip,0,🔰 集书阁,https://jishuge.vip,8,2,集书阁网|集书阁🎃
m.rishuwu.com,0,🚬 肉书屋,https://m.rishuwu.com,7,2,肉书屋|肉书屋🎃
bbiquge.com,0,笔趣阁 bbiquge,https://www.bbiquge.com/,7,3,笔趣阁bbiquge|笔趣阁③|笔趣阁🎃#33
maojiuxs.com,0,猫九小说,http://www.maojiuxs.com,8,4,猫九小说|猫九小说|猫九小说|猫九小说🎃
yydsxs.com,0,🙈YYDS小说,http://www.yydsxs.com,8,3,永远的神小说|🔞 永远的神小说 |永远的神小说🎃
m.richvv.com,0,精华书阁🇨🇳,https://m.richvv.com,8,3,精华书阁|精华书阁|精华书阁
xs.pigqq.com,0,笔趣阁[xs],https://xs.pigqq.com#ag2s,6,1,🎉 笔趣阁③
m.egyguard.com,0,笔趣阁100,https://m.egyguard.com,6,1,笔趣阁🎃#43
ranwenxs.net,0,♠ 燃文小说②,https://www.ranwenxs.net/,6,1,燃文小说
wap.haitangshuwu.vip,0,海棠书屋2,https://wap.haitangshuwu.vip,5,1,👔 海棠书屋
m.bqg234.com,0,笔趣阁32,https://m.bqg234.com,6,1,笔趣阁🎃#99
zhuishushenqi.com,0,🛍︎追书神器,https://www.zhuishushenqi.com/,8,10,🎉 追书神器|追书神器|追书神器|追书神器|追书书单（推荐）
qishuzw.com,0,👍 奇书中文网,https://www.qishuzw.com/,6,3,奇书中文|奇书中文|奇书中文🎃
lwkk.xyz,0,🍑老王看书,https://lwkk.xyz,6,1,老王小说
52ggdxs.com,0,格格党网[自写],https://www.52ggdxs.com/m/,8,2,📖 格格党网|⭐格格党手机版
m.lazhaiwu.com,0,🎉 笔趣阁,https://m.lazhaiwu.com,8,3,落宅小说|👔 笔趣阁网|落宅小说🎃
yuwangshe.net,0,欲望社,http://www.yuwangshe.net,7,3,📖 欲望社网|欲望社🎃|欲望社网🎃
po5.net,0,五二书库🥈,https://www.po5.net#🎃,7,3,五二书库|五二书库|五二书库
kptxt.com,0,靠谱小说,http://www.kptxt.com,7,2,靠谱小说|靠谱小说🎃
m.pingshuku.com,0,💠 哇啊书库,http://m.pingshuku.com,7,2,哇啊书库|56书库
m.roushuwu7.com,0,📖肉书屋7,https://m.roushuwu7.com/#,8,3,🔖肉书屋② 由静白校验，如果搬运其他渠道|肉书屋 #一程|🔞 肉书屋
m.xdybz.com,0,🔞第一版主,https://m.xdybz.com,8,5,第一版主④|📖第一版主|📖第一版主⑥|📖第一版主⑥|第一版主🎃
ytxs.cc,0,🔞亚太小说,https://www.ytxs.cc,8,1,🔞亚太小说
m.aiquxs.com,0,爱去小说,https://m.aiquxs.com,8,1,📃爱去小说
m.bqg18.cc,0,笔趣阁18,https://m.bqg18.cc/,6,2,📦 笔趣阁②|笔趣阁🎃#20
m.scamssm.com,0,🚬 广安中文网,http://m.scamssm.com,8,1,🔰 广安中文网
m.23sk.net,0,🍁 天籁小说,https://m.23sk.net/,8,2,🍁 天籁小说|🎉 笑傲文学
wu-cp.com,0,无交流窝,http://www.wu-cp.com/,8,4,㊣ 无CP交流 #一程|无CP交流窝|无CP交流窝|无CP交流窝🎃
chunyushuwu.com,0,🌸春雨书屋,https://www.chunyushuwu.com,8,2,春雨书屋|春雨书屋
lwxstxt.com,0,乐文小说,http://www.lwxstxt.com,7,2,乐文小说🎃|💠 乐文小说网
longtengxiaoshuo.org,0,🔰 龙腾小说城,https://www.longtengxiaoshuo.org,6,1,龙腾小说
baigujing001.com,0,👔 棉花糖网,https://www.baigujing001.com,6,2,㊕ 宝文吧 #一程|㊕ 宝文吧 #一程1101
wap.qiliuxs.com,0,🚬 7766小说网18,http://wap.qiliuxs.com,8,2,📖 七六小说|7766小说网🎃
m.bqg119.com,0,笔趣阁,https://m.bqg119.com,8,2,笔趣阁[119]|笔趣阁🎃#31
aiquxs.com,0,🎉爱去小说网,https://www.aiquxs.com/,5,3,爱去小说|♜爱去小说网① #破冰1101|♜爱去小说网① #破冰
baimalou.com,0,白马楼,https://www.baimalou.com,6,2,㊕ 白马楼 #一程1101|㊕ 白马楼 #一程
86dushu.com,0,🔰 86读书,http://www.86dushu.com,8,2,板栗读书|86读书🎃
zgbnt.com,0,笔趣阁,https://www.zgbnt.com,7,2,笔趣阁|笔趣阁65
douban.com,0,🌾豆瓣·日记,https://www.douban.com/,8,7,豆瓣·日记|🌾豆瓣·日记|豆瓣读书▪︎书评|豆瓣读书|豆瓣读书
rwsk.net,0,💠 人文书库,http://www.rwsk.net,6,1,㊕ 人文书库 #一程1101
8kbook.com,0,🔰 八块小说,http://www.8kbook.com,8,1,📖 八块小说
m.ya49.com,0,PO18文学⑭,https://m.ya49.com/#🚀,8,4,PO18文学⑭|📖PO18文|📖PO18文学⑩|P18文学
api.yousuu.com,0,🐬开源书源,https://api.yousuu.com/,6,10,优书网| 优书网api▪书评 ♛♛♛  关键词 |优书书评|💫榜单数据|优书网吧（评论）
ebookbao.org,0,书包网,https://www.ebookbao.org/,8,2,🔖书包网|Ⓐ 书包网
58kanshu.cc,0,🎉 58看书网①,https://www.58kanshu.cc,6,2,🎉58看书网①|🔰 58看书网
3e3m.com,0,藏经阁吧,https://www.3e3m.com/,8,1,🚬 藏经阁
m.kushuge.com,0,酷书阁子,http://m.kushuge.com/,8,2,酷书阁子|酷书阁
560xs.com,0,🎉五六小说网,http://www.560xs.com/,5,1,🎉 560小说网
botaodz.com,0,快眼看书,http://www.botaodz.com,7,2,快眼看书🎃|快眼看书🥈
dushu.com,0,读书网吧（极）,https://www.dushu.com/,8,9,读书网吧|读书社科|读书国学|读书网说（哲学）|读书网吧
ttshu8.org,0,天天书吧,http://www.ttshu8.org#wy18-1001,7,3,天天书吧|天天书吧|天天书吧
54zw.cc,0,54中文网,https://www.54zw.cc/,2,1,54中文网
22mt.net,0,墨坛文学（发现）,http://www.22mt.net,8,2,🍩墨坛文学[自写]|墨坛文学
50zww.net,0,武林中文,https://www.50zww.net/,8,5,武林中文|🧐武林中文④ #破冰♨️|♜-武林中文④ #破冰1101|Ⓐ 武林中文①|✾.Ⓐ 武林中文② #未月十八1001
m.rouwenge.com,0,👔 肉文阁网,https://m.rouwenge.com/,8,4,肉文阁②|肉文阁①|📖肉文阁①|肉文阁🎃
pbtxt.me,0,平板电子书网,http://www.pbtxt.me,6,1,平板电子书网🎃
i7wx.net,0,爱奇文学（发现）,http://www.i7wx.net/,8,5,爱奇文学|爱奇文学| 爱奇|👍 爱奇|🎉 爱奇
mm.xyuzhaiwu.xyz,0,新御宅屋②,https://mm.xyuzhaiwu.xyz/#🚀,8,3,新御宅屋②|御宅屋③|新御宅屋🎃
quanbenba.com,0,全本小说,https://www.quanbenba.com/,7,3,全本小说|全本小说|全本小说🎃
xs5200.com,0,全本小说,http://www.xs5200.com/,8,4,全本小说5200🎃|🔖全本小说⑤|全本小说2|全本小说20
m.roushuwu.com,0, 肉书屋,https://m.roushuwu.com,8,5,🚬 肉书屋|肉书屋①|肉书屋①|📖肉书屋| 肉书屋 #一程
m.rr3r.com,0,三千五中文网,http://m.rr3r.com/,7,1,冉冉散热
po18gw.com,0,📖PO18文学③,https://www.po18gw.com,6,2,PO18⑧|👔 PO18网
iswsk.com,0,圣武书库,https://www.iswsk.com/,7,9,圣武书库|🐑圣武书库|🔰 圣武书库|📥 圣武书库|圣武书库（下载）
luoqiu.io,0,落秋中文,http://www.luoqiu.io/,8,8,落秋小说|落秋小说|落秋小说|落秋中文|♜落秋中文⑤ #破冰
tianshuwx.com,0,广安中文,http://www.tianshuwx.com/,8,3,广安中文|广安中文|广安中文
biquge.city,0,🔷 笔趣阁,https://www.biquge.city,6,1,笔趣阁
fengyu.cc,0,📖 风雨小说,https://www.fengyu.cc,6,5,○♝+风雨小说 #一程|♜风雨小说① #破冰1101|风雨小说🎃|👍 风雨小说①|风雨小说
xiongmaoxy.com,0,熊猫小说网,https://www.xiongmaoxy.com#,6,3,熊猫小说|熊猫小说网|熊猫小说🎃
xyshu8.com,0,星月书吧,https://www.xyshu8.com,7,8,星月书吧|星月书吧|星月书吧|星月书吧①|星月书吧①
m.gugexs.com,0,谷歌小说,http://m.gugexs.com#🎃,7,2,谷歌小说|谷歌小说
ishuquge.la,0,🍎书趣阁,https://www.ishuquge.la##旅途,6,3,🍎书趣阁网|笔趣阁91|书趣阁
siluke520.com,0,思路客吧,https://www.siluke520.com/#pb1101,8,4,思路客|♜思路客⑫ #破冰|思路客🎃#3|思路客[520]
jszxfx.com,0,顶点小说[jsz],https://www.jszxfx.com/,7,1,👍笔趣阁
m.yanqingtu.com,0,🔰 言情兔,https://m.yanqingtu.com,8,1,言情兔🎃
ibiquges.com,0,笔趣阁,https://www.ibiquges.com,8,3,笔趣阁|香书小说|笔趣阁
m.xinyushuwu.cc,0,🚬 新御书屋,https://m.xinyushuwu.cc,8,1,新御书屋
yizhiyc.com,0,一纸阅读,https://www.yizhiyc.com/search/,7,6,一纸阅读|一纸阅读|一纸阅读|一纸阅读|一纸阅读
81.70.63.5,0,番茄接口（北京）,http://81.70.63.5:369/,8,3,🌙 番茄小说[api]|🌙 番茄小说[api]|番茄接口（北京）
xs5.la,0,小说屋组,http://www.xs5.la,8,1,小说屋五
m.dhzw.cc,0,🎉 大海中文网,http://m.dhzw.cc,6,1,📖 大海中文
wap.aishuge.org,0,明月小说,https://wap.aishuge.org#🎃,7,3,爱心书阁|明月小说|明月小说
feisuwx.org,0,♜飞速小说,http://www.feisuwx.org/#pb1101,7,4,飞速小说|飞速小说|🍉 飞速小说网|飞速小说🎃
yousuu.sbwsz.com,0,扫墓,https://yousuu.sbwsz.com/,7,2,🔰 扫墓|扫墓🎃
yidubk.com,0,🔞 易读,https://yidubk.com,8,3,易读|👔 易读小说|易读🎃
7778877.com,0,第一版主12,http://7778877.com/,8,3,第一版主77(๑>؂<๑）|🚬 第一版主77(๑>؂<๑）|🚬 第一版主网[仅发现]
27k.net,0,乐阅读🇨🇳,https://www.27k.net/,8,6,乐阅读吧|乐包阅读|乐包阅读|乐阅读|♜▪︎乐阅读 #一程1201
m.popofree.com,0,🍒PO文屋,https://m.popofree.com/,8,6,佩蒲斐榕|PO脸红心跳①|佩蒲斐榕|📖PO18脸红心跳|📖PO18脸红心跳①
m.blwenla.org,0,bl文库,https://m.blwenla.org,8,2,🌸BL文库②@任尚仁|BL文库🎃
haitangss.com,0,海棠搜书🎗,https://www.haitangss.com,6,1,👔海棠搜书①
733330.xyz,0,八叉书库,https://733330.xyz/,8,1,🔞八叉书库
48wx.org,0,嘛文学网,https://www.48wx.org/,7,3,48文学网|48文学网🎃|🍉 48文学网
luoliwx.net,0,🍉 萝莉文学, https://www.luoliwx.net,8,1,萝莉文学🎃
shuquzw.info,0,思路客①,http://www.shuquzw.info/,6,2,思路客🎃#2|思路客
kankeo.com,0,看客网,http://www.kankeo.com/,6,1,🔞看客网
jinyongbook.com,0,金庸文学（发现）,https://www.jinyongbook.com##小说,3,2,金庸全集（发现）|📥 金庸书库
fqbook.cc,0,疯情书库,https://fqbook.cc/,8,2,👔 疯情书库|🚬 疯情书库
m.lingchenkanshu.com,0,🎉凌晨看书#嘚嘚21.0201,https://m.lingchenkanshu.com#嘚嘚21.0201,7,3,凌晨看书|凌晨看书|凌晨看书#南笙21.0101
m.shuke8.dlbeauty.cn,0,刺书客吧,http://m.shuke8.dlbeauty.cn/#喜静,8,1,书客吧
bqg5.com,0,笔趣阁,https://www.bqg5.com/,7,4,笔趣阁|笔趣阁|笔趣阁|👍笔趣阁⑪①
52c.net,0,笔趣阁🎃#44,https://www.52c.net#🎃,8,1,笔趣阁
xbookcn.org,0,中文成人文学,https://xbookcn.org,7,1,中文成人文学🎃
xinbqg.org,0,笔趣阁🎃#25,http://www.xinbqg.org#🎃,8,2,笔趣阁xinbqg|笔趣阁㉒
m.po18wen.xyz,0,po18文,https://m.po18wen.xyz,8,4,PO18文学⑫|PO18文学⑫|📖PO18文|PO18文学🎃#9
biquge2023.com,0,笔趣阁,https://www.biquge2023.com,7,3,笔趣阁|笔趣阁|笔趣阁#38
shuqixs.cc,0,🎉书旗小说①,http://www.shuqixs.cc/,6,3,♜书旗小说 #破冰1101|♜书旗小说 #破冰|暑期小说
trxs.cc,0,同人小说,http://trxs.cc/,8,7,🌀同人小说|🌀同人小说|同人小说|同人小说（发现）|同人小说
39shuwu.com,0,趣书吧网,https://www.39shuwu.com,7,3,趣玩书吧|趣书吧文|趣书吧
m.xiaxs.la,0,TXT小说,https://m.xiaxs.la,7,3,☘️TXT小说☘️|🍺 txt小说|手机txt小说
m.po18sf.com,0,PO18全书,https://m.po18sf.com/,8,2,PO18文学🎃#4|🔰 PO18全书
99mk.org,0,鸟书网,http://www.99mk.org/,8,1,🎊 鸟书小说
m.bgwxc.com,0,🛍︎布咕阅读,http://m.bgwxc.com/,5,2,冰河小说|布咕阅读
5sing.kugou.com,1,5SING,http://5sing.kugou.com,6,3,📻 5SING2|📻 5SING1|音乐-原创
tianxibook.com,0,🎉新天禧小说,https://www.tianxibook.com,8,1,天喜 次元
lengmen.org,0,冷冷文学,https://www.lengmen.org,8,6,灵梦小说|冷门小说网|冷门小说|灵梦小说|灵梦小说🎃
ibiquges.org,0,🎉 香书小说,https://www.ibiquges.org,6,1,香书小说
m.read52.com,0,御宅屋⑥,https://m.read52.com/#🚀,8,4,看小说🎃|🔞 看小说|御宅书屋|看小说
yeban360.com,0,👌 夜伴书屋,https://www.yeban360.com,8,11,夜伴书屋|夜伴书屋|夜伴书屋|夜伴书屋|夜伴书屋🎃
liudatxt.net,0,溜达小说,http://www.liudatxt.net/,8,4,溜达小说|溜达小说|溜达小说|溜达小说
16kbook.co,0,出处源-仓库🔶166小说,http://www.16kbook.co/,8,2,看书小说|166小说🎃#2
kadokado.com.tw,0,🔞 kadokado 角角者,https://www.kadokado.com.tw/,7,2,kadokado 角角者🎃|🔰 kadokado角角者
m.3322t.com,0,🍉 御书屋网,http://m.3322t.com,8,8,🔞 御书屋|御书屋②|御书屋②|珀包文学|📖御书屋
infosxs.pysmei.com,0,🔰笔趣阁.pysmei,https://infosxs.pysmei.com,8,2,🔰笔趣阁.pysmei|朋友尚美
nidedizhi.com,0,你的地址,https://www.nidedizhi.com,8,1,你的地址🎃
zzxx.org,0,🎉 笔趣阁,https://www.zzxx.org/,7,3,笔趣阁|笔趣阁|笔趣阁
m.3yt.org,0,三月天(A-)〖𝕄𝕦〗,https://m.3yt.org,8,1,三月天🎃
m.wenxuem.com,0,女生文学,http://m.wenxuem.com,8,1,女生文学🎃#2
biqusa.com,0,笔趣阁A17,https://www.biqusa.com/#,8,11,笔趣阁|笔趣阁|笔趣阁|笔趣阁|笔趣阁
m.888zjd.com,0,🔰 柚子小说,https://m.888zjd.com,6,1,📖 柚子小说
quanmianxs.com,0,全免小说,https://www.quanmianxs.com/,7,1,全免小说
31xs.net,0,31小说网~f,http://www.31xs.net#Namo1101,7,4,包小说网|📖 三一小说|树小说网|🍁 31小说 ♜
xkushu.com,0,新酷书网,http://www.xkushu.com,7,6,新酷书网|♜三五中文网 #破冰|三五中文|三五中文|三五中文
roushuwu.com,0,安月书屋,https://www.roushuwu.com/,8,2,肉书屋🎃|肉书屋🎃
m.gdstqf.com,0,读吧文学,https://m.gdstqf.com/,7,1,读吧文学🎃
yzwmi.com,0,👔 御宅屋,https://yzwmi.com/,8,2,御宅屋🎃#3|👔 御宅屋
aslwx.com,0,爱尚小说,http://www.aslwx.com/,8,2,爱尚小说|爱尚小说🎃
yingsx.com,0,笔趣阁,http://www.yingsx.com/,7,8,影书小说|🍺 笔趣阁⑦|笔趣阁|笔趣阁#嘚嘚21.0201|🍁笔趣阁㉘①
damixs.biz,0,🌸大米小说,https://www.damixs.biz,8,1,大米小说
91zww.com,0,九一中文,https://www.91zww.com/,5,1,九一中文
bailizw.com,0,百里中文💰,http://www.bailizw.com/,8,5,㊣百里中文 #一程1201|💰 百里中文|㊣百里中文 #一程1201|㊣百里中文 #一程|㊣百里中文 #破冰1101
zfangchan.com,0,笔趣阁zfangchan,http://www.zfangchan.com,8,2,笔趣阁网|✨笔趣阁🔸zfc
hyuzhaiwu.com,0,御宅屋,https://www.hyuzhaiwu.com,8,2,👔 御宅屋|御宅屋🎃
s.pjxhmy.com,0,📓值得阅读,https://s.pjxhmy.com,6,2,🌺值得阅读|✨追书大师v4
xjjfcw.com,0,笔趣阁116,https://www.xjjfcw.com/,5,2,笔趣阁㉚|笔趣阁🎃#22
qidian.com,0,起点中文,https://www.qidian.com,8,79,  起点女频流|💰 起点中文网|💰 起点标签♂|💰 起点标签♀|💰 起点🔸阅读
diyitxt.com,0,第一小说,https://www.diyitxt.com/,6,3,🍑diyitxt.com|🍁 第一小说② #破冰1101|第一小说
m.mpo18.com,0,👔 脸红心跳,https://m.mpo18.com/,8,5,👔 脸红心跳|PO脸红心跳③|📖PO18脸红心跳|📖PO18脸红心跳③|脸红心跳🎃#2
a.lc1001.com,0,连城读书,http://a.lc1001.com,8,6,连城读书|连城读书|连城读书|连城读书|♨️腐竹免费小说
xiangtxsw.com,0,乡土小说,https://www.xiangtxsw.com#,8,6,乡土小说|乡土小说|乡土小说|乡土小说|乡土小说
69shu.me,0,🍇69书吧,https://69shu.me,8,2,🔥69shu.me|69书吧
biquge001.com,0,笔趣阁,http://www.biquge001.com/,7,3,笔趣阁|笔趣阁|笔趣阁🎃#37
m.rouzhaiwu.info,0,🔞肉宅屋🙈,https://m.rouzhaiwu.info/,8,6,肉宅屋网🎃|肉宅屋①|📖肉宅屋|📖肉宅屋|肉宅屋网🎃
51xs.site,0,51,http://51xs.site#,2,1,51
m.woo15.com,0,Woo15小说,https://m.woo15.com/,8,4,Woo15小说|📖Woo小说①|追求小说🎃|🎈woo15
pfwx.com,0,平凡文学,http://www.pfwx.com,7,3,平凡文学|平凡文学|平凡文学
17k.com,0,🛍︎青困小说,https://www.17k.com,6,7,青困小说1|勤快小说|7K小说5|7k小说4|7k小说3
cn.baozimh.com,2,包子漫画,https://cn.baozimh.com/##@okou,7,2,🗒 包子漫画|💮包子漫画
m.zym888.com,0,爱不小说,https://m.zym888.com,7,4,摸摸小说|牛马小说|番茄小说①|番茄小说
iqiyi.com,2,🎨 爱奇艺漫画$,https://www.iqiyi.com/,8,3,爱奇艺漫画|💰爱奇艺漫画 #Haxc1107|💰爱奇艺漫画 #Haxc
m.xbbxs.com,0,🚬 御宅书屋,http://m.xbbxs.com,8,3,御宅屋⑦|御宅屋⑦|御宅书屋🎃
m.fqyxs.com,0,👔 新御宅屋,https://m.fqyxs.com/,8,3,新御宅屋⑨|新御宅屋🎃#2|🚬 新御宅屋
wap.duwanjuan.info,0,读万卷,http://wap.duwanjuan.info/,7,1,读万卷🎃#2
168txt.cc,0,🌐 一六八网,https://www.168txt.cc,7,2,文档小说|168小说天堂🎃
haitangshuwu.info,0,👔 海棠书屋,https://www.haitangshuwu.info/,8,1,海棠书屋🎃
shenmaxiaoshuo.com,0,📖 神马小说,https://www.shenmaxiaoshuo.com,6,2,神马小说🎃|🎉神马小说①
cpwenku.com,0,脆皮文库,https://www.cpwenku.com,6,2,CP文库🎃|🌸 CP文库
readbook.men,0,🚬 读书,https://readbook.men,8,1,✨👨读书🎉💻
m.zbcxw.cn,0,星星小说,https://m.zbcxw.cn,8,3,星星小说|星星小说🥉|星星小说🎃
m.wangshuge.com,0,望书云阁,https://m.wangshuge.com,8,1,望书阁ge
m.po18.xyz,0,脸红心跳②🔞,https://m.po18.xyz,8,9,㊕ ✾PO18 #一程1101|PO18 #一程|PO脸红心跳②|PO脸红心跳②|📖PO18脸红心跳
m.qingrenyouxi.com,0,👔 情人游戏,https://m.qingrenyouxi.com/,8,2,🚬 情人游戏|情人游戏🎃
m.lizhi.fm,1,音乐-荔枝,https://m.lizhi.fm/,7,1,音乐-荔枝
manmanapp.com,2,漫漫漫画,https://www.manmanapp.com,8,3,漫漫漫画|漫漫漫画 |漫漫漫画
mkzhan.com,0,漫客栈,https://www.mkzhan.com#♤Haxc,8,5,漫客栈吧|漫客栈|漫客栈|✐ 漫客栈  #一程|漫客栈🎃#2
jpxgyw.cc,2,🧩 性感美女,https://www.jpxgyw.cc,1,1,🥣 写真图集
wanwx.com,0,玩文学小说网,https://www.wanwx.com/,7,1,玩文学🎃
njxhds.com,0,笔趣阁,https://www.njxhds.com/,7,3,笔趣阁|笔趣阁|笔趣阁
api.wan123x.com,0,花生小说,https://api.wan123x.com,8,3,花生小说（优）|花生小说|花生小说
eyushuwu.com,0,㊕ 御书屋 #一程1101,https://www.eyushuwu.com#yc1101,8,9,新御书屋④|📖御书屋①|🚬 烟锁重楼|御书屋🎃#3|烟锁重楼
m.wujixsw.org,0,戊戟武侠,http://m.wujixsw.org,8,2,️戊戟武侠|无极小说
ssdzgj.com,0,大文学吧,https://www.ssdzgj.com/,7,3,大文学吧|大文学吧|大文学
xiaoshuowu.com,0,小说屋xiaoshuowu,http://www.xiaoshuowu.com,6,1,小说屋子
nsdkh.com,0,米读小说,https://www.nsdkh.com/,7,3,米读小说|米读小说|米读小说🎃#2
bimoks.com,0,笔墨看书网,https://www.bimoks.com#,5,3,笔墨看书网|笔墨看书|笔墨看书网🎃
m.xyushuwu.me,0,🔰 新御书屋,https://m.xyushuwu.me,8,3,新御书屋⑦|新御书屋⑦|新御书屋🎃
m.liehuozw.com,0,🔰 烈火中文,https://m.liehuozw.com,8,3,🔰烈火中文网|烈火中文网|👔 烈火中文
chiuhagi.com,0,笔趣阁,https://www.chiuhagi.com,8,1,笔趣阁🎃#71
m.baihexs.com,0,👍 百合小说,https://m.baihexs.com,7,11,百合小说|🌟 百合小说（最快带日期）|百合小说|○✾♜百合小说 #一程 ▼下一页|♜百合小说 #一程
biqooge.com,0,笔趣阁,https://www.biqooge.com/,8,7,♜ ✎笔趣阁⑨⓪ 套#破冰1101|♜ ✎笔趣阁⑨⓪ #破冰|🔰 笔趣阁qoo|🔷 笔趣阁|🥈笔趣阁③
m.41nr.com,0,🍉 41狠男人,http://m.41nr.com,8,2,41狠男人|41狠男人🎃
blnovelhub.com,0,御宅屋⑤,https://blnovelhub.com/#🚀,8,4,御宅屋🎃|御宅屋⑤|📖御宅屋⑤|御宅屋
api.iqhmh.com,2,🗒 趣话漫画,https://api.iqhmh.com,6,2,🎨 趣话漫画🅰 #Haxc|✐ 趣话漫画🅰💰 #Haxc
m.55zw.com,0,五五中文,https://m.55zw.com,5,1,五五中文
m.111bz.cc,0,版主111bzˢˢʳ,http://m.111bz.cc,8,2,第一版主|第一版主🎃#3
3q.tennispai.com,0,🍺 小旺书屋,https://3q.tennispai.com/2048,0,1,🍺 小旺书屋
mobile.zongcai666.com,0,总裁,https://mobile.zongcai666.com/,7,1,总裁🎃
m.qiremanhua.com,0,奇热漫画,https://m.qiremanhua.com#♤Haxc,6,1,奇热漫画
bswtan.com,0,🍁笔趣阁②①,https://www.bswtan.com/,6,3,🎉 笔趣阁|💯笔趣阁②|♜✎笔趣阁②
nidedizhi1.com,0,🔰 你的地址,https://www.nidedizhi1.com,8,1,你的地址🎃
xbiqukan.com,0,笔趣阁[xbiqukan],https://www.xbiqukan.com/,6,3,🌸 笔趣阁⑰|♜笔趣阁⑱③ #pb|♜笔趣阁⑱③ #pb
yuzhaiwu.life,0,🚬 御宅屋,https://yuzhaiwu.life,8,3,御宅屋⑩|御宅屋⑩|御宅屋🎃#2
baimalou123.com,0,🚬 白马書楼,https://www.baimalou123.com,8,1,白马楼②
cl.2790z.xyz,0,草榴(仅发现)看图关净化,https://cl.2790z.xyz,2,1,草榴(仅发现)看图关净化
seshuwu.com,0,🔰 色书屋,http://seshuwu.com,8,1,色书屋🎃
bxetv.com,0,笔趣阁,https://www.bxetv.com#🎃,7,3,笔趣阁|笔趣阁|笔趣阁119
wap.faloo.com,0,出处源-仓库💰 飞卢小说,https://wap.faloo.com,8,11,飞卢小说(正版)|飞卢小说[w]|飞卢小说|飞卢小说|飞卢小说
qqwenxue.cc,0,QQ文学,http://www.qqwenxue.cc/,8,1,QQ文学🎃
75jl.com,0,吉林小说网,https://75jl.com,6,1,⌨70吉林小说小说网
s52uli1l6ocq.xyz,0,52∧V图片频道,https://s52uli1l6ocq.xyz:52888,2,1,52∧V图片频道(仅发现)
search.ximalaya.com,1,♬♛喜马拉雅 md #关耳 ,http://search.ximalaya.com,8,9,喜马拉雅|喜马拉雅|喜马拉雅|喜马拉雅|喜马拉雅 ▪︎关耳
q1.f238605b.org,0,BT伙计(仅发现),https://q1.f238605b.org,2,1,BT伙计(仅发现)
rhmm18.com,0,零点看书🇨🇳,https://www.rhmm18.com/,8,1,零点看书🇨🇳🎃
hp.bv0a.life,0,2048论坛,https://hp.bv0a.life,2,1,2048论坛(仅发现)
nidedizhi2.com,0,你的地址,https://www.nidedizhi2.com/,8,2,你的地址🎃|🔰 你的地址
shellbook.cc,0,🐚贝壳读书,https://www.shellbook.cc/,8,2,贝壳读书🎃|🔰 贝壳读书
maxreader.net,0,🌸 文墨中文网,http://www.maxreader.net/,7,2,文墨中文网|🍺 文墨中文网
147xiaoshuo.com,0,💯一四小说网,https://www.147xiaoshuo.com/,6,2,💯147小说网②|147小说网
h5.17k.com,0,17K网,https://h5.17k.com/,6,2,17k小说💯|17k手机版
haobiquge.com,0,🍁笔趣阁⑫①,https://www.haobiquge.com/,5,1,🍁笔趣阁⑫
m.migudm.cn,0,🎨咪咕动漫,http://m.migudm.cn,8,2,咪咕动漫$🎃|咪咕动漫$
m.yunhai9.com,0,🎉 云海小说,https://m.yunhai9.com,8,1,云海小说网🎃
biqugexsw.cc,0,笔趣阁,https://www.biqugexsw.cc/,8,3,笔趣阁🎃#59|♝✎笔趣阁㉜|🍁笔趣阁㉜
dbxs123.com,0,独步小说,https://www.dbxs123.com,8,1,独步小说🎃
wap.po18bl.com,0,PO18文学,https://wap.po18bl.com/,8,4,📖PO18文|📖PO18文学④|🚫PO18文|PO18文学🎃
m.lrxs.org,0,🔞 懒人小说 🪜,https://m.lrxs.org,8,4, 懒人小说|👔 懒人小说|懒人小说|懒人小说🎃
biquge2.cc,0,🍁笔趣阁⑤①,http://www.biquge2.cc/,6,2,♝✎笔趣阁⑤①|🍁笔趣阁⑤①
42biquge.com,0,🌸 笔趣阁⑤④,http://www.42biquge.com,6,1,🍁笔趣阁⑤④
liyuxiang.cc,0,🔥 鲤鱼乡,https://www.liyuxiang.cc,8,4,☘️鲤鱼乡☘️|鲤鱼乡|☘️鲤鱼乡☘️|㊕ ✾鲤鱼乡① #一程1101
yulinzhanye.xyz,0,第一版主01,https://www.yulinzhanye.xyz/,8,1,🚬 第一版主
xbiquge.la,0,♜ ✎笔趣阁,https://www.xbiquge.la/#pb1101,8,10,笔趣阁|笔趣阁|🎉 笔趣阁|笔趣阁|笔趣阁
biqugema.com,0,🍁笔趣阁⑩①,https://www.biqugema.com/,6,1,🍁笔趣阁⑩①
ximalaya.com,1,喜马拉雅,https://www.ximalaya.com/#乃星,8,2,喜马拉雅|喜马拉雅
haitang123.co,0,🚬 海棠书屋,https://www.haitang123.co,8,4,☘️海棠1☘️|🪐海棠书屋|🌸 海棠书屋|🔞 海棠书屋④ 🪜
biqugesk.org,0,🍁笔趣阁⑩③,https://www.biqugesk.org/,6,2,笔趣阁🎃#98|🍁笔趣阁⑩③
m.bqg332.com,0,笔趣阁36,https://m.bqg332.com,6,1,笔趣阁332🎃
m.1114txt2.com,0,一世书城,https://m.1114txt2.com,8,2,一世书城|一世书城🎃
search.ruochu.com,0,若初文学,https://search.ruochu.com,8,2,若初文学|㊣若初文学
biquxs.la,0,🍺 笔趣阁⑫②,https://www.biquxs.la,6,1,🍁笔趣阁⑫②
po18.city,0,🚬 po18城,https://www.po18.city,8,2,po18城|po18城🎃
4qo.net,0,🍁笔趣阁⑯⓪,http://www.4qo.net/,8,1,🎉 笔趣阁⑯⓪
ggs.manmeng168.com,0,开源阅读,https://ggs.manmeng168.com/,8,4,⭐ 番薯小说|番薯小说|番薯渊呀|番薯小说
iqb8.cc,0,全本小说网,http://www.iqb8.cc,8,1,全本小说网
i7oo.com,0,🌸 笔趣阁⑯③,http://www.i7oo.com,5,3,🍁笔趣阁⑯③|♜ ✎笔趣阁⑯③ #破冰|♜ ✎笔趣阁⑯③ #破冰
syosetu.org,0,ハーメルン（日文）,https://syosetu.org/,8,2,🌐ハーメルン|🌐日系阅读（日文）
bqg13.com,0,笔趣阁,https://www.bqg13.com/#♤pb,8,4,笔趣阁⑱①|♜笔趣阁⑱①|笔趣阁🎃#89|🍁笔趣阁⑱①
m.700txt.com,0,📖700TXT,https://m.700txt.com,8,3,700TXT小说网🎃|钱小说网|700TXT小说网(登录按钮验证)
lewen0001.com,0,👌 乐文小说网,https://www.lewen0001.com,8,2,乐文小说网|乐文小说网🎃
sdlchxwz.com,0,🍁笔趣阁⑱⑤,https://www.sdlchxwz.com/,5,1,🍁笔趣阁⑱⑤
m.22biqu.com,0,出处源-仓库笔趣阁,https://m.22biqu.com/,8,2,💠 笔趣阁22|笔趣阁🎃#74
14xsw.com,0,🔰14小说网,https://www.14xsw.com/,6,1,🔰 14小说网
xfuedu.org,0,笔下文学,http://www.xfuedu.org,5,1,笔下文学
search.17k.com,0,17K小说💯,http://search.17k.com/,8,1,青困小说4
m.wmp8.com,0,🔞 御书屋①,https://m.wmp8.com,8,5,御书屋④|御书屋④|📖御书屋⑤|🔞 御书屋①|御书屋🎃#4
350book.com,0,🎉易读小说①,https://www.350book.com/,6,1,🎉易读小说
wap.shenshuwx.com,0, 神书网,http://wap.shenshuwx.com,6,2,神书网|神书网🎃
b.faloo.com,0,💳飞卢小说,https://b.faloo.com#温暖满怀,8,8,🔰 飞卢小说|飞卢小说|飞卢小说 #破冰1101|㊣飞卢小说 #破冰|📚 飞卢小说
m.yy228.com,0,👔 新御书屋,https://m.yy228.com,8,4,新御宅屋⑦|新御宅屋⑦|📖新御书屋①|新御书屋🎃
69shux.com,0,🍒六九(繁转简),https://69shux.com##@@,8,4,👌 六九(繁转简)|🍒六九(繁转简)|🔮 六九书吧繁体|69书吧
pc7043.com,0,🔰 跑车小说网,http://www.pc7043.com,6,1,跑车小说网
shuyouku.com,0,🎉书悠库小说,http://www.shuyouku.com/,6,1,🌸 书悠库
m.po18yun.com,0,po18,https://m.po18yun.com,8,4,PO脸红心跳④|PO脸红心跳④|脸红心跳|脸红心跳🎃
shuge9.com,0,🎉书阁小说①,https://www.shuge9.com/,5,1,🎉书阁小说
m.yushuwu.uk,0,御书屋③,https://m.yushuwu.uk/#🚀,8,5,御书屋③|📖御书屋uk|📖御书屋③|👔 御书屋网|御书屋网🎃
ixunshu.net,0,爱寻书网,https://ixunshu.net,8,1,爱寻书
52dzxy.com,0,过期杂志,https://www.52dzxy.com/,8,3,读者|读者收缩|读者🎃
xiaoshuo5.com,0,💦小说书屋③,http://www.xiaoshuo5.com/,5,1,🌸 小说屋③
bqg9527.com,0,笔趣阁[bqg9527],https://www.bqg9527.com/,5,1,🍁笔趣阁⑲②
m.liudatxt.net,0,溜达小说,http://m.liudatxt.net,8,2,溜达小说|溜达小说
dict.cn,0,海词词典（词典）,http://dict.cn/,7,1,海词精选（海词）
woo16.vip,0,原創市集,https://www.woo16.vip#🎃,8,2,原創市集|📖Woo小说②
m.ujxsw.com,0,🎉悠久小说①,http://m.ujxsw.com/,6,1,🍺 悠久小说
61xsww.com,0,🎉无限小说④,https://www.61xsww.com/,6,1,🔰 无限小说网
biqueg.com,0,👌 新笔趣阁,https://www.biqueg.com,7,1,笔趣阁
zxzw.com,0,真香中文,http://www.zxzw.com,7,3,真香中文🎃|真香中文|在线中文网
shucangxsw.com,0,🔰书仓网,https://www.shucangxsw.com/,6,1,🔰 书仓小说网
22shuquge.net,0,22🇨🇳,https://www.22shuquge.net/search/#🎃,7,1,笔趣阁🎃#32
biqugg.com,0,🍁笔趣阁⑦⓪,https://www.biqugg.com/,6,1,🔰 笔趣阁
m.yuzhaiwu1.vip,0,御宅屋①,https://m.yuzhaiwu1.vip/#🚀,8,2,御宅屋①|📖御宅屋②
365bok.com,0,🎉 明月中文,https://www.365bok.com,8,1,明月中文🎃
m.yuzhaiwu520.org,0,御宅屋③,http://m.yuzhaiwu520.org/#🚀,8,3,御宅屋③|📖御宅屋③|📖御宅屋②
xtangsanshu.com,0, 唐三中文,http://www.xtangsanshu.com,7,2,唐三中文|唐三中文
zhaishulou.net,0,🌠摘书楼,http://www.zhaishulou.net/,8,2,摘书楼吧|🌠摘书楼
m.hongxiu.com,0,🔰 红袖添香,https://m.hongxiu.com,8,2,红袖添香 |红袖添香🎃#2
aifangyan.net,0,放眼看书,https://aifangyan.net,7,1,放眼看书🎃
m.fushutxt.cc,0,福书网,http://m.fushutxt.cc,6,1,福书网🎃
tadu.com,0,塔读文学,https://www.tadu.com,8,21,🔰 塔读榜单|塔读·出版💯|🖤㊣♛塔读文学|塔读文学 |塔读文学
ttwx.net,0,新顶点网,http://www.ttwx.net,5,1,屋里小说
hao8.net,0,好吧小说,http://hao8.net/,7,2,㊕✐好吧漫画 #一程|好吧小说
wap.wangshugu.net,0,望书阁网,http://wap.wangshugu.net#,8,2,💠 望书阁网|望书阁网🎃
qklady.com,0,顶点小说,https://www.qklady.com#🎃,7,2,顶点小说|顶点小说
m.xinyushuwu2.com,0,👔 新御书屋②📱,https://m.xinyushuwu2.com,8,4,新御书屋②|新御书屋②|📖新御书屋2|📖新御书屋②
m.po18.info,0,PO18文学⑨,https://m.po18.info/#🚀,8,3,📖PO18文学②|📖PO18文学②|👔 PO18网
pck.tvguaa.com,0,我有爱爱,https://pck.tvguaa.com#🎃,8,1,沧元图-笔趣阁小说网
jingdianbook.com,0,经典书库,https://www.jingdianbook.com/,8,1,经典书库
m.kxs9.com,0,kxs9,http://m.kxs9.com/,7,1,🎉 kxs9
m.fuwenh.com,0,🔰 腐文H,https://m.fuwenh.com,8,2,腐文小说🎃|腐文小说
zhihuwenxue.com,0,志虎文学,https://zhihuwenxue.com/,7,2,知乎文学|知乎文学🎃
po18r.com,0,📖PO18文,https://www.po18r.com/#,8,4,📖PO18文学⑤|PO18文学🎃#8|📖脸红心跳⑩|📖 斋藤观日
zwduxs.com,0,💠 八一中文,http://www.zwduxs.com,8,14,八一中文①|八一中文②|八一中文|八一中文|八一中文
m.po18vip.me,0,po18vip,https://m.po18vip.me,8,5,PO18文学⑥|PO18文学⑥|📖PO18文|📖PO18文学⑥|PO18文学🎃#9
28lu.net,0,📖28看书,https://www.28lu.net/,8,1,28看书网-自制🐜
m.xhytd.com,0,🎉 黄易小说,http://m.xhytd.com,8,1,黄易小说
mayiwxw.com,0,笔趣阁b14,https://www.mayiwxw.com/#pb1101,8,8,蚂蚁文学2|笔趣阁⑧⓪|蚂蚁文学|笔趣阁74|蚂蚁文学🥉
banzhu99999.com,0,第一版主②,https://www.banzhu99999.com/#🚀,8,2,🔞🔲第一版主999|🔞🔲第一版主999
m.iwurexs.net,0,电吧子书,https://m.iwurexs.net#🎃,8,3,包电子书|不电子书|4020
m.ndlib.cn,0,移动阅读,http://m.ndlib.cn#♤guaner,8,8,🔰 移动阅读|移动阅读/国家图书馆api|移动阅读|移动阅读|移动阅读
sougou.work,0,📖PO18文,https://www.sougou.work/#,8,3,📖PO18文学⑨|PO18全本|PO18全本🎃
diyibanzhu.me,0,🔞🔲第一版主999,https://www.diyibanzhu.me//,8,2,🔞🔲第一版主999|第一版主
guowx.com,0,果文学网,http://www.guowx.com,8,1,果文学网🎃
m.kanshushi.com,0,看书室小说网,https://m.kanshushi.com/wap/,6,2,看书室|看书室小说网
powenwu15.com,0,PO18文学⑤,https://www.powenwu15.com/#🚀,8,5,PO18文学⑤|📖PO18脸红心跳|📖PO18脸红心跳⑦|PO18脸红心跳|脸红心跳🎃
m.huanxiwu.com,0,PO脸红心跳⑥,https://m.huanxiwu.com/#🚀,8,3,PO脸红心跳⑥|📖PO18脸红心跳|📖PO18脸红心跳⑧
m.d9shu.com,0,第九中文,https://m.d9shu.com,8,2,🌠第九中文|🌠第九中文
m.manhuatai.com,2,漫画台子,https://m.manhuatai.com/,8,4,漫画台子|漫画吧台（配置）|漫画台子|漫画台
39yd.com,0,三九阅读,http://www.39yd.com,8,3,🍊三九阅读|⛎ 三九阅读|39小说
m.mhkan.com,2,🎨 漫画看,https://m.mhkan.com,6,1,🌠 漫画看网
aixiake.com,0,书籍推荐（推荐）,https://www.aixiake.com/,8,2,书籍推荐🎃|🔰 书籍推荐
zhongtianwen.cn,0,种田小说,https://zhongtianwen.cn,8,4,种田小说|♜ 种田小说 #一程|md♜ 种田小说 #一程|种田小说🎃
rourouwu.info,0,肉肉屋⑤,https://www.rourouwu.info/#🚀,8,4,📖肉肉屋①|👔 肉肉屋网|肉肉屋站🎃|肉肉屋②
m.rourouwu10.com,0,肉肉屋🎃#2,https://m.rourouwu10.com#🎃,8,4,📖肉肉屋10|🚬 肉肉屋|📖肉肉屋②|👔 肉肉屋网
m.rourouwu.de,0,🔞肉肉屋🙈,https://m.rourouwu.de/,8,5,肉肉屋④|📖肉肉屋|📖肉肉屋③|肉肉屋🎃|🔞肉肉屋🙈
rouwennp.org,0,肉文NP②,https://www.rouwennp.org/#🚀,8,4,🚬 肉文NP|📖肉文N P ②|肉文小说🎃|肉文小说
colorful-fantasybooks.com,0,📗 缤纷幻想,https://colorful-fantasybooks.com,6,4,📖 缤纷幻想|🔖缤纷幻想①|📗缤纷幻想|📖 缤纷幻想
api.myweipin.com,0,猫眼看书（优）,http://api.myweipin.com/,8,2,猫眼看书|猫眼看书🎃
open.bxzwapp.com,0,✐ 笔下文学漫画 #Haxc1107,http://open.bxzwapp.com,8,2,✐ 笔下文学漫画 #Haxc1107|✐ 笔下文学漫画 #Haxc
m.xinbanzhu.net,0,第一版主⑧,http://m.xinbanzhu.net/,8,4,第一版主⑧|📖新版主|📖第一版主⑤|第一版主🎃#3
m.0773lg.org,0,书山楼阁,https://m.0773lg.org/,8,2,书山楼阁|书山楼阁
m.diyibanzhu.quest,0,第一版主③,http://m.diyibanzhu.quest/#🚀,8,2,第一版主③|🍉 齐
m.yuzhaiwu.asia,0,🔰 御宅屋,https://m.yuzhaiwu.asia/,8,3,📖御宅屋|御宅屋🎃#2|📖御宅屋③
m.powenxue2.com,0,🔰 PO文学,https://m.powenxue2.com,8,2,PO文学🎃|PO文学(待修复)
bdido.com,2,🎨 1359漫画 #Haxc1107,https://www.bdido.com,8,1,🎨 1359漫画 #Haxc1107
m.yuzhaiwuvip.com,0,🔰 新御宅屋,https://m.yuzhaiwuvip.com/,8,3,📖新御宅屋|新御宅屋🎃#3|新御宅屋🎗
m.31xiaoshuo.com,0,📖31小说网@任尚仁,https://m.31xiaoshuo.com/,8,1,31小说
manga.bilibili.com,0,🎨 哔哩哔哩,https://manga.bilibili.com,8,5,哔哩漫画|哔哩哔哩|哔哩哔哩|㊣✐ 哔哩哔哩  #一程|哔哩哔哩🎃
m.zxcs88.com,0,🍩 知藏书轩m[精校],https://m.zxcs88.com/,7,2,👍知藏书轩|🍩 知藏书轩m[精校]
ddsk.la,0,顶点中文,http://www.ddsk.la,7,3,顶点中文|顶点A|顶点中文🎃
m.ayushuwu.com,0,新御书屋①,https://m.ayushuwu.com/#🚀,8,3,新御书屋①|📖新御书屋|👔 新御书屋
m.htqyy.com,1,📻 轻音乐网,http://m.htqyy.com,3,1,♬ 轻音乐网 💡 #一程1101
xyshuk.com,0,三九小说,http://www.xyshuk.com,8,2,三九小说🎃|三九小说
mmm.qinqinxsw.com,0,亲亲亲,https://mmm.qinqinxsw.com/,5,1,亲亲小说
sogou.com,0,幻世小说_By-[曦灵],https://www.sogou.com/  ##_By-[曦灵],7,1,搜狗搜书
95shubao.la,0,九五书包,http://www.95shubao.la,6,1,九五书包🎃#2
m.muye.net,0,💰 木叶小说,https://m.muye.net,8,1,木叶小说
siluke.la,0,🍺 思路客⑨,http://www.siluke.la,7,4,💦思路客④|思路客2|🍺 思路客⑨|思路客2#南笙21.0101
po18po.com,0,🚬 PO18文,https://www.po18po.com/,8,3,📖PO18文|PO18文学🎃|🙈 po文
wzzw.la,0,💗梧州中文,http://www.wzzw.la,8,1,🎉 梧州中文台 wzzw
nitianxieshen.com,0,👍 逆天邪神,https://www.nitianxieshen.com,8,3,👍 逆天邪神|👍 逆天邪神|🎉 逆天邪神
m.cfwx.org,0,🍺 长风,http://m.cfwx.org,7,1,🍺 长风
xiaoshuowu.org,0,🚬 R级小说屋,https://www.xiaoshuowu.org/,7,1,🚬 R级小说屋
5aigushi.com,0,鬼故事,https://www.5aigushi.com/guigushi,2,1,🎯我爱故事网[源注释]
longtanshuw.cc,0,龙坛书网🎃,https://www.longtanshuw.cc#🎃,8,3,📚 龙坛书网|🔖龙坛书网|♜龙坛书网③ #破冰
biqueg.cc,0,🌸 笔趣阁网,https://www.biqueg.cc,7,2,笔趣阁🎃#2|🌸 新笔趣阁
swskw.com,0,🎉 圣武书库,https://www.swskw.com,8,1,圣武书屋
fuxsb.com,0,🍊 繁星四月,http://www.fuxsb.com/,8,5,繁星四月|📖腐小说sb|腐小说|腐小说|腐小说🎃#3
txtdown.cc,0,出处源-仓库◎下书网,http://www.txtdown.cc,7,2,◎下书网|下书网🎃
m.bz001.org,0,第一版主18,http://m.bz001.org/,8,1,第一版主18
liyuxiangku.com,0,鲤鱼乡①,https://www.liyuxiangku.com/#🚀,8,2,鲤鱼乡①|📖鲤鱼乡
m.wolaidu.cc,0,中文书城,https://m.wolaidu.cc/,5,1,中文书城
soxs.cc,0,🔆搜小说🌱,https://www.soxs.cc,8,4,🎉 搜小说|🔆搜小说🌱|🎉 搜小说①|🎉 搜小说
8jj.com,2,八极漫画,http://www.8jj.com,7,2,🎨 八极漫画 #Haxc1107|🎨 八极漫画 #Haxc
m.diyibanzhu.tw,0,第一版主,https://m.diyibanzhu.tw,8,1,第一版主
po18wen.vip,0,🚬 po18⁷,https://po18wen.vip,6,2,👔 PO18网|📒PO18脸红心跳③
m.sanjiushuwu.com,0,🔰 三九书屋,https://m.sanjiushuwu.com/,8,3,三九书屋🎃|三九书屋|🚫三九书屋
du1du.org,0,👍 读一读备用,http://du1du.org/,7,4,💯读一读小说|读一读|♛读一读① #pb|🎉 读一读①𖤓#一介20.0831
m.fuwenge.com,0,🔰 腐文阁,https://m.fuwenge.com,8,1,腐文阁🎃
owlook.top,0,阿酷小说,https://www.owlook.top,8,2,⚖️ 啊酷小说(修复)|⚖️ 啊酷小说(修复)
sexinsex.net,0,🚀 色中色,http://sexinsex.net/,1,1,🚬 色中色
m2m2.net,0,米兔小说,http://www.m2m2.net,2,1,米兔小说
zsyxs.cc,0,◎斋书苑,http://www.zsyxs.cc#◎筱,8,2,斋书苑🎃|🔰 斋书苑
diyibanzhu2.in,0,🚬 第一版主网[仅发现],http://www.diyibanzhu2.in,8,2, 版主|第一版主网
api.sfacg.com,0,日轻小说,https://api.sfacg.com/,8,1,菠萝包轻
akdbsm.cn,0,快读小说,http://www.akdbsm.cn/,5,1,快读小说
m.nigubook.com,0,🍩泥古小说[自写],https://m.nigubook.com/#xsw8093,7,1,泥古小说🎃
diyibanzhu.buzz,0,燕子小说,http://www.diyibanzhu.buzz/,6,1,🚬 燕
lnwow.co,0,🍺 东方小说,https://www.lnwow.co,8,2,🍺 东方小说|📖 东方阅读
gexingshuo.com,0,签名诗句（签名）,https://www.gexingshuo.com#一程,8,3,个性说网（签名）|个性说网🎃|个性说网
lvzhu.cc,0,绿竹小说,http://www.lvzhu.cc,6,1,绿竹小说
x23us.com,0,🎉顶点小说网,http://www.x23us.com,5,2,顶点小说~x23us.com|顶点小说
8jzw.com,0,🍺 八戒,http://www.8jzw.com/,7,1,🍺 八戒中文
sosadfun.org,0,废文网,https://www.sosadfun.org,7,2,废文网吧|废文网🎃
api-app.maimengjun.com,0,咕咕漫画™💰,http://api-app.maimengjun.com:80,5,1,麦萌🅰
3dllc.com,0,🎉 官术网,http://www.3dllc.com/,7,1,🎉 官术网 3dllc.com
111bz.cc,0,🚬 第一版主cc,https://www.111bz.cc,7,2,第一版主18|第一版主🎃
m.yushuwu12.com,0,御宅屋⑫,http://m.yushuwu12.com/,8,3,御宅屋⑫|📖御书屋12|韩
shukuai.com,0,书快小说,https://www.shukuai.com,2,1,#书快小说~shukuai.com
feizw.com,0,飞速中文网,http://www.feizw.com,5,1,飞速中文网™
m.115wx.cc,0,药丸文学,http://m.115wx.cc,6,1,115文学
api.17k.com,0,💰更多书源都在,http://api.17k.com/,6,8,17K小说|17K 小说|🍏17K小说|17K|💳17K小说
aishula.com,0,19楼书包网,https://www.aishula.com,2,1,19楼书包网
ibbs.pro,0,🚬 情色小说论坛,https://www.ibbs.pro,8,1,情色小说论坛🎃
60ks.info,0,🍩60看书[自写],http://www.60ks.info#xsw8093,8,3,📖六零看书@任尚仁|60|60看书🎃
m.quyoulai.com,0,趣又来吧,https://m.quyoulai.com,8,1,✨趣又来
dushuzu.com,0,读书族,http://www.dushuzu.com,2,1,读书族
m.telexh.com,0,玉米小说,https://m.telexh.com/,8,1,🎉 玉米小说
xsbiquge.net,0,♛笔趣阁③,https://www.xsbiquge.net#guaner1,8,6,新笔趣阁 静白校验搬运其他渠道去除防伪|🌸笔趣阁③|🥁-笔趣阁⁵⁹|笔趣阁新站|笔趣阁29
m.quge9.cc,0,🎉同站一大堆,https://m.quge9.cc,8,1,笔趣阁
wrlwx.com,0,🌸4020电子书,http://www.wrlwx.com,8,7,四零二零|拉电子书|桃花小说|四零二零|水电子书（优）
m.bqg330.com,0,笔趣阁330,https://m.bqg330.com,6,1,笔趣阁330🎃
pdske.com,0,🎉 西瓜小说,https://www.pdske.com,8,1,西瓜小说网
02shu.com,0,零二书屋™,https://www.02shu.com,2,1,零二书屋
uaa.com,2,UAA•漫画,https://www.uaa.com/api/comic/app/comic/,6,2,UAA禁漫|🎨UAA漫画
feiyuefw.net,0,飞悦凡文网,https://www.feiyuefw.net#,6,2,飞悦凡文|飞悦凡文网🎃
aixiawx.com,0,爱下书小说,https://www.aixiawx.com/,8,9,🔖爱下文学|爱下文学|爱下文学|爱下书嘚|爱下文学
83zws.com,0,83中文网,https://www.83zws.com,8,1,阅读中文
biqusk.com,0,必去yyds,https://www.biqusk.com/,8,8,🔷 笔趣阁|笔趣读吧|笔趣读|笔趣阁|笔趣阁
ruoshuiwx.com,0,若水文学[验证],https://www.ruoshuiwx.com/,8,1,若水文学[验证]
627txt.com,0,👌 爱去小说网,https://www.627txt.com,8,1,爱去小说网🎃
m.25zhongwen.com,0,25中文网,https://m.25zhongwen.com/,8,1,25中文网
xinbqg.com,0,笔趣阁,http://www.xinbqg.com/#,8,8,笔趣阁|笔趣阁|笔趣阁⑤③ #破冰|笔趣阁#87|笔趣阁
txtshuku.org,0,🎉 溜达小说,http://www.txtshuku.org,8,4,溜达小说|溜达小说🎃|md♛-溜达小说 #一程|md♛-溜达小说 #一程
blxs.la,0,🍎八一,https://www.blxs.la,6,5,🎀八一中文|八一中文⑨|八一中文⑪|八一中文15|👍 八一中文⑪[仅发现]
jjjjxs.com,0,💐 爱久久网,https://www.jjjjxs.com,8,3,💐 爱久久网|爱久久网🎃|爱久久网🎃
xhytd.com,0,🍁 黄易小说②,http://www.xhytd.com/#♤pb,8,5,♜黄易小说②|黄易小说🥈|黄易小说|黄易小说|黄易小说②
po18d.com,0,PO18文学②②,https://www.po18d.com/#🚀,8,1,PO18文学②②
m.p2wt.com,0,笔趣阁,https://m.p2wt.com,8,1,笔趣阁
ibiquge.la,0,香书小说,https://www.ibiquge.la,8,3,笔趣阁⑥|笔趣阁|笔趣阁🎃#25
g21.manmeng168.com,0,⭐️ 番薯小说,https://g21.manmeng168.com,8,2,番薯小说|番薯小说
m.zpo18.com,0,🚬 ️PO脸红心跳,https://m.zpo18.com,8,3,PO脸红心跳⑨|PO脸红心跳⑨|PO18文学🎃#22
778buy.com,0,燃文书库🎃,http://www.778buy.com#🎃,7,1,燃文书库
api.lemiyigou.com,0,⭐ 猫眼看书,http://api.lemiyigou.com,8,3,猫眼看书|猫眼看书|猫眼看书🎃
88xiaoshuo.com,0,包小说网,https://www.88xiaoshuo.com,6,4,麻小说网|88小说网④|88小说网③|🍺 88小说网
bqg2.org,0,笔趣阁[新]⑩⑨,https://www.bqg2.org,5,2,笔趣阁⑩⑨|🍁笔趣阁⑩⑨
wap.rousewu.net,0,肉色屋②,https://wap.rousewu.net/#🚀,8,2,肉色屋②|🔖肉色屋
m.lwxs.com,0,乐文小说,https://m.lwxs.com,8,2,乐文小说|乐文小说lwxs
ixdzs8.com,0,🎉 爱下网书,https://ixdzs8.com,8,2,爱下书吧🎃|爱下书吧
rouwennp.me,0,🚬 肉文NP,https://www.rouwennp.me,8,2,肉文NP③|肉文NP③
aastory.space,0,疯情书库,https://aastory.space,6,3,🚬 疯情书库|疯情书库|📖 疯情书库
80zw.la,0,八零小说,http://www.80zw.la#,8,2,🎉 八零小说|八零小说🎃
rouwenwu7.com,0,肉文屋③,https://www.rouwenwu7.com/#🚀,8,1,肉文屋③
wap.fszhusuji.com,0,闪爵小说网,https://wap.fszhusuji.com,8,1,闪爵小说网
m.rouwenwu3.com,0,肉肉屋③,https://m.rouwenwu3.com/#🚀,8,1,肉肉屋③
missevan.com,1,猫耳听书,https://www.missevan.com#乃星,8,9,猫耳听书|猫耳听书|猫耳听书|猫耳听书|猫耳听书
api.97yd.com,0,必看悦读,https://api.97yd.com##尐哖,8,4,必看悦读（优）|必看悦读| 必看悦读▪API -|❀必看悦读API  ♝♝-
dangyuedu.com,0,🎉 当阅读网,https://www.dangyuedu.com,8,1,当阅读网🎃
tingbook.cc,1,听书网吧,https://tingbook.cc,6,4,【⚚⋆听书网】|【⚚⋆听书网】|♬ 听书网① #破冰1025|♬ 听书网① #破冰
qqjt5.com,1,🐳千千静听,http://www.qqjt5.com/,6,2,📻 千千静听|🎧 千千静听
po18xs.com,0,御宅屋④,https://www.po18xs.com/#🚀,8,3,御宅屋④|📖御书屋⑥|御书屋🎃
m.yushuwu.cloud,0,御书屋⑥,https://m.yushuwu.cloud/#🚀,8,3,御书屋⑥|🔞 御书文|🔰 御书屋
m.xtfree1.com,0,🔰 BL小说,https://m.xtfree1.com,8,3,BL小说①|BL小说🎃|👔 B L 小说
qiushu.info,0,🎉 狗狗书籍,http://www.qiushu.info,8,2,求书网吧|求书网
m.shyosun.com,0,孤独小说,https://m.shyosun.com,8,2,📖孤独小说网@任尚仁|孤独小说网🎃
ting456.com,1,📻 听四五六,http://www.ting456.com,6,3,🎋听四五六|♬456听书网 #pb|♬456听书网
songyuwenxue.com,0,松语文学,http://www.songyuwenxue.com,8,3,松语小说|松语文学|松语文学
m.bgnovel.com,0,🔰 言情小说,https://m.bgnovel.com/,8,3,🍊 言情书吧|言情书吧🎃|言情小说网🎃
m.shumw.com,0,💠 书满屋网,https://m.shumw.com,8,1,书满屋网🎃
m.bqg227.com,0,笔趣阁,https://m.bqg227.com,8,2,笔趣阁JS|笔趣阁227🎃
yetianlian.info,0,小说,http://www.yetianlian.info,7,3,小说|夜天连看|小说🎃
ruarourou.top,0,肉肉小说,https://ruarourou.top,3,1,https://ruarourou.to
comic.mkzhan.com,2,漫客栈吧,http://comic.mkzhan.com,8,2,漫客栈|漫客栈
m.akshu88.com,0,🏵爱看书吧,https://m.akshu88.com/,8,2,🔰 爱看书吧|爱看书吧🎃
daomubiji.org,0,盗墓笔记,http://www.daomubiji.org,8,7,盗墓笔记|盗墓笔记|盗墓笔记|盗墓笔记|盗墓笔记
mayitxt.org,0,🎉 蚂蚁阅读,http://www.mayitxt.org,8,3,蚂蚁阅读|蚂蚁阅读|蚂蚁阅读🎃
xinqingdou.com,0,新青豆,http://www.xinqingdou.com,7,3,👍 新青豆小说网[仅发现]|🔰新青豆小说|新青豆
danwenku.com,0,🚬 耽文库,https://danwenku.com,8,4,蛋文库吧|蛋文库|蛋文库🎃|🚬 蛋文库
jiuhuaiwenxue.com,0,九怀小说,https://www.jiuhuaiwenxue.com,8,3,九怀小说|💰九怀中文网|九怀小说🎃
cyxsw.com,0,二次元,https://www.cyxsw.com,7,1,二次元🎃
s.fjwhcbsh.com,0,书枫迟诗,https://s.fjwhcbsh.com,5,1,📖 西宸翡翠
lianjianxsw.com,0,读书阁,http://www.lianjianxsw.com,8,5,🐬开源书源|读书阁|读书阁🎃#3|读书阁|读书阁🎃#2
wap.yqshuku.com,0,📚 言情书库,https://wap.yqshuku.com,8,1,⚜️ 言情书库🔸♀
7zzw.com,0,🎉 七真书院,http://www.7zzw.com,8,3,七真书院[稳定搜索]|七真书院|七真书院🎃
biqushu100.com,0,笔趣阁🚩,http://www.biqushu100.com/,8,1,笔趣阁🎃#6
iwurexs.com,0,四零二零,http://www.iwurexs.com/,8,6,啊电子书|四零二零|跑电子书|四零二零|四零二零
yehanshu.com,0,夜寒书库,https://www.yehanshu.com,8,4,夜寒小说|️夜寒小说|️夜寒小说|🎉夜寒书库①
baoshus.com,0,宝书网,http://www.baoshus.com/,8,1,宝书网
ybsww.com,0,夜伴书屋,https://www.ybsww.com,8,1,夜伴书屋
soeo.net,0,🎉 搜搜小说,http://www.soeo.net,8,3,搜搜小说🎃|📖 搜搜小说|搜搜小说网
m.beiwobook.cc,0,网阅小说,https://m.beiwobook.cc,8,2,网阅小说|网阅小说🎃
3qtxt.com,0,🧐3Q中文网②💯,https://www.3qtxt.com/,6,1,三奇小说网/3Q中文网
baiheks.com,0,白鹤看书,http://www.baiheks.com/,7,2,🔰 白鹤看书|白鹤看书🎃
xbiqugu.net,0,🎉 香书小说,http://www.xbiqugu.net,8,2,笔趣阁|笔趣阁
dbxsn.com,0,独步小说,https://www.dbxsn.com,8,2,独步小说[完结]|独步小说🎃
m.shulouba8.com,0,书楼文吧,https://m.shulouba8.com/,8,1,👍 书楼吧
qq.idejian.com,0,得间小说,https://qq.idejian.com,8,3,得间小说|得间小说|得间小说🎃#3
xs3000.com,0,🎉 小说三千,http://www.xs3000.com,8,1,小说三千🎃
oldtimeswx.cc,0,旧时光文学,https://www.oldtimeswx.cc/,6,2,旧时光文学|旧时光文学🎃
lingjingxingzhe.com,0,灵境行者,https://lingjingxingzhe.com,7,3,灵境行者|灵境行者（优）|灵境行者
i2book.com,0,🎉爱看书吧①,http://www.i2book.com/,5,1,爱看书吧
mxz.cc,0,梦想者,http://www.mxz.cc/,7,4,梦想者3|梦想者|梦想者|梦想者
wap.115wx.cc,0,👌 115文学,http://wap.115wx.cc,8,5,药丸文学|疑问文学|衣服文学|115文学🎃|🍊 115文学
roushuwu8.com,0,肉书屋③,https://www.roushuwu8.com/#🚀,8,1,肉书屋③
m.rousewu.in,0,🚬 肉色屋,https://m.rousewu.in,8,4,肉色屋①|📚 肉色屋网|㊕ ✾肉色屋 #一程1101|🔥 肉色屋
txtxs101.com,0,💐 一百零一,https://www.txtxs101.com,8,1,一百零一🎃
pilishuwu.com,0,霹雳书屋,https://www.pilishuwu.com#,8,3,霹雳书屋|🔰 霹雳书屋|完本小说
baitxt.com,0,🪔️ 百书阁,http://www.baitxt.com/,8,3,百书阁小说网|🪔️ 百书阁|百书阁小说网
m.gashuw.com,0,🎉 歌书小说,http://m.gashuw.com,8,5,歌书网吧|📥 歌书网|歌书小说🥉|歌书小说|歌书小说
m.95dushu.com,0,🏆 九五小说,http://m.95dushu.com,8,1,九五小说🎃#2
dabaipc.com,0,大白小说,https://www.dabaipc.com#🎃,8,3,🔰 大白小说|大白小说|大白
369book.com,0,三六九文,https://www.369book.com#🎃,6,3,369小说网|🎴 369小说网|R 369小说网##小猫咪🐶
m.waptxt.org,0,手机电子,https://m.waptxt.org,8,1,🎀手机电子
xstt5.com,0, 小说天堂 #一程1,https://www.xstt5.com#yc11,6,5,小说天堂|㊞ 小说天堂 #一程|㊞ 小说天堂 #一程1101|小说天堂🎃|小说天堂（发现）
cordmeta.com,0,📖风铃小说网@任尚仁,https://www.cordmeta.com/,8,1,风铃小说网🎃
gj.zdic.net,0,汉典古籍（发现）,http://gj.zdic.net,8,5,📚 汉典古籍|📚 汉典古籍|📚 汉典古籍|📚 汉典古籍|汉典古籍
m.doufuyuedu.com,0,💰 豆腐阅读,https://m.doufuyuedu.com,7,3,豆腐|🍊 豆腐app|豆腐🎃
m.45zw.cc,0,四五中文（发现）,https://m.45zw.cc/,8,1,四五中文
janpn.com,0,键盘小说🎃,https://www.janpn.com#🎃,7,9,💯键盘小说①|🔰 键盘小说|♜+键盘小说 #破冰|♜+键盘小说 #破冰|👍 键盘小说
biquge34.net,0,🎉 笔趣阁,https://www.biquge34.net,7,2,笔趣阁|笔趣阁#71
wap.cmread.com,0,💰 咪咕阅读,https://wap.cmread.com,8,5,咪咕阅读|咪咕阅读 #一程|㊣ 咪咕阅读 #一程1101|🎉咪咕阅读~a|💵 咪咕阅读
m.ytryx.com,0,顶点小说,  https://m.ytryx.com,8,2,顶点小说🎃#12|📖顶点小说@任尚仁
95dushu.net,0,💠 九五书包,http://www.95dushu.net,8,1,九五书包🎃#2
kyxsw.org,0,优·快眼小说🎃,http://www.kyxsw.org#🎃,8,1,优·快眼小说
zerifeisheng.com,0,👍 择日飞升,https://zerifeisheng.com/,8,2,🎉 择日飞升|择日飞升🎃
m.6lk.la,0,💠 乐库小说,http://m.6lk.la,8,1,乐库小说🎃
00shu.la,0,💠 零零小说,https://www.00shu.la,8,3,零零小说|零零小说|零零小说
api.jmlldsc.com,0,猫眼看书,http://api.jmlldsc.com,8,3,🎉猫眼看书|猫眼看书|猫眼看书🎃#2
mayiwsk.com,0,蚂蚁文学,https://www.mayiwsk.com/#♤pb,8,3,👌 蚂蚁文学|蚂蚁文学|蚂蚁文学🎃
xianyuandisplay.com,0,仙域书库,http://www.xianyuandisplay.com/,7,1,仙域书库
xiybook.com,0,笔趣阁138,http://www.xiybook.com,5,1,笔趣阁🎃#14
ifeiyanqing.com,0,💌飞言情,https://www.ifeiyanqing.com,8,2,飞言情🎃|飞言情小说
wlwx.la,0,💠 文桑小说,http://www.wlwx.la,8,2,文桑小说|文桑小说
novel-api.elklk.cn,0,9x阅读器（优）,https://novel-api.elklk.cn/,6,1,9x阅读器
shumilou.co,0,书迷酒楼,https://www.shumilou.co/,8,1,书迷楼吧
m.dushuapp.net,0,笔书阁子（优）,http://m.dushuapp.net/,5,1,🎉 笔书阁
0cungs6uh7.22o5y90q5g.205639.xyz,0,🕮图书世界,http://0cungs6uh7.22o5y90q5g.205639.xyz/,8,2,图书世界|图书世界🎃
m.kygnew.com,0,卡夜阁,http://m.kygnew.com/,7,2,卡夜阁网|卡夜阁
yiruan.info,0,💠 亿软小说,http://www.yiruan.info,8,3,亿软小说|亿软小说|亿软小说
api-new.iqingguo.com,0,爱青果,https://api-new.iqingguo.com/,6,3,🌙 爱青果网|爱青果吧|爱青果🎃
bqg6.com,0,笔趣阁63,https://www.bqg6.com/,5,1,笔趣阁⑥
biquge99.cc,0,笔趣阁#21,https://www.biquge99.cc#,6,5,笔趣阁㊵|🌐 笔趣阁网|笔趣阁🎃#16|♜ ✎笔趣阁㊵ #破冰1101|笔趣阁127
bqg24.com,0,笔趣阁#94,http://www.bqg24.com,7,3,🎉 笔趣阁24|笔趣阁#94|笔趣阁🎃#31
js.jsxsapp.com,0,追书小说,https://js.jsxsapp.com,6,1,追书小说
m.anshuge.com,0,大帝小说库,http://m.anshuge.com/,7,1,大帝小说🎃#2
api.aixdzs.com,0,爱下电子书,http://api.aixdzs.com,6,3,爱下小说|爱下小说|📖 爱下小说
bqg36.com,0,笔趣阁#17,http://www.bqg36.com,7,3,🎉 笔趣阁36|笔趣阁#17|笔趣阁🎃#26
tanmenba.com,0,名著阅读,https://www.tanmenba.com,8,1,📚 名著阅读
s30001.zhongyue001.com,0,灯读文学,https://s30001.zhongyue001.com,8,2,灯读文学|灯读文学🎃
apitt.kanshushenapp.com,0,看书神,http://apitt.kanshushenapp.com/,6,4,看书神网|看书神app|看书神app|看书神🎃
reader.browser.miui.com,0,小米阅读,https://reader.browser.miui.com/v2/,8,6,小米阅读|小米阅读|小米阅读|小米阅读|🔰 🔆小米阅读
vreader.vivo.com.cn,0,趣悦小说,https://vreader.vivo.com.cn/,8,1,🔰 趣悦小说/vivo电子书
wap.zzs5.info,0,猪猪手机TXT小说下载网,http://wap.zzs5.info,7,1,猪猪手机TXT小说下载网🎃
app.kujiang.com,0,酷匠网吧,https://app.kujiang.com,8,2,酷匠网吧|酷匠阅读
zhaishulou.org,0,摘书网🎃,http://www.zhaishulou.org#🎃,8,1,摘书网
androidapi.junshishu.com,0,铁血读书,http://androidapi.junshishu.com/,6,1,铁血读书
banzhu77777.com,0,🚬 第一版主17,https://www.banzhu77777.com,8,1,📪第一版主@直男
m.youdian5.com,0,🎉 优点小说,https://m.youdian5.com,6,1,⛅ 逼事阁😎
m.xaanr.com,0,🎉 笑傲文学,https://m.xaanr.com,5,1,笑傲文学
m3.xy776.cn,0,🍊 玉石书楼,http://m3.xy776.cn/,7,2,玉石书楼🎃|🍊 玉石书楼
xbiquwx.la,0,🍁笔趣阁⑤①,https://www.xbiquwx.la/,8,10,笔趣阁🎃#15|笔趣阁|笔趣阁🎃#6|♛ 笔趣阁 #一程|♜✎笔趣阁⑤ #破冰
biquka.com,0,💯八戒中文网,http://www.biquka.com/,6,2,八戒中文|八戒中文🎃
duanqiufeng.com,0,断秋风,http://www.duanqiufeng.com/,8,2,🎉 断秋风|🌸 断秋风
tycqzw.com,0,天域小说,https://www.tycqzw.com#🎃,8,2,天域小说|天域小说
xmayitxt.com,0,蚂蚁阅读,http://www.xmayitxt.com/,8,3,蚂蚁阅读|蚂蚁阅读|蚂蚁阅读
m.qiuxiaoshuo.org,0,求小说网手机站🎃,https://m.qiuxiaoshuo.org#🎃,8,2,🔰 求小说网手机站|求小说网手机站
isiluke.net,0,思路客②🥉,http://www.isiluke.net/,8,3,思路客|思路客②|思路客🎃#4
rouwennp.club,0,肉文np,https://www.rouwennp.club/,8,2,🈲肉文NP|肉文NP🎃
m.dddi.cc,0,顶点小说,https://m.dddi.cc/,7,2,🔰 顶点小说|顶点小说🎃#10
xbiquta.com,0,新笔趣塔,http://www.xbiquta.com/,8,3,笔趣阁#41|笔趣阁|笔趣阁🎃#23
ahfgb.com,0,笔趣阁🎃#12,https://www.ahfgb.com#🎃,7,2,📖 笔趣阁网|🎉 笔趣阁①
pub.ddrd8.com,0,企鹅听书,http://pub.ddrd8.com/,6,1,企鹅书小
h5.duduxiaoshuo.top,0,🌸 笔趣阁㉓,http://h5.duduxiaoshuo.top,7,2,笔趣阁㉓|笔趣阁㉓
x36sfw.com,0,36书房网,https://www.x36sfw.com/,7,3,书房网吧|36书房网🎃|Ⓐ 三六书房
mhtxs.cc,0,棉花糖,http://www.mhtxs.cc##,7,3,棉花糖小说网|棉花糖小说网|棉花糖网
bookben99.cc,0,📖书本网[稳],http://www.bookben99.cc/,8,2,书本网🎃|🔰 书本网
bk.jdkg.fun,0,AO3镜像🎃,https://bk.jdkg.fun#🎃,7,1,AO3镜像
m.aofce.com,0,傲风文学,https://m.aofce.com/,6,2,傲风文学网|傲风文学网🎃
m.ruochenwenxue.com,0,👌 若晨文学,https://m.ruochenwenxue.com,7,2,若晨文学|若晨文学🎃
m.po18as.com,0,🚬 PO18文学,https://m.po18as.com,8,1,PO18文学🎃#8
m.xiang5.com,0,🛍︎香网小说,"http://m.xiang5.com
",6,2,💰 香网排行|📃香网排行
txt86w.com,0,八啦小说,http://www.txt86w.com/##@遇知,8,3,八啦小说|风险小说|86小说🎃
wpzw.cc,0,番茄,http://www.wpzw.cc/,8,3,番茄_By-[曦灵]|番茄小说🎃#2|🎉 番茄小说
po18v.com,0,🚬 珀斯白瓦,https://www.po18v.com,6,2,PO18脸红心跳①【分卷】 #未月十八1|👔 PO18网
ixs5200.com,0,爱小说网,http://www.ixs5200.com#md-pb1101,8,3,爱小说网|爱小说🎃|+♛+爱小说网 #破冰1130
po18to.com,0,🚬 PO18文学,https://www.po18to.com,8,1,PO18文学🎃#12
m.bsxiaoshuo.com,0,👌 笔尚小说,https://m.bsxiaoshuo.com,8,3,笔尚小说|笔尚小说|笔尚小说🎃
ibuk.org,1,声音分享,http://ibuk.org,2,1,ASMR1
manhuadb.com,2,牧贺顿柏,https://www.manhuadb.com/,8,3,漫画大全|漫画大全|漫画夺宝（慢）
new-qk.lifves.com,0,期刊杂志（优）,http://new-qk.lifves.com/,8,2,期刊杂志|期刊杂志
swsk.org,0,35小说🎃,http://www.swsk.org#🎃,7,1,35小说
fbook.net,0,👌 天下书盟,http://www.fbook.net/,8,3,🎉 天下书盟|天下书盟|天下书盟🎃
m.taomanhua.com,2,🎨 神漫画,https://m.taomanhua.com/,8,2,神漫画 |神漫画
download.maoyankanshu.la,0,🐈 猫眼看书,http://download.maoyankanshu.la,8,2,猫眼看书|猫眼看书
xsyz.cc,0,小说驿站,https://www.xsyz.cc,6,2,小说驿站|零点看书[soruncg]
music.liuzhijin.cn-kuwo,1,音乐-酷我,https://music.liuzhijin.cn-kuwo,1,1,📻 酷我音乐
m.baizixs.com,0,📖百字小说网@任尚仁,https://m.baizixs.com/,8,1,百字小说网
fanqianxs.com,0,饭前小说,https://www.fanqianxs.com,7,5,番茄小说⑥|番茄小说③|西 红 柿◾️|♜番茄小说② #破冰1101|番茄小说
88ttv.com,0,茄子小说,https://www.88ttv.com,8,2,番茄小说|番茄小说②
wucuoxs.com,0,⭐ 无错小说,https://www.wucuoxs.com,7,7,无错小说|无错小说8|💯文学小说|♜ 无错小说 #一程1101|无错小说
22yydstxt178.com,0,🔰 第一版主,https://www.22yydstxt178.com/,8,2,第一版主①| 第一版主🕮
m.bimoks.com,0,笔墨看书,https://m.bimoks.com#,6,3,📚 笔墨看书|笔墨看书网M|笔墨看书🎃#2
quledu.com,0,无错小说,https://www.quledu.com/,7,2,无错小说|无错小说7
xn--ksp-mxgmxgcom-yp8ve33bkpevz1kpxq.mxgmh.com,0,漫香阁,https://xn--ksp-mxgmxgcom-yp8ve33bkpevz1kpxq.mxgmh.com/,8,2,🔰 漫香阁|漫香阁🎃
ranwen.org,0,燃文小说,https://www.ranwen.org/,7,4,燃文小说|燃文小说|🍺 燃文小说⑪|💦燃文小说⑪
ranwena.com,0,燃文小说,https://www.ranwena.com/,7,4,燃文小说|燃文小说|燃文小说🎃#2|燃文小说
yeziwx.com,0,土豪小说,https://www.yeziwx.com/,8,1,土豪小说
97mv.cn,0,趣书网站,http://www.97mv.cn,8,2,🌐 趣书网站|九七小说网
wzxywj.com,0,燃文小说,https://www.wzxywj.com#,7,3,燃文小说|燃文小说|燃文小说
ranwen.net,0,燃文小说,https://www.ranwen.net,7,3,燃文小说|燃文小说|燃文小说
yqd6.com,0,七八中文,https://www.yqd6.com,7,2,七八中文🎃|📖 七八中文
znxdxs.com,0,顶点小说,https://www.znxdxs.com/,7,3,顶点小说|顶点小说|顶点小说#3
yanmoxuan.net,0,衍墨轩吧,http://www.yanmoxuan.net/,8,3,衍墨轩吧|衍墨轩吧|衍墨轩包
rucedu.net,0,思路客网,https://www.rucedu.net/,7,2,思路客吧|思路客吧
wap.wangshuge.info,0,望书阁网,http://wap.wangshuge.info,8,1,望书阁
m.thjsl.org,0,桃花小说网,https://m.thjsl.org/##檬默默,7,1,桃花小说网🎃
biquge34.com,0,笔趣阁183,https://www.biquge34.com,5,1,笔趣阁143
shu008.com,0,书林文学[成品分享],http://www.shu008.com/,8,2,书林网(仅发现可用)|🎉 书林文学~站内
heenee.com,0,全本小说,https://www.heenee.com/,7,3,全本小说|全本小说|全本小说🥉
dzxzh.com,0,笔趣阁,https://www.dzxzh.com#🎃,7,4,笔趣阁|笔趣阁167|🍺 笔趣阁⑦⑧|🍁笔趣阁⑦⑧
xzmncy.com,0,笔趣阁,https://www.xzmncy.com,7,2,笔趣阁184|笔趣阁🎃#27
banwenwu.com,0,爱搬文屋,https://www.banwenwu.com#,8,2,搬文屋|搬文屋🎃
ydxrf.com,0,笔趣阁,https://www.ydxrf.com#🎃,7,2,笔趣阁|笔趣阁132
sypvm.com,0,笔趣阁,https://www.sypvm.com,8,2,笔趣阁|笔趣阁
shqxjx.com,0,笔趣阁,https://www.shqxjx.com#🎃,7,2,笔趣阁|笔趣阁31
dnmcn.com,0,笔趣阁,https://www.dnmcn.com/,7,2,笔趣阁|笔趣阁🎃#20
m.xunhuanli.com,0,PO文,https://m.xunhuanli.com,8,1,PO文🎃
dawenxue.net,0,大文学吧,https://www.dawenxue.net,7,2,大文学网|大文学🎃#2
m.19shuyuan.com,0,19书院,https://m.19shuyuan.com,7,1,19书院🎃
luoxia.com,0,落霞小说,https://www.luoxia.com,8,4,落霞小说|📚 落霞小说|落霞小说|落霞小说🎃
biquw.info,0,笔趣网吧,http://www.biquw.info#🎃,8,3,笔趣阁|笔趣阁|笔趣网吧
bifengzw.com,0,东流小说,https://www.bifengzw.com/,7,1,东流小说
5scw.com,0,我的书城网,https://www.5scw.com,8,2,我的书城|我的书城网🎃
80zw.info,0,🎉 八零小说,http://www.80zw.info,6,1,🎉 八零小说
wurexs.com,0,🎉 4020电子书,http://www.wurexs.com,7,4,4020电子书🎃|💯二零电子书|🎉 4020电子书·壹|Ⓑ 四零二零
31xs.com,0,小说网吧,https://www.31xs.com/,7,5,💦31小说网|三一小说🎃|月小说网由静白校验，如果搬运其他渠道可自|前辈小说|三一小说🎃
m.lianzaisu.com,0,🎉 连载书,https://m.lianzaisu.com,7,1,📖 连载书网
m.newxxs.cc,0,新小说,https://m.newxxs.cc,8,1,新小说
61ksw.com,0,61看书,https://www.61ksw.com,8,1,61看书🎃
qushucheng.com,0,我的书城 （必应搜索）,https://www.qushucheng.com,8,1,我的书城🎃
m.umixs.info,0,完美小说_By-[曦灵],http://m.umixs.info,8,1,完美小说_By-[曦灵]
esjzone.me,0,👌 ESJZONE,https://www.esjzone.me,8,4,尾巴小说（繁体）|青日文学（优）|ESJ轻小说.me|ESJZONE🎃
quexs.org,0,恶缺小说,http://www.quexs.org#,7,1,🌸缺小说
scxs.pysmei.com,0,📖 笔趣阁源,https://scxs.pysmei.com/,8,1,🎉 笔趣阁源
xuanshu.org,0,💠 选书小说,http://www.xuanshu.org,8,2,选书小说|选书小说
biquw.la,0,必去小说,http://www.biquw.la,8,3,笔趣网|笔趣阁|必去小说
daizhige.org,0,📖 殆知阁网,http://www.daizhige.org/,6,1,殆知阁
haitangshuwo.com,0,海棠书屋🎃,https://www.haitangshuwo.com#🎃,7,2,海棠书屋|海棠书屋
m.5haitang.com,0,🔰 海棠书屋,https://m.5haitang.com,8,1,海棠书屋🎃#2
wkxs.net,0,悟空看书,https://www.wkxs.net/#♤pb,7,3,悟空看书|悟空看书|悟空看书
m.rouzhaiwu.org,0,🥙肉宅屋,https://m.rouzhaiwu.org,8,1,肉宅屋②
wodexs.com,0,🎉我的小说①,https://www.wodexs.com/,6,3,我的小说|🍊 我的小说|♜我的小说
m.doupocangqiong1.com,0,斗破苍穹小说网,http://m.doupocangqiong1.com/,7,4,🔰 斗破苍穹小说网|🎉 斗破苍穹小说网|斗破苍穹小说网(作者abyssesml)|斗破苍穹小说网🎃
fushuwang.net,0,福书网,https://www.fushuwang.net/,8,2,福书网🎃#2|福书网
aaread.space,0,AA阅读(需科学上网),https://aaread.space/,5,1,🔞 疯情书库④ 🪜
api.motie.com,0,免费小说,http://api.motie.com/,8,3,免费小说|免费小说|免费小说🎃
siluke.tw,0,思路客,https://www.siluke.tw/,8,5,思路客|思路客|👍 思路客③|思路客①|思路客
m.9ggd.com,0,9格格党,http://m.9ggd.com/,6,1,格格党
longtansw.com,0,龙坛书网,https://www.longtansw.com/,6,2,🎀龙坛书网|龙腾书网™🔥
qodown.com,0,格格党吧,http://www.qodown.com,8,2,📃格格党|格格党🎃
m.fqxs123.com,0,麻瓜小说（发现）,https://m.fqxs123.com/,8,5,番茄小说[🈲]|笔趣小说|番茄小说|番茄123|番茄小说123🎃
m.ecc6.com,0,钱小说网,https://m.ecc6.com,8,3,白小说网|🎀E  六小说|E小说网🎃
ghost580.com,0,完本阁子,https://www.ghost580.com,8,2,🔰 完本阁|完本阁🎃
m.bqg122.com,0,🔰 笔趣阁,https://m.bqg122.com,6,1,笔趣阁122(套娃)
yjxsw.com,0,永久小说,http://www.yjxsw.com,6,1,永久小说网🎃
joseph-sz.net,0,🎉 宁谧小说,http://joseph-sz.net,7,1,宁谧小说
tatays.com,0,菜小说网,https://www.tatays.com/allbook,6,3,啊小说网|126小说网🎃|126小说网
m.qqwx.win,0,🚭QQ文学网,http://m.qqwx.win,8,2,🚭QQ文学网|QQ文学🎃
aiyinbei.com,0,爱因小说,http://www.aiyinbei.com#🎃,8,2,爱因贝书|爱因小说
xbotaodz.com,0,👀快眼看书,http://www.xbotaodz.com/,8,2,快眼看书🎃#3|🔰 快眼看书
256zw.cc,0,256中文,https://www.256zw.cc,6,2,天文中文|小说中文
m.ppxs.net,0,人人小说,http://m.ppxs.net/,6,1,人人小说
downcg.cc,0,📃笔趣阁DO,http://www.downcg.cc/,8,2,笔趣阁🎃#37|🎉 笔趣阁
shuq.net,0,书旗小说,https://www.shuq.net/,7,3,书旗小说|书旗小说|书旗小说
m.kxiaoshuo.com,0,梅语中文,https://m.kxiaoshuo.com/,6,1,梅语中文
qdsf.net,0,🌸情豆书坊,https://www.qdsf.net/,8,1,情豆书坊🎃
xiaoshuopu.com,0,顶点小说,https://www.xiaoshuopu.com#🎃,7,3,顶点小说|顶点小说|顶点小说#5
syhzzf.com,0,乐文小说,https://www.syhzzf.com/,7,2,乐文小说🥉|乐文小说🥉
esnta.com,0,妙镜小说,https://esnta.com,7,2,妙镜小说|妙镜小说🎃
luoqiu.cc,0,👍 落秋中文②,https://www.luoqiu.cc,6,1,落秋中文
m.zjlskls.com,0,po18分站🎃,http://m.zjlskls.com#🎃,7,1,🎈po18分站
skynan.com,0,顶点小说,https://www.skynan.com#🎃,7,3,顶点小说|🎉 顶点小说|顶点小说#6
ysfwxc.com,0,御书房,https://www.ysfwxc.com/,8,1,👍御书文学
ciyuanrukou.com,2,👙九妖漫画,https://ciyuanrukou.com/,8,1,👙九妖漫画
97yd.com,0,必看悦读2,https://www.97yd.com/,8,3,必看悦读|九七小说|🔞 97阅读
jwzhn.com,0,乐文小说,https://www.jwzhn.com#🎃,7,2,乐文小说②|乐文小说
wujixsw.info,0,无极小说,https://wujixsw.info,7,3,无极小说|无极小说|无极小说
wap.xuanyge.info,0,️玄幻阁,http://wap.xuanyge.info,8,2,️玄幻阁子|玄幻钱阁
douyinxs.com,0,抖音小说,https://www.douyinxs.com,8,3,抖音小说|抖音小说|抖音小说
furongzw.com,0,📃芙蓉中文[验证码],https://www.furongzw.com,8,3,📃芙蓉中文[验证码]|芙蓉中文|🌸 芙蓉中文
ibiquw.com,0,笔趣阁🎃#16,http://www.ibiquw.com#🎃,8,2,笔趣阁网|👍 必去网站[盗]
bqg7.com,0,笔趣阁bqg7[修复],https://www.bqg7.com/,6,2,🔰 笔趣阁7|Ⓒ 笔趣阁⑦
duwanjuan.com,0,💦读万卷小说,http://www.duwanjuan.com/,6,2,🐑读万卷书|👍 读万卷
m.haitangwx.com,0,🔰 海棠文学,https://m.haitangwx.com,8,3,海棠文学③|海棠文学③|海棠文学🎃
wap.hsjsby.com,0,天籁小说,https://wap.hsjsby.com,8,4,天籁小说|天籁小说|天籁小说🎃#2|天籁小说🎃
qqxsqqxs.com,0,芊芊小说,https://www.qqxsqqxs.com/#♤pb,7,4,芊芊小说|芊芊小说|芊芊小说🎃|🔖芊芊小说
3yt.la,0,💐 若雨中文,http://www.3yt.la,8,3,若雨中文|若雨中文|🏵若雨中文
m.eyushuwu.vip,0,🔰 新御书屋,https://m.eyushuwu.vip,8,2,新御书屋⑤|新御书屋⑤
wap.ibiquge.la,0,🍺 笔趣阁②,https://wap.ibiquge.la,8,1,香书小说
biquge123.cc,0,笔趣阁152,https://www.biquge123.cc,5,4,笔趣阁9|✨36备用|笔趣阁|✎ 笔趣阁
m.xyuzhaiwu6.com,0,🔰 新御宅屋,https://m.xyuzhaiwu6.com,8,2,新御宅屋⑥|新御宅屋⑥
sanjiushuwu.com,0,⚠️ 三九书屋,https://www.sanjiushuwu.com,6,1,三九书屋
biqugewu.net,0,笔趣阁[gewu],http://www.biqugewu.net/,6,3,🎉 笔趣阁⑥|○♜-✎笔趣阁⑤⑧ md #pb m列表|♜ ✎笔趣阁⑤⑧ #破冰1101
wap.powenwu6.com,0,🚬 肉肉屋,https://wap.powenwu6.com,8,3,肉肉屋⑥|肉肉屋⑥|肉肉屋🎃#3
m.rourouwu2.com,0,肉肉屋②,https://m.rourouwu2.com/,8,1,肉肉屋②
fuwenge.com,0,🍊 腐文阁pc,https://www.fuwenge.com,6,1,腐文阁
rourouwu1.com,0,🚬 肉肉屋,https://www.rourouwu1.com,8,2,肉肉屋①|肉肉屋①
m.meiguixs.net,0,玫瑰小说,http://m.meiguixs.net#,6,4,玫瑰小说|玫瑰小说🎃|玫瑰小说|玫瑰小说网
m.nprouwen.org,0,🚬 肉文屋,https://m.nprouwen.org,8,2,肉文屋⑦|肉文屋⑦
3378.org,0,笔趣屋[3378],https://www.3378.org/,5,2,🌟 笔趣屋|笔趣屋🎃
m.rouwenwu16.com,0,🚬 肉文屋,https://m.rouwenwu16.com,8,3,肉文屋⑥|肉文屋⑥|肉文屋🎃
tongrenquan.org,0,同人圈网（发现）,https://tongrenquan.org,8,8,同人小说|🌾同人圈|👍同人圈|👍同人圈|♜ 同人圈 #一程1101
zuowenjing.com,0,笔趣阁,http://www.zuowenjing.com#🎃,8,1,笔趣阁0
gazww.com,0,广安中文,http://www.gazww.com,8,3,广安中文|广安中文|广安中文网
m.po18gw.com,0,🚬 PO18文学,https://m.po18gw.com,8,3,PO18文学④|PO18文学④|PO18文学🎃#14
m.xiashuyun.com,0,🎉 下书云网,https://m.xiashuyun.com,6,1,下书网
jile1.com,0,🚬 PO18文学,https://www.jile1.com,8,1,PO站🎃
23us.tw,0,顶点小说,https://www.23us.tw/#♤pb,8,9,顶点小说|顶点小说|顶点小说|🔰 顶点小说|顶点小说
ddxsku.com,0,顶点小说,http://www.ddxsku.com,7,2,顶点小说|🎉顶点小说㉕
m.po18yu.com,0,🚬 ️PO脸红心跳,https://m.po18yu.com,8,3,PO脸红心跳⑤|PO脸红心跳⑤|日居月诸🎃
12z.cn,0,水照茶浓（下载）,http://www.12z.cn/index.html,5,2,下·免费小说网🎃|下·免费小说网
get.aoyekanshu.com,0,熬夜看书app,https://get.aoyekanshu.com,6,1,熬夜看书
music.163.com,1,音乐-网易,http://music.163.com,8,5,音乐-网易|📖 网易音乐|📻 网易云音乐|📻 网易云歌单1|📻 网易云歌单1
mip.fyxsw.cc,0,风云小说,http://mip.fyxsw.cc,8,1,风云小说网
00shu.com,0,♜00小说网① ,https://www.00shu.com/#♤pb,8,5,♜00小说网|皮小说网|丹小说网|零零小说|🍺 00小说网①
xpsge.com,0,笔趣阁⑧③,http://www.xpsge.com/,6,1,🎉 笔趣阁
read.xiaoshuo1-sm.com,0,书旗小说🎃,https://read.xiaoshuo1-sm.com#🎃,7,3,书旗小说#玄奇21.0202|💵 书旗小说|🔰书旗小说
m.wsskw.com,0,电子书叁,http://m.wsskw.com,8,1,4020电子书🎃#2
shucang.cc,0,书仓网络（优）,https://www.shucang.cc,8,4,书仓网吧|书仓网吧|🔰书仓网|♞书仓网 #破冰1101
es.bookan.com.cn,0,📚博看图书,https://es.bookan.com.cn/,7,2,📚 无锡图书|📚安徽图书馆
wap.maxreader.la,0,️顶点小说️（优）,https://wap.maxreader.la/,7,3,️顶点小说️|醉读小说️|️顶点小说️
epxs.net,0,子小说网,http://www.epxs.net/,8,1,一品小说
uidzhx.com,0,奇书网吧,http://www.uidzhx.com,8,2,奇书网吧|👍 奇书网
biquge5200.net,0,笔趣阁,http://www.biquge5200.net#🎃,8,4,笔趣阁|笔趣阁|笔趣阁#2|笔趣阁㉖ #破冰1101
klxsw.org,0,可乐小说②,http://www.klxsw.org/,6,3,♜可乐小说② #破冰1101|♜可乐小说② #破冰|🔖可乐小说
yunxs.info,0,云中书库,http://www.yunxs.info,8,3,云中书库|云中书库|云中书库
67shu.org,0,六七书吧,http://www.67shu.org/,8,2,数字书吧|67书吧🎃
m.zwduxs.com,0,八一中文,https://m.zwduxs.com#,8,5,八一中文|八一中文|八中文网|八一中文🎃#2|⁸¹中文
z1xs.com,0,🎀章鱼小说,http://www.z1xs.com/,6,5,章鱼小说|章鱼小说|章鱼小说|章鱼小说|章鱼小说🎃
x36sfw1.com,0,36书房🎃,https://www.x36sfw1.com#🎃,7,1,36书房
dongnanshu.com,0,🙈东南书,https://www.dongnanshu.com,8,1,东南书🎃
rzlib.org,0,日照小说,http://www.rzlib.org/,8,2,日照小说|♜日照小说网① #破冰1101
ishengxu.cc,0,圣墟小说网2,http://www.ishengxu.cc,7,1,♠ 圣墟小说
ddxsw.la,0,顶点小说31,http://www.ddxsw.la,6,1,顶点小说21
ranwen.tw,0,燃文小说,https://www.ranwen.tw/,8,6,燃文小说|燃文小说|燃文小说|燃文小说#5|♜ 燃文小说① #一程
biqugexs.com,0,笔趣阁,http://www.biqugexs.com,7,2,笔趣阁|笔趣阁🎃#10
80zw.cc,0,🎀八零中文,http://www.80zw.cc/,5,3,八零中文|♜八零中文网 #破冰1101|♜八零中文网 #破冰
ezuxs.com,0,📖 异族小说,http://www.ezuxs.com/,5,1,异族小说网
qkzw.net,0,奇快中文,http://www.qkzw.net/,8,3,奇快中文①[qkzw]|奇快中文①[qkzw]|奇快中文
mengyuanshucheng.com,0,梦远书城,http://www.mengyuanshucheng.com,8,7,✾♜+梦远书城|🎉 梦远书城|🎉 梦远书城|Ⓢ 梦远书城|梦远书城
81zw.tv,0,八一中文,http://www.81zw.tv/,7,3,八一中文|八一中文|八一中文
txt101.com,0,桃花言情,http://www.txt101.com#乃星1,6,8,101言情④|101言情③|101言情|🍊 言情小说·贰|🌸101言情
10zw.com,0,一零中文网,https://www.10zw.com/,6,2,一零中文网|一零中文🎃
zwpaopao.com,0,中文泡泡,https://www.zwpaopao.com,8,1,🎉 中文泡泡
56zw.com,0,五六中文网,https://www.56zw.com,8,5,五六中文|五六中文网|五六中文|五六中文网 |⚡️五六中文网
akzw.com,0,爱看中文,https://www.akzw.com,5,3,♜爱看中文网 #破冰1101|⚡爱看中文网1|爱看中文网
biquduo.com,0,笔趣阁①⓪⑨,https://www.biquduo.com,7,1,💦笔趣阁㊹
svimeng.com,0,随梦小说,http://www.svimeng.com/#♤pb,5,3,随梦小说|📚 随梦小说|随梦小说
soduzw.com,0,搜读中文,http://www.soduzw.com#🎃,7,3,搜读|搜读中文|搜读中文
biqueg.vip,0,🍁新笔趣,https://www.biqueg.vip,8,1,笔趣阁🎃#19
ranwenbook.com,0,燃文小说,https://www.ranwenbook.com,8,1,燃文小说
lewen.org,0,乐文小说,http://www.lewen.org/,6,3,乐文小说[leo]|乐文小说|⚡乐文小说1
lyxsg.com,0,知轩藏书-1,http://www.lyxsg.com,7,1,知轩藏书
52xs.net,0,🎉52小说①①,https://www.52xs.net/,5,1,🌸 52小说①
73zw8.com,0,七三中文,https://www.73zw8.com,8,2,七三中文|七三中文网🎃
69shu.la,0,🎉六九书啦①,https://www.69shu.la/,5,5,推荐书啦|统计书啦|统计书啦| 条件书啦|统计小说
aixiatxt.com,0,爱下小说,http://www.aixiatxt.com,8,1,破唔小说
45txt.com,0,📚 四五小说,https://www.45txt.com,6,3,♜45小说网 |♜45小说网 #破冰1101|♜45小说网
m.xbiqusa.info,0,🎉 笔趣阁,http://m.xbiqusa.info,7,2,笔趣阁🎃#20|笔趣阁[xbiqusa]
ttshuba.net,0,天天书吧,http://www.ttshuba.net/,8,3,天天书吧[ttsh]|♜天天书吧|♜天天书吧 #破冰
m.shuhuang.la,0,书荒啦文学网,https://m.shuhuang.la/,7,2,🍑 书荒啦啦|书荒啦文学网#玄奇21.0202
shouda8.net,0,钱手打吧,http://www.shouda8.net,5,1,手打吧网
m.555b.net,0,吾爱文学,https://m.555b.net,8,1,新吾爱文
3qzw.cc,0,区中文网（发现）,http://www.3qzw.cc/,8,3,📃3Q中文网①|♜3Q中文网|♜3Q中文网 pb
92wx.la,0,就爱文学,https://www.92wx.la/#,8,3,就爱文学|就爱文学|✐  九二文学
25zw.net,0,中文网吧（发现）,http://www.25zw.net/,8,3,唔中文网|🎀二五中文|♜25中文网
qhyrzs.com,0,🍒清河文学网,https://www.qhyrzs.com/,8,2,🎉 清河文学|清河文学🎃
biquge55.net,0,笔趣阁,https://www.biquge55.net,7,4,笔趣阁|笔趣阁|笔趣阁|♜ ✎笔趣阁⑬⑥ #破冰1101
m.xbotaodz.com,0,快眼看书,http://m.xbotaodz.com,8,1,快眼看书🎃#4
android-api.xrzww.com,0,息壤中文,https://android-api.xrzww.com/,8,2,息壤中文|息壤中文网
idingdian.com,0,顶点小说网,http://www.idingdian.com,7,1,顶点小说🎃
ruochenwenxue.com,0,🍑若晨文学🍑,https://www.ruochenwenxue.com,7,1,若晨文学🎃
sdyzzc.com,0,🔖零点看书①,http://www.sdyzzc.com/,5,1,👍零点看书
xyusk.com,0,💦 4小说,http://www.xyusk.com/,8,4,♜-4小说|♜-4小说 #破冰|四小说网|4小说🎃
766665.com,0,👔 静芮小说 由静白校验，如果搬运其他渠道可自行去除防伪,http://www.766665.com/,6,1,👔 静芮小说
m.biquto.com,0,笔趣阁,http://m.biquto.com,7,1,笔趣阁🎃#23
m.emuxs.com,0,🔰 玄幻小说,http://m.emuxs.com/,8,2,玄幻小说|玄幻小说🎃
xinshuw.com,0,新书网吧,https://www.xinshuw.com,7,1,新书网吧
m.jpxs123.com,0,精品小说网🔞~m.jpxs123.com,https://m.jpxs123.com,8,1,📥 精品小说网
shukuai.net,0,起点热门（良）,https://www.shukuai.net,8,5,书快小说|书快小说🎃|♛ 书快小说 #一程1101|㊝ 书快小说 ♜♜ 速|🌸书快小说
xs177.com,0,小说夜情,https://www.xs177.com/,8,4,蛋蛋小说|小说破冰|小说177🎃|♞小说177 #破冰
app-inter-bookstore.cread.com,0,中文书城~app-inter-bookstore.cread.com,http://app-inter-bookstore.cread.com,7,1,中文书城
zei8.me,0,👌 贼吧网,https://www.zei8.me,7,4,贼吧网|贼吧网①|贼吧小说④|贼吧网🎃
8xs.org,0,无敌小说,https://www.8xs.org,7,3,无敌小说|无敌小说🎃|📖 无敌小说
wap.maxreader.net,0,顶点小说maxreader.net,https://wap.maxreader.net,7,2,☘️乐文小说☘️|☘️顶点小说☘️
yousuu.com,0,优书书评,https://www.yousuu.com,8,15,📑 优书|优书网💯｜女频|优书书评|优书网⑩|💰优书网
duqu.net,0,💰 读趣,http://www.duqu.net,8,1,💗读趣小说
wap.biqugewx.info,0,碧曲书库@静白,http://wap.biqugewx.info/,8,2,笔趣阁🎃#66|🎉 笔趣阁
wj27.com,0,无极小说网,https://www.wj27.com/,7,1,无极²⁷
xiaoyaowx.com,0,👍 逍遥文学,https://www.xiaoyaowx.com,6,1,逍遥文学
biqugeka.com,0,♜ ✎笔趣阁⑮⑨ #破冰1101,https://www.biqugeka.com/#pb1101,6,3,♜ ✎笔趣阁⑮⑨ #破冰|🍁笔趣阁⑮⑨|🔰 笔趣阁
mhtwx.la,0,🍅棉花糖,http://www.mhtwx.la,8,2,棉花糖说|花糖小说
m.szfkx.com,0,笔趣阁,http://m.szfkx.com/#pb1101,5,3,🍁笔趣阁⑮①|🎉 笔趣阁⑮①|♜ ✎笔趣阁⑮① #破冰
bookxuan.com,0,💦书轩网小说,https://www.bookxuan.com/,6,3,书轩网|🔖书轩网|🎉 书轩网
xbiquke.com,0,🍁 笔趣阁⑪⑦,http://www.xbiquke.com/,6,5,📃笔趣阁⑪⑦|♜ ✎笔趣阁⑪⑦ #破冰1101|♜ ✎笔趣阁⑪⑦ #破冰|✎ 笔趣阁|笔趣阁A16
kbwang.org,0,笔趣阁[kbwang],https://www.kbwang.org/,6,3,笔趣阁[kbwang]|🎈笔趣阁⑪⑥ |♜ ✎笔趣阁⑪
api.foreader.com.cn,0,速更中文app,https://api.foreader.com.cn/,6,1,速更中文
qkzw.cc,0,奇快中文,http://www.qkzw.cc,8,3,奇快中文|奇快中文|奇快中文🎃
archive.org,2,ARCHIVE【配置】,https://archive.org,8,1,🏤ARCHIVE💓
yuyougu.com,0,玉优谷吧,http://www.yuyougu.com,8,5,笔趣阁|笔趣阁|笔趣阁|笔趣阁|笔趣阁#41
m.powenwu16.com,0,PO文屋,https://m.powenwu16.com,8,1,PO文屋🎃
hsxs.cc,0,火山小说,http://www.hsxs.cc/,7,2,火山小说🎃|火山小说
dushu60.com,0,⚖️ 六零文学,https://www.dushu60.com/,8,4,⚖️ 六零文学|📖 六零文学|♜-六零文学① #破冰|♜-六零文学① #破冰
maxreader.la,0,文墨中文,https://www.maxreader.la/,7,3,文墨中文|文墨中文|文墨中文
yruan.com,0,亿软网,https://www.yruan.com/,8,7,亿软网吧|亿软网破|亿软网吧|亿软网吧|亿软网吧
kxkmh4.vip,2,❤️开心看漫画,http://kxkmh4.vip/,8,1,❤️开心看漫画
xiashuyun.com,0,💦下书书网②,https://www.xiashuyun.com/,5,2,♜-下书网② #破冰1101|🎉 下书网
m.myxzm.com,0,蚂蚁文学,https://m.myxzm.com,8,3,蚂蚁文学网|蚂蚁文学|蚂蚁文学网🎃
powenwu2.com,0,桃色小说①,https://www.powenwu2.com,8,1,桃色小说🎃#2
ffxs.info,0,👍 饭饭小说[仅发现],https://www.ffxs.info,6,1,👍 饭饭小说
m.biqugetv.org,0,笔趣阁🎃#22,https://m.biqugetv.org#🎃,7,2,🔷 笔趣TV|笔趣TV
m.zhulang.com,0,逐浪小说,https://m.zhulang.com#,5,3,逐浪网手|逐浪小说|逐浪小说🎃
b520.cc,0,笔趣阁,http://www.b520.cc#,7,4,笔趣阁|？？列表待改m ♜✎笔趣阁⑧⑦ #破冰▼|笔趣阁102|笔趣阁🎃
74txt.cc,0,📃骑士,https://www.74txt.cc/,6,1,骑士小说网
kanshushen.com,0,看书神[kan],https://www.kanshushen.com/,5,1,📖 看书神网
m.shuhuanghuang.com,0,吧书荒慌,http://m.shuhuanghuang.com,8,2,书荒慌|吧书荒慌🎃
rizhaoxsw.com,0,🎉日照小说网,http://www.rizhaoxsw.com/,6,3,日照小说网③|♜日照小说网③ #破冰|♜日照小说网③ #破冰1101
xiuzhent.com,0,修真堂,https://www.xiuzhent.com/,8,3,修真堂🎃|修真堂|全本小说网⑥™九天之狼
ujxs.com,0,悠久小说,http://www.ujxs.com,8,8,悠久小说|悠久小说|♜+悠久小说 #一程|♛悠久小说 md #一程|md♜+悠久小说 
xluochen.com,0,落尘小说🎃,https://www.xluochen.com#🎃,7,2,🎉落尘小说①|落尘小说
7kwx.com,0,奇快中文🎃,https://www.7kwx.com#🎃,8,2,🏹奇快中文[7kwx]|🌸 奇快中文①
ting55.com,0,♬ 恋听网 #破冰,https://ting55.com/#♤pb,6,2,恋听网|📻 恋听1
hotrydersffmc.com,0,第八区小说网,http://www.hotrydersffmc.com/,8,2,老八轻小说|第八区小说🎃
121ds.cc,0,一读小说（发现）,https://www.121ds.cc,8,2,一读小说（优）|一读小说
m.woo16.vip,0,🔰 Woo小说,https://m.woo16.vip,8,1,Woo16小说
xinshuxs.com,0,新书在线,http://www.xinshuxs.com/,7,2,新书在线|新书在线
m.xtyxsw.org,0,天悦小说,https://m.xtyxsw.org,8,2,天悦小说🎃#2|天悦小说网
75zwz.com,0,起舞中文🎃,https://www.75zwz.com#🎃,8,2,起舞中文|🔰起舞中文①
4zw.cc,0,笔趣阁,https://www.4zw.cc/,7,4,笔趣阁|笔趣阁#51|笔趣阁55|笔趣阁🎃#3
wcxsw.com,0,无错小说9,https://www.wcxsw.com/,8,5,无错小说5|无错小说|无错小说|博爱小说|🎉 无错小说
800xs.tv,0,🎉 青豆小说,https://www.800xs.tv/,8,3,青豆小说🎃#2|青豆小说|青豆小说
ymxxs.com,0,衍墨轩,http://www.ymxxs.com/,6,5,衍墨轩|衍墨轩|衍墨轩|衍 墨 轩|🎉 衍墨轩
damixs.com,0,大米小说🎃#2,https://www.damixs.com#🎃,8,4,大米小说🎃#2|大米小说|🔖大米小说①|🎉大米小说
meiguixs.net,0,💯玫瑰小说,https://www.meiguixs.net,6,1,🔰 玫瑰小说
m.bamxs.com,0,🎉 八毛小说,http://m.bamxs.com,8,1,八毛小说🎃
yuetingba.cn,1,📻悦听吧,http://www.yuetingba.cn/##,6,1,🍊有声-悦听吧[自写]
search.5sing.kugou.com,1,🎼 5婶™,http://search.5sing.kugou.com,6,1,🎼 5SING歌单1[不能听]
utexs.com,0,优特,http://www.utexs.com#,5,3,🔞 优特|🔞 优特|优特🎃
m.shufahouse.com,0,红叶书斋,https://m.shufahouse.com/,8,1,红叶书斋
luocs.cn,0,♠ 落尘小说,https://www.luocs.cn/,5,1,🎉 落尘小说
pixiv.net,0,Pixiv,https://www.pixiv.net,8,2,pixiv|Pixiv 系列小说
kkkkkkkkk.com,0,9k,https://www.kkkkkkkkk.com,6,1,📖 9k小说网
blshuge.com,0,🔰 BL书阁,https://www.blshuge.com,8,3,☘️🔞BL书阁🔞☘️|BL书阁🎃|bl书阁
quanben3.com,0,全本小说🎃#5,http://www.quanben3.com#🎃,8,1,全本小说
xbiquge.cc,0,md♛+笔趣阁⑪✔︎♛,https://www.xbiquge.cc#md,5,2,笔趣阁|🔰 笔趣阁
wap.xshuquge.net,0,书趣阁,http://wap.xshuquge.net/,8,2,书趣阁-8:35|笔趣阁🎃#35
eyagu.com,0,🍁 雅谷中文 #一程1101,http://eyagu.com,8,5,📚 雅谷中文|✨雅谷中文🎉💻|🍁 雅谷中文 #一程1101|雅谷中文|♛ 雅谷中文
xyushuwu7.com,0,🔰 新御书屋,https://www.xyushuwu7.com,8,1,新御书屋🎃
wap.wangshuge.la,0,望书阁网,http://wap.wangshuge.la,8,2,望书阁🎃|望书阁网
po18vip.cloud,0,PO18文学,https://www.po18vip.cloud#🎃,8,3,📖PO完本|PO18文学⑬|PO18文学⑬
fyxfcw.com,0,🍺 笔趣阁,https://www.fyxfcw.com,6,1,🍁笔趣阁⑲①
xuanyge.net,0,玄幻阁吧,http://www.xuanyge.net,8,3,玄幻阁吧|笔趣阁|玄幻阁
qvdudu.com,0,去读读吧,https://www.qvdudu.com,6,1,📖 去读读网
ldxsw.co,0,零点书屋,http://www.ldxsw.co,8,1,零点小书屋🎃
xuankuks.com,0,玄幻阁子,http://www.xuankuks.com,8,4,玄幻阁子|玄幻阁吧|玄幻阁吧|玄幻阁吧
shenxianfaka.top,0,神仙书阁,http://www.shenxianfaka.top,8,4,神仙书阁|📖 神仙书阁|神仙书阁🎃|神仙书阁
m.shuku123.com,0,🎉 书库网,http://m.shuku123.com/,7,1,书库网🎃
jhssd.com,0,🎉精华书阁～a,https://www.jhssd.com,6,1,👻 精华书阁~JHSSH
6yxs.com,0,6月小说,http://www.6yxs.com#,6,4,六月小说|六月小说|6月小说🎃|💰 6月小说
m.xintianlaixsw.com,0,新天籁小说,https://m.xintianlaixsw.com,8,2,📖天籁小说|新天籁小说🎃
m.52biquge.com,0,笔趣阁7,https://m.52biquge.com/,5,1,笔趣阁⑧②
wap.xs74w.com,0,七四小说网🎃,http://wap.xs74w.com#🎃,7,2,🌟74小说|七四小说网
silukex.com,0,思路客🎃#2,https://www.silukex.com#🎃,7,2,思路客（发现）|思路客
m.gongzicp.com,0,💰 长佩文学,https://m.gongzicp.com,8,6,💰 长佩文学#onede|长佩文学🎃|○㊣✾长佩文学 md #关耳 ▼需登录|💵 长佩分类|💰 长佩文学#onede
bond-y.com,0,全本小说[自写],https://www.bond-y.com,8,2,全本小说[自写]|全本小说🎃
yuesekanshu.com,0,出处源-仓库🌙月色书房,https://www.yuesekanshu.com/##,8,1,🔰 月色书房
qingzichan8.com,0,🎉 青紫蝉,https://www.qingzichan8.com,8,1,格格党🎃#3
biquw.com,0,笔趣网,http://www.biquw.com,7,6,笔趣网|♛笔趣网|笔趣网#嘚嘚21.0201|笔趣网③|Ⓐ 笔 趣⑦
mengyuanshuchengcn.com,0,梦远书城[com],https://www.mengyuanshuchengcn.com,7,2,梦远书城🎃|梦远书城[com]
jianlai.cc,0,🏵剑来小说,http://www.jianlai.cc/,8,1,顶点小说🎃#5
xuankuge.com,0,玄幻阁,http://www.xuankuge.com/,8,4,玄幻阁子|♜ 玄幻阁 |玄幻阁吧|♜玄幻阁
beiwobook.cc,0,网阅小说,https://www.beiwobook.cc/,6,1,网阅小说网🎃
muxs.net,0,🔰 木小说,http://www.muxs.net,8,1,木小说网
m.siluks.com,0,🎉 无限小说,http://m.siluks.com,8,2,无限ˢⁱᴵᵘᵏˢ|无限小说网🎃
17bxwx.com,0,笔下文学🎃#5,https://www.17bxwx.com#🎃,8,2,📖笔下文学@任尚仁|🎉 笔下文学①
m.timeread.com,0,时阅文学🎃,http://m.timeread.com#🎃,8,1,💰时阅文学
iqishu.la,0,💊 奇书网④,http://www.iqishu.la,6,1,♠ 奇书网④
vvss.net,0,新笔趣,http://www.vvss.net#🎃,8,1,🍁新笔趣
m.23qb.com,0,🔰 铅笔小说,https://m.23qb.com,5,2,🍩铅笔小说[自写]|铅笔小说🎃#2
ixuanquge.com,0,炫书网吧,http://www.ixuanquge.com#未月十八repair,7,6,炫书网吧|笔趣阁|笔趣阁|炫书网站|爱炫书网
99csw.com,0,📚九九藏书,https://www.99csw.com/,8,12,📚 99藏书|📚 九九藏书|📚九九藏书|📚 九九藏书|📚九九藏书#嘚嘚21.0201
99xs.net,0,久久小说,https://www.99xs.net/,8,4,久久文学|久久小说🎃|久久小说|久久小说🎃#2
jdxs.cc,0,经典小说,http://www.jdxs.cc#,5,3,经典小说|经典小说|经典小说🎃
yuanzun888.com,0,元尊小说网,http://www.yuanzun888.com/,7,6,元尊小说网|元尊|元尊小说|🍺 元尊小说|o👍 元尊
liudatxt.org,0,溜达小说,http://www.liudatxt.org#,7,3,溜达小说| 溜达小说|溜达小说🎃
wap.ddsk.la,0,顶点中文,http://wap.ddsk.la#,8,3,顶点中文|顶点中文|顶点中文
3uww.cc,0,炫书网吧,http://www.3uww.cc#🎃,7,2,开源书源|炫书网吧
topwork.cc,0,鲸落呀,https://www.topwork.cc/,7,3,鲸落呀|地缘BL小说网|地缘BL小说网🎃
e8zw.com,0,🎉一八中文①,https://www.e8zw.com/,5,3,🎉 E8中文①|♜E8中文 #破冰|♜E8中文 #破冰
tycqzw.net,0,天域小说,http://www.tycqzw.net,8,1,天域小说️
97k.cc,0,就去看网,https://www.97k.cc#,8,3,就去看网|就去看网|就去看网🎃
xbyuan.com,0,精华书阁🎃#2,https://www.xbyuan.com#🎃,7,2,精华书阁|精华书阁
kmwx.net,0,顶点小说,http://www.kmwx.net/,7,2,顶点小说|顶点小说
bqg.fun,0,笔趣阁121,https://www.bqg.fun/,7,3,💠 笔趣阁fun|笔趣阁|笔趣阁🎃#13
vipyzw.com,0,🔰 新御书屋,https://www.vipyzw.com,8,3,新御书屋⑬|新御书屋⑬|新御书屋🎃#2
wsskw.com,0,嘛电子书,http://www.wsskw.com/,8,2,吧电子书|吧电子书
37shuwu.com,0,三七书屋,https://www.37shuwu.com/,7,1,三七书屋网
m.huoq.com,0,获奇,https://m.huoq.com,7,2,🔰 获奇文学|获奇
lrxsw.org,0,懒人小说,https://www.lrxsw.org/,7,4,懒人小说|懒人小说|懒人小说🎃|🎉 懒人小说
123xyq.com,0,123言情,http://www.123xyq.com,8,3,123言情|数量言情|123言情🎃
dugujin.com,0,读古文学,https://www.dugujin.com,8,1,读古今文学网🎃
booksky.cc,0,快眼看书,http://www.booksky.cc/,7,3,快眼看书|快眼看书|快眼看书
po52.cc,0,出处源-仓库🍙PO52,https://www.po52.cc,8,1,52PO小说🎃
sk.3qxsw.org,0,3Q中文网,https://sk.3qxsw.org,6,2,3Q小说网|3Q小说网🎃
jwdushu.com,0,九五小说#南笙21.0101,http://www.jwdushu.com#南笙21.0101,6,6,九五小说🎃|95书包|全本小说|🍎九五小说| 全本小说③ 
800book.cc,0,800小说[cc],https://www.800book.cc/,5,3,♜800小说③ #破冰1101|♜800小说③ #破冰|🔰 800小说
xsbiquge.co,0,笔趣阁🎃#30,http://www.xsbiquge.co#🎃,7,1,笔趣阁[xsb]
99xs.info,0,鸟书网吧,http://www.99xs.info,8,1,鸟书网🎃
trxs123.com,0,同人小说,http://www.trxs123.com,6,3,同人小说（发现）|👍同人小说|同人小说🎃#2
138txt.com,0,138阅读网,https://www.138txt.com/,5,1,138小说网①
m.hongyue8.net,0,去读小说,https://m.hongyue8.net/,8,1,去读读小说🎃
77dushu.com,0,包读书网 ,http://www.77dushu.com/#♤pb,8,10,七七读书|说读书网|慢慢读书|七七读书|去读书网
wap.haitangshuwu.info,0,🔰 海棠书屋,https://wap.haitangshuwu.info,8,2,海棠文学①|海棠文学①
zhaishuyuan8.org,0,摘书楼🎃,http://www.zhaishuyuan8.org#🎃,8,1,摘书楼
05zw.com,0,灵武中文,https://www.05zw.com,7,1,灵武中文
m.yushuwu.asia,0,🔰 新御书屋,https://m.yushuwu.asia,8,5,新御书屋⑯|新御书屋⑯|新御书屋🎃#4|御书屋|📖 御书屋网
m.po18g.com,0,🔰 新御书屋,https://m.po18g.com,8,3,新御书屋⑭|新御书屋⑭|PO18文学🎃#19
tlxsw1.com,0,天籁小说,http://www.tlxsw1.com/,7,2,天籁小说tlxsw🎃|🔰 天籁小说
m.yswnovel.com,0,🔰 新御书屋,https://m.yswnovel.com,8,3,新御书屋⑪|新御书屋⑪|新御书屋🎃#6
qirebook.com,0,奇热小说,https://www.qirebook.com/,7,3,奇热小说|奇热小说|奇热小说
litehongshu.com,0,出处源-仓库📖小红书,https://www.litehongshu.com,8,1,小红书🎃
gzmeal.com,0,食在广州书网,http://www.gzmeal.com/,5,1,食在广州书网
quyushuwu.xyz,0,🔰 新御书屋,https://www.quyushuwu.xyz,8,2,新御书屋⑨|新御书屋⑨
liudatxt.com,0,溜达小说,http://www.liudatxt.com#一程,8,4,溜达小说|溜达小说|溜达小说|溜达小说
m.818812.net,0,笑傲文学🎃,https://m.818812.net#🎃,7,1,🎉 笑傲文学
wmp8.com,0,🔰 御书屋,https://www.wmp8.com,8,2,御书屋🎃|👔 御书屋
myushuwu.me,0,🔰 新御书屋,https://www.myushuwu.me,8,2,新御书屋⑧|新御书屋⑧
xyushuwu.one,0,🔰 新御书屋,https://www.xyushuwu.one,8,1,新御书屋🎃#3
kshuwx.com,0,笔趣阁,http://www.kshuwx.com/,7,3,笔趣阁|笔趣阁|笔趣阁
m.yuzhaiwx.com,0,🔰 新御宅屋,https://m.yuzhaiwx.com,8,3,新御宅屋⑫|新御宅屋⑫|新御宅屋🎃#4
m.xxbiqudu.com,0,🍁 xx笔趣读,https://m.xxbiqudu.com/##,8,4,笔趣读吧|笔趣阁①⑥| xx笔趣读|笔趣读🎃#2
ibiquta.info,0,炫书网,https://www.ibiquta.info/,7,3,笔趣阁|炫书网吧|笔趣阁
kdzw.net,0,🍁快读中文,https://www.kdzw.net/,6,2,快读中文|快读中文
m.xyuzhaiwu8.com,0,🔰 新御宅屋,https://m.xyuzhaiwu8.com,8,2,新御宅屋⑧|新御宅屋⑧
zw34.net,0,中文网吧,https://www.zw34.net/,8,4,三四中文|三四中文|34中文网 #破冰1101|34中文网 
qixinge.com,0,💦七星阁小说,https://www.qixinge.com/,6,5,🧐七星阁 #破冰▼列表书少♨️|♜-七星阁 #破冰▼列表书少|📖 七星阁网|Ⓐ 七星阁|✾.Ⓐ 沧元图 #未月十八1001
yunxuange.com,0,💯云轩阁①①,https://www.yunxuange.com/,6,5,♜+云轩阁① #破冰|♜+云轩阁① #破冰|云轩阁小说网|云轩阁|o👍 云轩阁
pksge.com,0,平凡文学,http://www.pksge.com/,7,1,🔖平凡文学
tantanread.com,0,出处源-仓库🌸 探探书屋,https://www.tantanread.com/,8,1,探探书屋
qiangkezu.com,0,笔下文学[qiang],http://www.qiangkezu.com,7,3,♜笔下文学⑫ #pb|笔下文学|🎉笔下文学⑫
m.rouwenwu14.com,0,🚬 肉文屋,https://m.rouwenwu14.com,8,2,肉文屋⑤|肉文屋⑤
zhuishu.cc,0,追书网zhuishu.cc,http://www.zhuishu.cc/,5,1,追书网[cc]
m.powenwu4.com,0,🚬 肉文屋,https://m.powenwu4.com,8,2,肉文屋②|肉文屋②
m.rousewu.cc,0,🙈肉色屋,https://m.rousewu.cc,8,3,肉色屋③|肉色屋③|肉色屋🎃
xxwx.net,0,💗潇湘文学,http://www.xxwx.net/,5,1,⚡潇湘文学
m.xitong89.com,0,🚬 肉书屋,https://m.xitong89.com,8,2,肉书屋⑥|肉书屋⑥
m.powenxue9.com,0,肉书屋⑤,https://m.powenxue9.com/#🚀,8,1,肉书屋⑤
m.chenxixsw.com,0,晨曦小说,https://m.chenxixsw.com#关耳m,6,5,晨曦小说|📖 晨曦小说|✾晨曦小说 #关耳|晨曦小说网|🎉 晨曦小说
m.roushuwu2.com,0,肉书屋②,https://m.roushuwu2.com/,8,2,肉书屋②|肉书屋🎃#3
86ebook.com,0,新笔趣阁🎃,https://www.86ebook.com#🎃,7,3,86笔趣阁🎃|新笔趣阁|86笔趣阁
baidu.com,0,🍊笔下之趣[百度搜索],https://www.baidu.com/,7,5,百度搜书|🍊 五吉小说|百度搜书🎃|可可诗词|米读
baizixs.com,0,百字小说网🎃,https://www.baizixs.com#🎃,7,1,百字小说网
m.23hh.info,0,爱尚小说,http://m.23hh.info/,8,1,爱尚小说2
wap.qqxs7.com,0,圈圈小说,https://wap.qqxs7.com,7,1,圈圈小说🎃
m.gudengge.com,0,孤灯阁,http://m.gudengge.com,6,1,📖 孤灯阁网
6lg.org,0,乐库小说[6l],http://www.6lg.org/,8,1,乐库小说[6l]
m.po18kan.com,0,PO脸红心跳⑧,https://m.po18kan.com/#🚀,8,3,PO脸红心跳⑧|🚬 PO18文学|PO18文学🎃#2
lewenge.la,0,乐文阁,http://www.lewenge.la##@遇知,8,5,乐文阁网|乐文阁中|乐文去阁|乐文阁吧|乐文阁🥉
m.douban.com,0,豆瓣读书💯,"https://m.douban.com
",6,1,豆瓣书评
m.po18vip.xyz,0,PO脸红心跳⑦,https://m.po18vip.xyz/#🚀,8,3,PO脸红心跳⑦|PO18文学🎃#8|🚬 PO18文学
yuedsk.com,0,阅读库吧,http://www.yuedsk.com,8,3,阅读书库|阅读爱库|阅读库吧
novel.snssdk.com,0,番茄小说novel[api][修复],https://novel.snssdk.com,8,11,番茄小说[app]novel|番茄小说novel[api]|番茄小说novel[api][修复]|番茄套娃|番茄怀旧
u33.me,0,uu书盟,http://www.u33.me,7,1,悠悠书盟
po18e.com,0,PO18文学②①,https://www.po18e.com/,8,3,PO18文学②①|🚬 PO18文学|PO18文学🎃#5
ibiquges.info,0,香书小说,https://www.ibiquges.info/,8,3,香书小说|香书小说|笔趣阁
xsjtxt.com,0,手机小说下载,https://www.xsjtxt.com#,6,2,手机小说下载🎃|🎉 TXT小说下载网
haitang123.net,0,🍊 海棠书屋[正文不全],https://haitang123.net,6,2,👔 海棠书屋|🚬 海棠书屋③
m.ibiquge.info,0,爱笔楼/笔趣阁,https://m.ibiquge.info/,8,2,笔趣阁|爱笔楼🎃#2
po18.asia,0,🚬 PO18文学,https://www.po18.asia,8,2,PO18文学⑳|PO18文学⑳
po18f.com,0,🚬 PO18文学,https://www.po18f.com,8,2,PO18文学⑲|PO18文学⑲
po18m.vip,0,🚬 PO18文学,https://www.po18m.vip,8,3,PO18文学⑩|PO18文学⑩|PO18文学🎃#9
yqzw5.net,0,易读手机,https://yqzw5.net#🎃,7,2,易读中文网|易读手机网
bxwx8.la,0,笔下文学,http://www.bxwx8.la#🎃,7,1,笔下文学
m.po18yq.com,0,🚬 PO18言情,https://m.po18yq.com,8,2,PO18文学⑦|PO18文学⑦
m.bqg220.com,0,笔趣阁220,https://m.bqg220.com,6,4,🔰 笔趣阁220|🍁笔趣阁❶|🍁笔趣阁❶220|🔷 笔趣阁🈲
187xs.com,0,温柔小说,https://www.187xs.com,8,4,逆天小说|187小说🎃|187小说 #破冰1101|♞187小说 #破冰
huanhuanzw.com,0,欢欢中文🎃,http://www.huanhuanzw.com#🎃,8,1,欢欢中文
shcbylzx.com,0,🎉 笔趣阁,https://www.shcbylzx.com,6,1,笔趣阁
m.powenwu8.com,0,PO文屋,https://m.powenwu8.com/#🚀,8,2,PO文屋|📖PO文屋
wap.ikanxs.la,0,明月小说,http://wap.ikanxs.la#🎃,7,3,明月小说|明月小说|明月小说
c66c.com,0,🎉笔趣库②①,https://www.c66c.com/,5,3,笔趣阁|笔趣库②|♜笔趣库② #pb
qishuta.cc,0,奇书网络,https://www.qishuta.cc,8,1,奇书网络
m.lrts.me,0,♬懒人听书① #pb,https://m.lrts.me/#♤pb,6,1,📻 懒人听书(api)
wuliushu.com,0,🔰 五六小说,https://www.wuliushu.com,8,4,五六小说网🎃|五六小说🎃|🔰 五六小说|五六小说网
94yd.com,0,九四阅读,https://www.94yd.com/,7,2,九四阅读|九四阅读🎃
baike.baidu,0,百度百科（搜索）,https://baike.baidu#乃星,5,2,百度百科（搜索）|📖 百度百科
wap.dingdiansk.com,0,顶点中文,http://wap.dingdiansk.com/,7,4,顶点中文|顶点中文|顶点中文#2|顶点备用①
m.olquan.com,0,全本小说17,http://m.olquan.com#响海,5,2,📖 全本小说|☘️全本小说2☘️
800wenxue.com,0,800文学网🎃,https://www.800wenxue.com#🎃,8,3,♜800文学网 #破冰|🍺 800文学网|🎉八零文学网
m.minguoqiren.org,0,民国奇人小说,http://m.minguoqiren.org/,7,2,民国奇人小说🎃#2|🔰 民国奇人小说
m.mhtxss.com,0,棉花糖说,https://m.mhtxss.com,5,2,📖 棉花糖网|棉花糖小说🎃#2
m.fyyhm.org,0,笔下文学,https://m.fyyhm.org/,7,1,笔下文学🎃#2
958250.com,0,爱尚文学网,http://www.958250.com/,5,1,爱尚文学网①
m.x83zw.net,0,83中文,https://m.x83zw.net,8,1,83中文🎃#3
zhswx.com,0,zhsxs,http://www.zhswx.com,7,1,zhsxs
4yt.net,0,🛍︎四月天,https://www.4yt.net/,6,1,🎀四月天网
api.midukanshu.com,0,👌 米读小说,https://api.midukanshu.com/,7,9,米读小说|米读小说|米读小说|米读小说|米读小说
m.fuwenwu.me,0,🔰 腐文屋,https://m.fuwenwu.me,8,1,腐文屋🎃
ybsggzyjyxxw.com,0,🍉 笔下文学,http://www.ybsggzyjyxxw.com,5,1,✨笔下文学🎉💻1️⃣
m.qbxsw.com,0,全本小说,https://m.qbxsw.com,8,3,全本小说网|全本小说网🎃|全本小说网
chuangshi.qq.com,0,创世中文网,https://chuangshi.qq.com,8,7,创世中文网|创世中文#玄奇21.0202|创世中文💯|💰创世中文网|创世中文网🎃
wxscn.com,0,出处源-仓库万相书城,https://www.wxscn.com/,8,2,万相书城|万相书城🎃#2
m.blwenku123.com,0,BL文库②,https://m.blwenku123.com,8,3,BL文库 #一程1101|˚*̥ BL 文库|BL文库②
26ks.cc,0,爱豆看书,http://www.26ks.cc/,7,3,爱豆看书|爱豆看书|爱豆看书
xyuzhaiwu.club,0,🏠新御宅,https://www.xyuzhaiwu.club,8,1,新御宅🎃
tiandizw.com,0,天地中文,http://www.tiandizw.com/,6,1,天地中文
350.ooo,0,三五小说,https://350.ooo/,8,2,三五小说🎃|三五小说
silukew.com,0,💦思路客文学,https://www.silukew.com/,6,1,📖 思路客网
lwread.com,0,乐文小说,https://www.lwread.com,6,1,🍑 乐文小说
txt97.cc,0,无限小说🎃#2,http://www.txt97.cc#🎃,8,2,无限小说|无限小说
773buy.cc,0,燃文小说,https://www.773buy.cc,7,1,燃文小说
m.baolaishiye.com,0,宝来小说🎃,https://m.baolaishiye.com#🎃,7,4,✨宝来小说|♠ 宝来小说|🔰 宝来小说|👍 宝来
pre-api.tuishujun.com,0,推书君网（推荐）,https://pre-api.tuishujun.com/,8,2,●推書|推書
iwurexs.net,0,🎉 4020电子书,https://www.iwurexs.net,8,1,4020电子书🎃#3
m.bqg113.com,0,笔趣阁,https://m.bqg113.com,8,4,笔趣阁|笔趣阁（闫）|笔趣阁113🎃|笔趣阁（闫）
m.bqgcn.com,0,🔰 笔趣阁江,http://m.bqgcn.com/,8,2,笔趣阁_By-[曦灵]|笔趣阁🎃#26
m.166xs.com,0,💯166小说网,http://m.166xs.com/,7,1,166小说
m.zuimh.com,2,最牛漫画,https://m.zuimh.com#yc1101,6,3,最漫画🈲|最漫画|最漫画②
yuzhaiwuh.xyz,0,🔰 新御宅屋,https://www.yuzhaiwuh.xyz,8,1,新御宅屋🎃#2
230book.net,0,顶点小说②,https://www.230book.net/,6,4,🍁 顶点小说⑤ #一程|♜+顶点小说230book.net #一|顶点小说|顶点小说②
m.qxs9.com,0,💠 爱看小说,https://m.qxs9.com,6,1,爱看小说🎃
wenxuedu.com,0,🔖文学度,http://www.wenxuedu.com,6,1,📖 文学度网
haitang77.com,0,🔰 海棠书屋,https://www.haitang77.com,8,1,海棠书屋🎃
kukk.net,2,✐ 酷看漫画 #Haxc1107,https://www.kukk.net#Haxc1107,6,1,酷看漫画
wananxs.com,0,🍩晚安小说[自写],https://www.wananxs.com/#xsw8093,7,2,晚安小说|🎉 晚安小说
9920102.com,0,A 99阅读,http://www.9920102.com/,6,1,A 99阅读
xs639.com,0,小说路上,https://www.xs639.com,8,1,小说路上🎃
ishuquge.org,0,🌠 i书趣阁,https://www.ishuquge.org/##@遇知,6,2,书趣阁[is]|📖 书趣阁网
xxbiqudu.com,0,笔趣阁,https://www.xxbiqudu.com/#pb1101,8,3,笔趣阁|笔趣阁网|笔趣读吧
shibashuwu.net,0,🙈十八书屋,https://www.shibashuwu.net,6,3,十八书屋|十八书屋---请教下这种既有文字又有图片|十八书屋🎃
bequ6.com,0,必去楼[bequ6],http://www.bequ6.com/,6,4,👍笔趣阁|♜ ✎笔趣阁⑩④ #破冰|♜ ✎笔趣阁⑩④ |笔趣阁A23
cowxs.com,0,一曲书斋🎃,https://www.cowxs.com#🎃,7,1,一曲书斋
m.baiycap.net,0,笔趣阁🎃#39,https://m.baiycap.net#🎃,7,2,✎ 笔趣阁|笔趣阁108
biquge42.com,0,笔趣阁🎃#22,https://biquge42.com#🎃,7,2, 笔趣阁⑭|笔趣阁42
biquge66.net,0,笔趣阁161,https://www.biquge66.net/##@遇知,6,2, 笔趣阁㉝| 笔趣阁㉝
m.jimoshuku.com,0,寂寞书库,http://m.jimoshuku.com,8,1,寂寞书库🎃
api-sinfonlineb.fanqiesdk.com,0,🍅番茄接口合集,https://api-sinfonlineb.fanqiesdk.com,8,1,🍅番茄接口合集
gxyh.org,0,笔趣阁 gxyh,http://www.gxyh.org/##@遇知,6,2,🔰 ️笔趣阁gxyh|🔰 ️笔趣阁gxyh
m.qqduw.com,0,趣读网,https://m.qqduw.com/,6,2,趣读网|趣读
wap.pan8.net,0,前辈小说,https://wap.pan8.net/,7,3,超凡小说|pan🎃|超凡小说网
szqccw.com,0,笔趣阁,http://www.szqccw.com/##@遇知,8,3,笔趣阁|笔趣阁网🎃|📖 笔趣阁网
m.xs880.xyz,0,📜来也小说🔸⚧,https://m.xs880.xyz/##@遇知,6,2,🔰 ️来也小说|🔰 ️来也小说
m.36xs.net,0,来说小说,http://m.36xs.net,8,3,三六小说|睡了小说|蓝色小说
lmywl.com,0,🔰 网络小说,https://www.lmywl.com,7,2,网络小说🎃|网络小说
aixiashu.net,0,爱下书吧,http://www.aixiashu.net,8,1,爱下书小说网🎃
shujige.cc,0,书籍阁,http://www.shujige.cc/,8,2,🪔️ 书籍阁|🔰 ️书籍阁
m.yetianlian.org,0,夜天连看/何以笙箫默,http://m.yetianlian.org/,8,2,何以笙箫默🎃#2|何以笙箫默🎃#2
xqb5.org,0,🪔️ 全本小说🔹xqb5,http://www.xqb5.org/##@遇知,6,2,🔰 ️全本小说xqb|🔰 ️全本小说xqb
50zw.com,0,武林中文🎃,https://www.50zw.com#🎃,7,9,👍 武林中文①|🧐武林中文① md #一程♨️|♜ 武林中文① #一程1101|👍 武林中文|🎉武林中文⑥
m.yushuwum.com,0,🔰 御书屋,https://m.yushuwum.com,8,2,御书屋⑤|御书屋⑤
108shu.com,0,🍁笔趣阁⑧⑨,http://www.108shu.com,5,1,笔趣阁112
biquge.info,0,笔趣阁,http://www.biquge.info#🎃,7,6,笔趣阁|笔趣阁|🎉 笔趣阁网|笔趣阁网|笔趣阁网
m.po18xs.com,0,🔰 御书屋,https://m.po18xs.com,8,3,御书屋🎃#2|御书屋①|御书屋①
m.mayiwxw.com,0,笔趣阁20,https://m.mayiwxw.com,6,1,🐶笔趣阁🍒
wandouwx.com,0,豌豆文学,http://www.wandouwx.com,8,1,豌豆文学🎃
wap.ishuquge.la,0,书趣阁子,https://wap.ishuquge.la,8,1,笔趣阁标记
36xs.net,0,三六小说（发现）,http://www.36xs.net/,8,4,并州小说|三六小说|三六小说|36小说
gxyysb.com,0,笔趣小岛,https://www.gxyysb.com/,8,5,笔趣岛社|笔趣岛吧|笔趣岛吧|笔趣岛🎃|笔趣岛
shuquzw.la,0,🎀思路客网,https://www.shuquzw.la/,6,1,思路客④
m.soudongman.com,2,搜动漫④,http://m.soudongman.com,6,1,搜动漫③
m.jcdf99.com,0,优·精彩东方文学🎃,https://m.jcdf99.com#🎃,8,1,优·精彩东方文学
rouwenwu12.com,0,🚬 肉文屋,https://www.rouwenwu12.com,8,2,肉文屋④|肉文屋④
ujxsw.com,0,🔰 悠久小说,http://www.ujxsw.com,8,2,悠久小说|📖 悠久小说
m.kk169.com,0,🪔️ 穿越小说,http://m.kk169.com/##@遇知,8,3,穿越小说🎃#3|穿越小说|📜穿越小说
m.biqupai1.com,0,笔趣派吧,https://m.biqupai1.com,8,1,笔趣阁🎃#24
wenxue.iqiyi.com,0,💰爱奇艺文学,https://wenxue.iqiyi.com/,7,9,爱奇艺文学2|爱奇艺网|💰 爱奇艺文学|爱奇艺•女生💯|💰 爱奇艺
txtnovels.com,0,发小说网,https://www.txtnovels.com,8,1,📚 TXT小说
m.bq7.cc,0,笔趣阁,https://m.bq7.cc/,8,3,笔趣阁🎃#39|笔趣阁|笔趣阁🎃#39
ibiquge.net,0,笔趣阁23,https://www.ibiquge.net#md-pb1101,8,5,笔趣阁|笔趣阁|笔趣阁|笔趣阁|笔趣阁🎃#8
hdwx.net,0,红豆文学,https://www.hdwx.net,8,3,红豆文学🎃|红豆文学🎃|🍊 红豆文学
ixpsge.com,0,🌟 爱读书,https://www.ixpsge.com/,8,4,爱读书🇨🇳|爱读书吧|爱读书吧|爱读书🎃
hareading.com,0,悦读小说,https://hareading.com#,6,3,悦读小说api|📚 悦读小说|悦读小说🎃
po18.xyz,0,PO18-www,https://www.po18.xyz,8,1,PO18文学🎃#7
po18info.com,0,🚬 PO18文学,https://www.po18info.com,8,3,PO18文学⑮|PO18文学⑮|PO18文学🎃#7
jpxs123.cc,0,🎉 精品小说,https://jpxs123.cc,8,15,精品小说（发现）|精品小说|精品小说|精品小说|精品小说
m.aixdzs.com,0,🔖爱下电子书,https://m.aixdzs.com/,7,6,爱下电子书|Ⓐ 爱下电子书|📃爱下小说|🐻爱下电子书|🔆爱下电子书
zhijiandoukou.net,0,🎉指尖豆蔻①,https://www.zhijiandoukou.net/,6,3,指尖豆蔻|指尖豆蔻|指尖豆蔻③
m.powenxue11.com,0,PO18文学⑪,https://m.powenxue11.com/,8,1,PO18文学⑪
ycydu.com,0,🍺 原创阅读,https://www.ycydu.com,6,1,原创阅读
wap.qiliuwx.com,0,7766小说,http://wap.qiliuwx.com/,7,3,7766小说|👍七六小说|7766小说🎃
soshuw.net,0,搜书网🎃,https://www.soshuw.net#🎃,7,1,搜书网
duwenxue.com,0,读文学网,http://www.duwenxue.com/,8,1,读文学duwenxue
po18m.com,0,PO18文学②,https://www.po18m.com/#🚀,8,1,PO18文学②
baimoge8.com,0,🔰 百墨阁,https://www.baimoge8.com,3,1,♞ 百墨阁 💡 #一程1101
kk169.net,0,穿越小说,http://www.kk169.net/,8,2,穿越小说|穿越小说
wap.mayitxt.org,0,蚂蚁阅读🎃,http://wap.mayitxt.org#🎃,8,1,蚂蚁阅读📖
5ubook.net,0,无忧小说（优）,http://www.5ubook.net/,7,2,无忧小说|无忧小说
qmxxs.com,0,全民写小说②,http://www.qmxxs.com/,5,1,全民写小说
feiwen123.com,0,废文网SosadFun,https://www.feiwen123.com#修复,5,1,废文网
pan8.info,0,🎉 超凡小说,https://www.pan8.info/,7,3,超凡小说|👍超凡小说|超凡小说🎃
2kxs.org,0,阿宝小说,https://www.2kxs.org,7,6,▪︎✾♛2K小说 md #关耳|阿宝小说|哎哟小说|二开小说|✾+2k小说
m.wcxsw.la,0,无错小说🎃#4,https://m.wcxsw.la#🎃,8,2,🔰 wcxsw|🔰 wcxsw
taotaoshu8.com,0,桃桃书屋,https://www.taotaoshu8.com/,5,1,桃桃书屋
toplinks.cc,0,淘链客吧（下载）,http://www.toplinks.cc#关耳,5,4,淘链客吧（下载）|淘链客吧（下载）|淘链客吧（下载）|淘链客吧（下载）
m.yunxs.info,0,📚 云中书库,http://m.yunxs.info,7,1,云中书库
jjwxc.net         ,0,🧐 晋江  加上了多少万字,https://www.jjwxc.net         ,6,1,🧐绿江
soumal.com,0,搜猫小说,https://www.soumal.com/,8,4,搜猫小说|搜猫小说|搜猫小说|【⚚⋆搜猫小说】
wpingshu.com,1,🍩娓雅评书网[自写],http://www.wpingshu.com,8,1,🍩娓雅评书网[自写]
bbqsk.net,0,大帝书阁,http://www.bbqsk.net/,7,3,大帝书阁|大帝书阁|大帝书阁
pilibook.com,0,👍 霹雳书坊,https://www.pilibook.com,6,3,♜ 霹雳书坊 #一程1101|♜ 霹雳书坊 #一程|https://www.pilibook
qdmm.com,0,起点女生网,https://www.qdmm.com,6,2,起点小说③|起点女生💯
dingdianxs.la,0,顶点小说,http://www.dingdianxs.la/,6,3,🎉 顶点小说|♜顶点小说⑲ #破冰1101|♜顶点小说⑲ #破冰
m.xlwxs9c.com,0,乐文小说网🎃,https://m.xlwxs9c.com#🎃,8,1,乐文小说网9
wap.aixswx.com,0,星空小说,http://wap.aixswx.com#onede,8,4,星空小说|星空小说|星空小说网|🎉 星空小说网
wap.wanshuwu.com,0,万书屋🎃,http://wap.wanshuwu.com#🎃,8,2,万书屋网|万书屋
qb5.io,0,全本小说5,https://www.qb5.io,6,3,全本小说|全本小说🎃#2|🌸 全本小说网qb5.io
bookxuan.org,0,书轩小说（优）,http://www.bookxuan.org/,6,1,👍书轩网
m.bqgxsw.com,0, ✎笔趣阁⑬④ ,https://m.bqgxsw.com/,7,2,笔趣阁🎃#29| ✎笔趣阁⑬④ 
yaoguoshu.com,0,🌲腰果树,https://www.yaoguoshu.com,8,1,腰果树🎃
m.kuaishuku.net,0,快书读吧,https://m.kuaishuku.net,5,1,快书读网
30xiaoshuo.com,0,🎉三零小说网,https://www.30xiaoshuo.com/,5,1,会小说网
20zw.com,0,爱你中文,http://www.20zw.com,7,3,爱你中文|爱你中文|爱你中文
rain8.com,0,🎋雨枫轩（在线阅读）🎋,https://www.rain8.com/##响海3,5,2,🔞 雨枫轩|🔞 雨枫轩
m.nsxs5.net,0,言情中文,https://m.nsxs5.net,8,4,言情中文|言情中文|📜言情中文|言情中文🎃
jingpinshucheng.com,0,精品书城,https://jingpinshucheng.com,6,3,精品书城|精品书城|精品书城
fanqienovel.com,0,番茄小说[自写]🐜需要SVIP,https://fanqienovel.com,8,4,番茄网怀旧|番茄小说🎃#5|番茄小说[自写]🐜|番茄网怀旧
m.wenxuesk.info,0,🏵无限小说网,http://m.wenxuesk.info/,8,2,🔰 无限小说网|无限小说网🎃
m.miduxs.com,0,米读小说,http://m.miduxs.com,8,2,米读小说|米读小说🎃
156zw.com,0,基本中文,http://www.156zw.com,7,2,数字中文|数字中文
bg60.cc,0,笔趣阁🎃#41,https://www.bg60.cc#🎃,8,1,笔趣阁①
b.guidaye.com,0,鬼大爷网（发现）,https://b.guidaye.com,6,1,📚鬼大爷网
m.wenxue34e.com,0,文学三四🎃,https://m.wenxue34e.com#🎃,7,1,🎉 文学三四
m.boshisw.com,0,🔆博仕书屋,http://m.boshisw.com,8,5,博仕书屋|博仕书屋🎃#2|博仕书屋|博仕书屋|博仕书屋🎃
m.miaojiang8.net,0,苗疆小说,https://m.miaojiang8.net/,6,1,苗疆小说
m.xbyuan.com,0,精华书阁🎃#6,https://m.xbyuan.com#🎃,8,2,🎉 精华书阁|精华书阁
70zw.com,0,🌸 麒麟中文,https://www.70zw.com,6,3,麒麟中文|麒麟中文|♜麒麟中文网 #破冰
xszww8.net,0,小说中文,https://www.xszww8.net/,8,3,️小说中文网🎃|🎉️小说中文网1|♛+小说中文网 #破冰 速
66txt.net,0,🎉66电子书①,https://www.66txt.net/,6,3,♜66电子书|🍺 66电子书|♜66电子书 #破冰
mianfeixiaoshuoyueduwang.com,0,免费小说,https://www.mianfeixiaoshuoyueduwang.com,6,3,免阅读网|免费小说阅读网🎃|🐶免费小说
youfh.com,0,凤凰书城,http://www.youfh.com/,6,1,凤凰书城
m.ymtxt.cc,0,要么小说,https://m.ymtxt.cc/,8,2,要么小说|要么小说🎃
mingyuewenxue.cn,0,明月文学,http://www.mingyuewenxue.cn/,5,1,明月文学
m.heenee.com,0,全本小说,http://m.heenee.com,8,7,全本小说|全本小说|🍁 全本小说🔹heenee|全本小说🎃#7|全本小说
m.qbiqus.com,0,笔趣阁,https://m.qbiqus.com#🎃,8,2,笔趣阁|笔趣阁
55txt.cc,0,无限小说网[55],https://www.55txt.cc/,6,1,📖 无限小说
m.iquanben.net,0,全本小说,http://m.iquanben.net/,7,1,笔趣阁128
yetianlian.org,0,夜天连看,http://www.yetianlian.org/,7,1,夜天连看
miwen.net,0,小说精品屋,https://miwen.net,7,2,小说精品屋🎃|小说精品屋
bbiquge8.net,0,看书吧,http://www.bbiquge8.net/,8,2,笔趣阁|看书吧🎃
2kxs.info,0,👌 2K小说,https://www.2kxs.info,7,3,2K小说网|看小说网|2K小说网
baolaishiye.com,0,宝来小说,https://www.baolaishiye.com/,8,3,宝来小说|宝来小说🎃#2|👍宝来小说
oldtimescc.net,0,旧时光文学,https://www.oldtimescc.net/,5,1,旧时光文学
biqug.org,2,🎨笔趣阁💞,https://www.biqug.org,6,1,笔趣漫（优）
heiyan.info,0,黑炎小说,http://www.heiyan.info#🎃,7,3,黑炎小说|黑炎小说|黑炎小说
book.yuntuxs.com,0,🏖️云兔小说,http://book.yuntuxs.com/,8,1,📖 云兔小说
bxwx5.cc,0,笔下文学[x5],https://www.bxwx5.cc/,7,1,📖 笔下文学
5ccc.net,0,我看书斋,https://www.5ccc.net/,7,3,我看书斋|我看书斋|我看书斋🎃
mob.xinlong5.com,0,新龙小说🎗🪜,https://mob.xinlong5.com,6,1,📃新龙小说
biqugej.net,0,快眼小说,https://www.biqugej.net,7,2,快眼小说①|快眼小说网🎃
154.37.154.143,0,西红柿网,http://154.37.154.143,7,1,菠萝小说
m.ttshu12.com,0,桃桃书网,https://m.ttshu12.com/,6,1, 桃桃书网
esjzone.net,0,🎋ESJ轻小说🎋,https://www.esjzone.net/,6,2,ESJ轻小说.net|ESJ Zone
pdfbook.cn,0,云海电子（下载）,http://www.pdfbook.cn,8,4,云海电子图书馆🎃|📥云海电子图书馆|📥 云海图书馆|📥云海图书馆
w.linovelib.com,0,哔哩轻小说（优）,https://w.linovelib.com,8,8,哔哩轻小说|♛嗶哩輕小說|📖 哔哩轻小说|⚐ 哔哩轻小说w▪日轻▪︎ ♛♛xbak|●⚐ 哔哩轻小说w▪日轻▪︎ ♛♛♚
anshuge.com,0,大帝小说,http://www.anshuge.com/,7,3,暗书阁子|🔰安书阁|大帝小说库🎃
m.fqxs.org,0,番茄小说,http://m.fqxs.org/,7,1,🍺 番茄小说
xichubao.com,0,脸红心跳,  https://www.xichubao.com,8,6,喜纯小说|喜纯阅读|喜纯小说|喜纯小说|喜纯小说🎃
ujxsw.net,0,👌 悠久小说,http://www.ujxsw.net,8,3,悠久小说|悠久小说|悠久小说
m.ysfwxc.com,0,御书房文学,https://m.ysfwxc.com/,6,1,🪐御书文学
bestlightnovel.com,0,国外小说（英文）,https://bestlightnovel.com/,8,1,环球小说（英文）
my2852.com,0,梦远书城,http://my2852.com,5,2,📚 梦远书城|梦远书城™地瓜
1bqg.net,0,👌 博趣中文网,https://www.1bqg.net,8,1,博趣中文网
kekenet.com,1,📻 可可英语1,http://www.kekenet.com,3,1,📻 可可英语1
biquge77.net,0,笔趣阁⁷⁷,http://www.biquge77.net,7,4,笔趣阁#44|笔趣阁⁷⁷|笔趣阁⁷⁷|笔趣阁🎃#32
m.bxwxorg.com,0,📜 笔下文学,http://m.bxwxorg.com,6,3,花火-笔下文学|笔下看书②|♻️笔下看书②⭐
m.quanbenwo.com,0,全本窝,https://m.quanbenwo.com/,6,1,🌸 全本窝
m.ydxrf.com,0,笔趣阁🎃#30,https://m.ydxrf.com#🎃,8,2,笔趣阁新|笔趣阁新
m.baolaixsw.com,0,宝来小说,http://m.baolaixsw.com,8,3,宝来小说网🎃|☑宝来小说|🎉宝来小说
m.uaa.com,0,🔴UAA小说,https://m.uaa.com,6,2,📓UAA·小小说|有爱爱小说
023dn.com,0,023小说网🎃,https://www.023dn.com#🎃,8,1,023小说网
shatanxs.com,0,沙滩小说,http://www.shatanxs.com/,7,3,沙滩小说|沙滩小说网|沙滩小说网🎃
bulasw.com,0,🔰 布拉,https://www.bulasw.com/,5,2,🔰 布拉|布拉书屋🎃
m.bqg14.cc,0,笔趣阁,https://m.bqg14.cc,8,1,笔趣阁🎃#45
242xs.info,0,星星小说（发现）,https://www.242xs.info##旅途,6,2,超级小说|242小说
jpxs123.com,0,👍 精品小说,http://www.jpxs123.com,6,5,精品小说网|🎉 精品小说|🐑精品小说|☘️精品小说☘️|⌨-精品小说
m.00shu.la,0,◎零零小说[m],https://m.00shu.la/,8,3,零零书小说|零书小说|蛋蛋小说
yetianlian.com,0,夜天连看,http://www.yetianlian.com,7,2,何以笙箫默|夜天连看🎃
m.s4yd.com,0,盛世阅读,http://m.s4yd.com,7,2,盛世阅读网|盛世阅读网🎃
mds.kkyd.cn,0,小说阅读,http://mds.kkyd.cn,5,1,小说阅读
m.zhongtianwen.cn,0,种田小说,https://m.zhongtianwen.cn#,6,3,⭐️种田小说|♜ 种田小说 #一程|种田小说🎃
zym888.com,0,⭐ 番茄888,https://www.zym888.com,7,6,西红柿吧|🎉番茄小说②|萝莉小说|皮卡小说|番茄小说7#
m.95shubao.cc,0,九五小说,http://m.95shubao.cc/,8,3,九五小说🎃|九五小说|💗 九五小说
wap.imayitxt.com,0,🍺 蚂蚁阅读,http://wap.imayitxt.com,8,1,蚂蚁阅读（优）
npzw.com,0,女仆中文,https://www.npzw.com/,6,1,女仆中文
ysjsxcs.com,0,顶点小说#7,https://www.ysjsxcs.com,8,3,顶点小说#7|顶点小说|顶点小说🎃#7
69zww.com,0,皮中文网,https://www.69zww.com,7,7,♜69中文② #破冰1101|👍 69中文网|🎉69中文③①|皮中文网|唔中文网
m.fywenx.com,0,👍 39小说,http://m.fywenx.com,6,1,三九小说#南笙21.0101
bxwenku.com,0,🔖笔下文学⑤,https://www.bxwenku.com/,8,2,笔下文学⑪|🔰 笔下文学
biduoxs.com,0,🍁笔趣阁㉝①,https://www.biduoxs.com/,6,2,🎉 笔趣阁㉝[仅发现]|♜ ✎笔趣阁㉝ #破冰▼列表书少
80txt.net,0,新八零电子书🎃,https://www.80txt.net#🎃,8,1,新八零电子书
m.damaoli.com,0,☄️ 笔书阁,http://m.damaoli.com/,8,3,笔书阁吧|笔书阁吧|笔书阁
m.jywad.com,0,新书包网,https://m.jywad.com/,8,2,🔰 新书包网|新书包网🎃
xuanhuange.net,0,👍玄幻阁,http://www.xuanhuange.net,8,3,玄幻阁网|玄幻阁吧|玄幻阁网🎃
dawensk.com,0,💠 达文小说,http://www.dawensk.com,8,3,达文小说|达文小说|达文小说
siluwu.com,0,思路客吧,http://www.siluwu.com,7,4,思路客|思路客吧|思路客网|🍺 思路客③
api.dswang.org,0,♨️ 网阅中文,https://api.dswang.org/,8,1,♨️ 网阅中文
m.doupocangqiong.cc,0,🔰 斗破小说,http://m.doupocangqiong.cc,8,3,斗破小说|斗破苍穹小说网|斗破苍穹小说网
2kxs.cc,0,🎉2k小说网②,https://www.2kxs.cc/,6,2,♜2k小说网② #破冰1101|🔰 2k小说
biduju.net,0,必读居,http://www.biduju.net,8,2,必读居🎃|必读居
xxqb5200.net,0,全本小说,https://www.xxqb5200.net#🎃,8,3,全本小说|🌸 全本小说①|♜+全本小说① #破冰1101
m.yuyuzw.com,0, 鱼鱼中文网,http://m.yuyuzw.com,6,2,📖 鱼鱼中文|鱼鱼中文网🎃
luoqiuzw.com,0,💦落秋中文④,https://www.luoqiuzw.com/,6,3,👍 落秋①|👍 落秋|🔰 落秋中文
tiao1.cc,0,淘书网络,https://www.tiao1.cc/,6,2,淘书|挑一小说🎃
luoqiuzww.com,0,落秋中文⭐#南笙21.0101,http://www.luoqiuzww.com#南笙21.0101,6,1,🔰 落秋中文
m.lewenge.la,0,️乐文🎃,http://m.lewenge.la#🎃,8,1,⭐️乐文
piaotian.org,0,飘天文学,https://www.piaotian.org,8,11,飘天文学|飘天文学|飘天文学|飘天文学|飘天文学
zhaishuyuan.org,0,👌 斋书院,https://www.zhaishuyuan.org,8,8,🧐斋书苑网♨️|️斋书苑⑴zhaishuyuan.org|🏷️斋书苑|斋书苑|【斋书苑】
123wenxue.com,0,💯文学迷小说,https://www.123wenxue.com/,6,1,文学迷
m.biqooge.com,0,笔趣阁④,https://m.biqooge.com,6,2,♜ 笔趣阁⑤ #一程|♜ 笔趣阁⑤ #一程1101
m.iswwx.com,0,📡 35小说网,http://m.iswwx.com/,8,1,🔞35小说网📖
m.tywx.com,0,天意文学网,https://m.tywx.com,7,3,天意文学|天意文学|天意文学网🎃
58xs.cc,0,🎉五八小说②,http://www.58xs.cc/,6,2,🎉 58小说②|♜58小说②
88dshu.com,0,版本读书,http://www.88dshu.com,7,2,版本读书|📖 88读书网
99mk.com,0,💯鸟书网小说,https://www.99mk.com/,6,4,鸟书网|♜+鸟书网 #破冰1101|👍 鸟书网[仅发现]|鸟书小说
kanshuge.co,0,看书阁,http://www.kanshuge.co/,7,1,看书阁
lanlanguoji.com,0,(搜索需输验证码)兰兰文学网,https://www.lanlanguoji.com,6,2,💊 兰兰文学|兰兰文学▪搜索间隔
m.silukex.com,0,思路客🎃#2,https://m.silukex.com#🎃,8,2,📖 思路客网|思路客x
m.wenxue12d.com,0,卫星小说🎃,https://m.wenxue12d.com#🎃,8,1,卫星小说
dushuzhe.com,0,🎉读书者小说,https://www.dushuzhe.com/,5,4,🌸 读书者|♜读书者 #破冰|♜读书者 #破冰1101|👍 读书者
m.xingmingzhi.com,0,经典笔趣,https://m.xingmingzhi.com#🎃,8,1,经典笔趣阁
m.kujiang.com,0,酷匠网吧,https://m.kujiang.com/,8,8,酷匠网| 酷匠网呀|📚 酷匠网站|♛酷匠网 #一程|💰 酷匠网
81zw.org,0,📜 八一中文③,https://www.81zw.org/,6,3,♜-八一中文③ #破冰1101|♜-八一中文③ #pb▼列表书少|🔰 八一中文网
fushucun.com,0,福书网,https://www.fushucun.com#改进,8,7,福书网吧|福书网吧|福书网吧|福书网吧|福书网程
tybook.taoyuewenhua.net,0,🍮淘小说,https://tybook.taoyuewenhua.net,8,4,淘小说网|淘小说网|淘小说吧|淘小说网🎃
8boo.com,0,博发小说,http://www.8boo.com,7,2,博发小说|📖 博发小说
dizishu.com,0,🔰 弟子,https://www.dizishu.com,5,1,弟子小说网
downcg.com,0,笔趣阁DO🎃,http://www.downcg.com#🎃,8,1,🌀笔趣阁DO
m.miaoshu5.cc,0,🌸 秒书屋,https://m.miaoshu5.cc,6,1,秒书屋
pinshuke.org,0,品书客子,https://www.pinshuke.org,7,2,品书安客|🎉品书客小说
qqxs.tw,0,千千小说,https://www.qqxs.tw/,8,3,💊 千千小说|♜-千千小说④ #破冰1101|♜-千千小说④ #破冰
m.zhkanshu.com,0,八一中文网🎃,http://m.zhkanshu.com#🎃,7,1,八一中文网
uu234w.com,0,悠悠小说,http://www.uu234w.com,8,3,UU小说网🎃#2|UU小说网|UU小说网
book.zri.moe,0,🔰 炎上书屋,https://book.zri.moe/,8,3,炎上书屋|炎上书屋🎃|🔰 炎上书屋
m.wanbar.net,0,玩吧小说,https://m.wanbar.net/,6,2,🌸 玩吧小说|🎉玩吧小说 #关耳
yqzww.org,0,言情中文,http://www.yqzww.org,8,4,言情中文|言情中文网②|♜言情中文网②|言情中文网🎃
m.178yhr.com,0,铅笔小说,https://m.178yhr.com,8,3,铅笔小说|泡泡小说|铅笔小说🎃
liyuxiangall.com,0,🔰 鲤鱼乡,https://www.liyuxiangall.com/,8,2,鲤鱼乡②|鲤鱼乡🎃
biquge7.xyz,0,新笔趣阁,https://www.biquge7.xyz,8,6,笔趣阁|笔趣阁|笔趣阁|笔趣阁|笔趣阁
mzhu8.com,0,名著阅读📖#南笙21.0101,http://www.mzhu8.com,8,2,🎉 名著阅读吧|名著阅读📖#南笙21.0101
xiumb12.com,0,秀书网🎃,http://www.xiumb12.com#🎃,7,1,秀书网
m.mzhu8.com,0,名著阅读#玄奇21.0202,http://m.mzhu8.com/wap/,8,6,名著阅读[仅发现，加载较慢]|名著阅读|📚 名著阅读|名著阅读#玄奇21.0202|名著阅读#南笙21.0101
m.bxwxco.com,0,笔下文学,https://m.bxwxco.com,8,2,笔下文学🎃#5|🎉笔下文学③
aishangba4.com,0,笔趣阁中,https://www.aishangba4.com,8,1,笔趣阁中🎃
ymoxuan.com,0,衍墨轩吧（优）,http://www.ymoxuan.com,7,2,📜衍墨轩|📖 衍墨轩网
banshujiang.cn,0,搬书匠吧（编程）,http://www.banshujiang.cn,6,1,📥 搬书匠
m.txt101.com,0,💗 101言情,https://m.txt101.com,6,1,🔰 101言情小说
sgwaa.com,0,书馆中文,http://www.sgwaa.com/,8,3,书馆中文|书馆中文|书馆中文网
m.69shu.la,0,69书啦,http://m.69shu.la,8,1,🔖69书
dcrbk.com,0,稻草人书屋,https://www.dcrbk.com,8,1,稻草书屋
yunxs.com,0,👍 云中书库,http://www.yunxs.com#一程,8,8,云中书库 |云中书库|云中书库|云中书库|云中书库
sg.cizige.com,0,词字阁🎃,https://sg.cizige.com#🎃,7,2,🔰 词字阁|词字阁(作者abyssesml)
bqgxsw.com,0,笔趣阁🎃#49,http://www.bqgxsw.com#🎃,8,2,💫笔趣阁❶❺❶|🎉 笔趣阁⑬④
1biquge.com,0,笔趣阁①,https://www.1biquge.com,6,1,💯笔趣阁⑧
zhuishubox.com,0,追书帮网,https://www.zhuishubox.com/,6,1,追书帮组
51biquge.com,0,🍁笔趣阁㉒,https://www.51biquge.com/,6,2,🎉 笔趣阁㉒|✎ 笔趣阁32
yuezibaomush1.com,0,阅宝书屋🎃,http://www.yuezibaomush1.com#🎃,7,1,阅宝书屋
xinxs.la,0,🏷️笔趣阁❶❶❷,https://www.xinxs.la/,5,1,🎉 笔趣阁⑩②
m.aijjxs.com,0,爱久小说,https://m.aijjxs.com,8,1,爱久久小说🎃
ttkan.co,0,天天看小说,https://www.ttkan.co/,6,1,🔰 天天看小说[繁体]
jingwuxs.com,0,🎉 精武小说,https://www.jingwuxs.com,8,1,精武小说🎃
sunzw.com,0,📃阳光中文网,https://www.sunzw.com/,8,2,阳光中文🎃|📃阳光中文
shuhuang.la,0,🎉书荒啦小说,https://www.shuhuang.la/,5,4,🔰 书荒啦|♜书荒啦 #破冰|♜书荒啦 #破冰|书荒啦①
quanbentxt.net,0,全本小说,https://www.quanbentxt.net#,5,3,全本小说|全本小说②|全本小说🎃#4
qianluxiaoshuo.com,0,前路小说,https://www.qianluxiaoshuo.com/,6,6,💰前路小说qianluxiaoshuo|前路小说|㊣ 前路小说 #一程1101|💗 前路|前路🎃
74txts.com,0,骑士小说网,https://www.74txts.com/,7,1,骑士小说
lingdiankanshu.co,0,零点看书[lingdiankanshu],https://www.lingdiankanshu.co/,5,2,零点看书①|零点看书
kujiang.com,0,酷匠网,http://www.kujiang.com,5,1,酷匠网#南笙21.0101
kenwen.com,0,啃文书库,http://www.kenwen.com,6,3,🎉啃文书库①|啃文书库|📖 啃文书库
m.yuyanxs.com,0,雨烟小说🎃,https://m.yuyanxs.com#🎃,7,1,雨烟小说
podlook.com,0,📖 菠萝网网,http://www.podlook.com/,5,1,🎉 菠萝网
xtyxsw.org,0,天悦小说,https://www.xtyxsw.org#,7,2,天悦小说|天悦小说🎃
3ubook.com,0,三优小说网,http://www.3ubook.com,6,2,三优书吧|三优书🎃
piaotian.so,0,飘天文学,https://www.piaotian.so#🎃,8,3,飘天文学|飘天文学|飘天文学
m.shuoshu8.com,0,🎉 说书吧,https://m.shuoshu8.com,5,1,📖 说书吧网
uuxs.info,0,UU小说,http://www.uuxs.info/,6,1,UU小说
173kt.net,0,优·笔趣阁,http://www.173kt.net#🎃,7,1,优·笔趣阁⁴
9ggd.com,0,💗52格格党,http://www.9ggd.com/##@鱼,6,1,格格党
haiyue8.com,0,海阅小说,https://www.haiyue8.com,8,5,☘️海阅小说网☘️|☘️海阅小说网☘️|🔞 海阅小说③|📖 海悦小说|Ⓐ 海阅小说网
zw43.com,0,四三中文,https://www.zw43.com/,5,1,四三中文
wenxuem.com,0,💠 女生文学,http://www.wenxuem.com,8,5,女生文学|女生文学|女生文学|女生文学|女生文学
m.niaozhui.com,0,玉米小说🎃,https://m.niaozhui.com#🎃,8,1,玉米小说
wukongkanshu.com,0,🍇 海棠看书（有海棠作话）,https://www.wukongkanshu.com,6,1,👔 海棠看书
tcknh.com,0,侠客小说,https://www.tcknh.com,6,3,侠客小说🎃#2|侠客小说网|侠客小说
xstxt.com,0,皮裤小说,http://www.xstxt.com,7,4,皮裤小说|嗯啊小说|♝-E小说② #破冰|♝-E小说② #破冰
stxt.top,0,🔰 读书阁②,https://stxt.top,7,3,读书阁🎃|读书阁网|读书阁
txtduo.com,0,多多书院,http://www.txtduo.com/,7,4,🎀多多书院|🔖多多书院①|♛多多书院 #关耳|🌸多多书院
123yqw.com,0,123言情网,http://www.123yqw.com,7,3,123言情网|123言情网|123言情网🎃
88yuedu.com,0,笔趣阁🎃#67,http://88yuedu.com#🎃,7,2,笔趣阁88yuedu|笔趣阁88yuedu
m.zydu3.com,0,宅阅读吧,https://m.zydu3.com,7,1,宅阅读吧
m.xdawujiasu.com,0,️落尘🎃,https://m.xdawujiasu.com#🎃,8,2,🔰 ️落尘|⭐️落尘
ysg0.com,0,🍎盐神阁0,https://www.ysg0.com,6,2,🍎盐神阁|盐神阁
m.ysts8.net,1,有声听书吧,https://m.ysts8.net,6,2,🎧 有声听书|声听书吧
ysts5.com,1,📻 有声听书网,https://www.ysts5.com,8,1,有声听书⁵
wap.yingsx.com,0,影书,https://wap.yingsx.com#,6,3,影书小说|💠 影书小说|影书🎃#2
rdqsdy.net,0,🌸 格格党网,https://www.rdqsdy.net,8,5,格格党|格格党🎃|格格党|格格党|格格党⑤🥉
1688by.com,0,书趣网_By-[曦灵],https://www.1688by.com/  ##_By-[曦灵],8,2,好笔水阁|好笔阁🎃
xs666.vg,0,经典长篇,https://xs666.vg/#,3,1,经典长篇
m.26ks.org,0,爱豆看书,http://m.26ks.org,7,1,爱豆看书网🎃
m.97xiaoshuo.net,0,无限小说网,https://m.97xiaoshuo.net/,6,2,🪔️ 无限小说97|97小说/无限小说网
hljzc.cc,0,华丽家族,https://www.hljzc.cc/,7,2,华丽家族|华丽家族🎃
ppxsw.cc,0,🎉 皮皮小说,http://www.ppxsw.cc,5,1,皮皮小说
gchun.com,0,纯果（天天书源）,http://www.gchun.com,8,1,源社区出品-👑 纯果（天天书源）
m.uuxsw8.cc,0,悠悠小说网 8,http://m.uuxsw8.cc,5,2,UU小说⑧|UU小说🎃
zbwq.wmg.weimeigu.net,0,唐门免费看书,https://zbwq.wmg.weimeigu.net/app/index.php?i=16414&c=entry&do=index&m=iweite_xiaoshuo,8,1,唐门免费看书🎃
paoshu8.com,0,泡书吧子,http://www.paoshu8.com/,5,1,泡书吧[shu8]
heag8.com,0,🎉 华曦小说,https://www.heag8.com/,6,2,🔰 华曦小说|华曦小说🎃
wuxia8.com,0,武侠小说,https://www.wuxia8.com,7,3,武侠小说|武侠小说|武侠小说网
wap.115wx.org,0,玩玩文学,http://wap.115wx.org/,8,2,115文学🎃#2|115文学.115wx
wanjiayin.com,0,优·万家小说🎃,http://www.wanjiayin.com#🎃,7,1,优·万家小说
paopaoxs.cn,0,泡泡小说,https://www.paopaoxs.cn/,7,2,泡泡中文|泡泡小说🎃
laishu8.com,0,来书吧🎃,https://www.laishu8.com#🎃,7,2,🎉 来书吧|🎊来书吧
m.121du.net,0,📖 一读小说,https://m.121du.net/,5,2,一读小说|⚡一读小说
gugexs.com,0,谷歌小说🎃,http://www.gugexs.com#🎃,7,2,📖 谷歌小说|📖 谷歌小说
remenxsxs.com,0,热门小说网,https://www.remenxsxs.com/,7,2,热门小说网🎃|新热门
m.qiutiandog.com,0,🌸秋田书屋,https://m.qiutiandog.com/,7,2,秋田书屋🎃|🌸秋田书屋
tzy2.com,0,太子爷网,http://www.tzy2.com/,8,2,太子爷小说网|太子爷小说网🎃
bookfedex.com,0,👌 文徒小说,http://www.bookfedex.com,8,3,文徒小说|文徒小说|文徒小说🎃
ybsws.com,0,💠 夜伴书屋,https://www.ybsws.com,8,1,夜伴书屋🎃#2
m.ewentai.com,0,易文台,https://m.ewentai.com#,6,4,🌐 易文台网|🔰 魔爪小说|易文台|易文台🎃
m.newbiquge.org,0,笔趣阁#6,https://m.newbiquge.org#,5,3,笔趣阁|笔趣阁69|新笔趣阁new🎃
m.qianyege.com,0,千夜阁,https://m.qianyege.com/,8,2,🏵千夜阁|🍁 千夜阁
ibabyxs8.com,0,爱宝贝,https://www.ibabyxs8.com,7,1,爱宝贝小说🎃
biqugecom.cc,0,笔趣阁,https://www.biqugecom.cc,8,2,笔趣阁|笔趣阁#54
yanshan33.com,0,燕山小说,http://www.yanshan33.com/,7,2,燕山文学|燕山🎃
m.qisexs.com,0,七色小说网,http://m.qisexs.com/,6,3,⭐️七色|🚬 七色小说|七色小说网🎃
222biquge.com,0,笔趣阁🎃#36,http://www.222biquge.com#🎃,8,1,笔趣阁
vodtw.com,0,🎉 品书小说,https://www.vodtw.com,8,3,品书网|品书网#玄奇21.0202|🔰 品书网
yysk.net,0,歪歪书库（发现）,http://www.yysk.net/##@遇知,8,2,歪歪书库|歪歪书库
aiks87.com,0,零点小说🎃,https://www.aiks87.com#🎃,8,1,爱看书/零点小说
api.uaa.com,0,UAA·小说,https://api.uaa.com,8,6,有爱小说|UAA🎗🪜|📖UAA小说·小改|📓UAA·小说|UAA小说(H)
open.zzzapp.cn,0,拂袖,http://open.zzzapp.cn,7,5,拂袖渊呀|拂袖渊呀|拂袖小说|拂袖小说|拂袖网站
yydskxs.com,0,轻小说文（优）,https://yydskxs.com/,8,1,YYDS轻小说🎃
huanyuan.app,0,换源小说（优）,https://www.huanyuan.app,8,1,🏵换源小说
iyueba.net,0,爱阅吧网,https://iyueba.net,8,1,爱阅吧
m.75zwz.com,0,起舞中文网🎃,https://m.75zwz.com#🎃,8,1,起舞中文网
timotxt.com,0,提莫書屋（繁体）,https://www.timotxt.com,8,2,提莫書屋（繁体）|提莫書屋🎃
i.12bz.net,0,第一版主17,https://i.12bz.net/,8,6,🔞 第一版主net|第一版主⑥|第一版主⑥|🚬 第一版主i12|第一版主🎃#2
wap.zwkan.com,0,中文看说,http://wap.zwkan.com,8,1,中文看🎃
bqgnovels.com,0,🌠笔趣阁[bqgnovels],https://www.bqgnovels.com,8,1,🌠笔趣阁[bqgnovels]
m.yncgw.com,0,笔趣阁🎃#61,https://m.yncgw.com#🎃,8,1,笔趣阁18
yueliang25.buzz,0,🚬 月亮小说,https://yueliang25.buzz,6,1,月亮小说
luoqiu.info,0,落秋中文,https://www.luoqiu.info/,7,3,落秋中文🎃|落秋中文网|🔥 落秋⑤
changyeyuhuo.com,0,长夜余火小说网,https://www.changyeyuhuo.com,6,1,📖 长夜余火
m.81cnw.com,0,81中文网🎃,https://m.81cnw.com#🎃,8,1,81中文网
m.13bqg.com,0,笔趣阁13,https://m.13bqg.com,8,1,笔趣阁🎃#62
m.bqg42.cc,0,笔趣阁4,https://m.bqg42.cc,6,1,笔趣阁🎃#44
wenxuesk.net,0,无限小说,https://www.wenxuesk.net/,7,1,无限小说
8xsk.com,0,八叉书库-电脑版,https://www.8xsk.com/,8,4,八叉书库🎃|八叉书库|🈲八叉书库「发现」|㊕ 八叉书库 #一程
m.moshayuan.com,0,下书小说网,https://m.moshayuan.com,7,1,下书小说
zrfsxs.com,0,择日小说,https://www.zrfsxs.com#,8,3,择日小说|择日小说|👌 择日小说
miph.aixdzs.com,0,爱下电子书（繁体）,https://miph.aixdzs.com,7,2,爱下电子书🇨🇳|爱电子书（繁体）
wcxs5.com,0,👌 无错小说屋,https://www.wcxs5.com,7,2,无错小说|无错小说🎃#3
xn--oiji-k32hr15anv9f.155comic25.icu,0,每日色漫,https://xn--oiji-k32hr15anv9f.155comic25.icu,8,1,每日色漫🎃
booksos.net,0,求书网吧,http://www.booksos.net,8,2,求书网吧|求书网吧
qiexs.com,0,🔰 企鹅小说,http://www.qiexs.com/,8,2,💠 企鹅小说|企鹅小说🎃
yanqing-888.net,0,💥言情888,https://www.yanqing-888.net/,7,1,言情888
qunxs.com,0,🔰 群小说网,http://www.qunxs.com,8,1,群小说网
quanben5.com,0,🎉 全本小说,https://www.quanben5.com,8,1,全本小说
ym6080.cn,0,优梦小说,http://www.ym6080.cn/,7,3,优梦小说#南笙21.0101|🎉 优梦小说|优梦小说
m.hbpas.org,0,👔 挥笔书屋 源仓库静白校验搬运删掉,http://m.hbpas.org/,6,2,🚭 挥笔书屋|㊕ 挥笔书屋 #一程1101
dxmwx.org,0,熊猫文学,https://www.dxmwx.org/,8,3,熊猫文学|熊猫文学|大熊猫文学
fu44.pw,0,逆鳞小说,https://fu44.pw,8,1,久久小说
m.xlwxs9.net,0,乐文小说🎃,https://m.xlwxs9.net#🎃,8,1,乐文小说
tieba.baidu.com,0,百度贴吧（贴吧）,https://tieba.baidu.com#乃星,8,5,百度贴吧|百度贴吧（贴子）|百度贴吧（贴子）| 百度贴吧|贴吧🎃
m.81ht.com,0,求小说网🎃#3,http://m.81ht.com#🎃,8,2,求小说网(卢客源)|🔰 求小说网
mengruan.com,0,梦阮读书,https://www.mengruan.com,8,4,梦阮读书|梦阮读书🎃|㊞ 梦阮读书 #一程|㊞梦阮读书 #一程
wrltxt.com,0,4020电子书,http://www.wrltxt.com,8,2,吧电子书|啦电子书
api.jiaston.com,0,⭐快读小说,https://api.jiaston.com,6,1,笔趣阁
52cake.net,0,笔趣阁25,http://www.52cake.net,5,1,笔趣阁10
music.liuzhijin.cn-qq,1,音乐-QQ,https://music.liuzhijin.cn-qq,1,1,音乐-QQ
api.cdyt.com,0,阅听小说（发现）,http://api.cdyt.com,8,4,🌟 阅听小说|㊣ 阅听小说|㊣ 阅听小说|💰 阅听小说
so.27k.net,0,乐阅读🇨🇳,https://so.27k.net/,8,1,💠 乐阅读
book.sewen6.club,0,涩文,https://book.sewen6.club/,6,1,🔰 涩文
m.ddxsss.com,0,顶点小说🎃#13,https://m.ddxsss.com#🎃,8,1,🎉 顶点小说·壹
bybk.cc,0,🔰 白云博客,https://www.bybk.cc,0,1,🔰 白云博客
kunnu.com,0,鲲弩小说,https://www.kunnu.com,8,5,鲲弩小说|鲲弩小说|鲲弩小说|㊞ 鲲弩小说 #一程|鲲弩小说🎃
uuxsw8.net,0,陶瓷小说,http://www.uuxsw8.net,7,1,UU小说吧🎃
m.wbsz.org,0,完本神站,https://m.wbsz.org,8,2,👌 完本神站[自写/码]|✨完本神站
m.xqqxs8.net,0,️千千中文M🎃,https://m.xqqxs8.net#🎃,8,1,⭐️千千中文•M
jx.la,0,笔趣阁jx,https://www.jx.la,6,1,笔趣阁jx
boquku.com,0,笔趣阁,http://www.boquku.com,8,3,笔趣阁③①|♜ ✎笔趣阁③ #破冰 97ub.org|♜ ✎笔趣阁③ #破冰 97ub.org
m.ruochuwx.com,0,若初小说,https://m.ruochuwx.com,8,3,📚 若初文学|若初|若初文学🎃#2
wap.56shuku.info,0,五六书库,https://wap.56shuku.info,8,1,五六书库🎃
m.tcknh.com,0,👌 侠客小说,https://m.tcknh.com,7,3,侠客小说|侠客小说|侠客小说🎃
yunxuange.cc,0,云轩阁,http://www.yunxuange.cc,6,1,云轩阁🎃
zzs5.com,0,♜ 猪猪书网,http://www.zzs5.com,8,5,猪猪书网|猪猪书网| 猪猪书网|猪猪书网|猪猪书网
m.shuq.net,0,书旗小说（优）,https://m.shuq.net,8,5,书旗小说|书旗小说|书旗小说🎃#2|书旗小说|书旗小说🎃#3
m.rulianshi.la,0,入殓师,http://m.rulianshi.la/,7,3,不知加啥|入殓师|不知加啥🎃
book.xiepp.cc,0,下片小说,http://book.xiepp.cc,7,2,下片小说🎃|🔖下片小说吧
m.fushuzhai.net,0,腐书宅,http://m.fushuzhai.net,8,2,腐书宅🎃|🎀梵楽書斋
m.bqgbe.com,0,笔趣阁🎃#68,https://m.bqgbe.com#🎃,8,1,笔趣阁10
sinicprint.com,0,江印小说[自写],https://www.sinicprint.com,5,1,📖 江印小说
17imoe.com,0,萌猫动漫（简介）,https://www.17imoe.com/,6,1,17萌猫
84kanshu.com,0,巴士看书🇨🇳,https://www.84kanshu.com/##xsw,7,3,🍩巴士看书[必应搜索]|巴士看书|巴士看书🎃
ibusread.com,0,生活琐碎,https://www.ibusread.com/,8,3,生活琐碎阅读之家|生活琐碎阅读之家|生活琐碎阅读之家🎃
xiaxs.info,0,小说下载,https://www.xiaxs.info/,8,2,小说下载|小说下载🎃
huangdizhijia.com,0,皇帝之家,https://www.huangdizhijia.com,8,1,皇帝之家🎃#2
m.bigee.cc,0,笔趣阁,https://m.bigee.cc#🎃,8,2,笔趣阁|笔趣阁
wap.bqzw789.org,0,小说-🥝笔789,http://wap.bqzw789.org/,7,1,🔰 笔bqzw
m.fbook.net,0,天下书盟,http://m.fbook.net,8,1,天下书盟🎃#2
m.nshkedu.com,0,☄️ 文趣阁,http://m.nshkedu.com/,8,1,文趣书阁
m.yqxxs.com,0,言情小说,http://m.yqxxs.com/,7,3,🔰 言情小说|言情小说|言情小说
m.wbxs.org,0,完本小说网,https://m.wbxs.org,6,1,完本小说网🎃
cxbz958.com,0,鬼吹灯吧,http://www.cxbz958.com#,8,5,鬼吹灯② #破冰|🔰 鬼吹灯|鬼吹灯|鬼吹灯🎃|鬼吹灯
daowenge.com,0,盗文阁🎃,https://www.daowenge.com#🎃,7,1,盗文阁
69shu.net,0,太极书包,https://69shu.net/,8,4,🎉 69书吧①|69书吧🎃#2|♜ 69书吧 #一程1101|♜ 69书吧 #一程
changduzw.com,0,💠 五五读书,https://www.changduzw.com,8,6,五五读书|Ⓐ 55读书|儿童读书|唔唔小说|Ⓐ 五五小说②
m.xlwxs9a.com,0,乐文小说,https://m.xlwxs9a.com,8,1,乐文小说网🎃#3
m.uuxsw8.com,0,欧尼小说,http://m.uuxsw8.com/,7,2,UU小说⑦|UU小说🎃#2
23ddw.net,0,贰叁顶点🇨🇳,https://www.23ddw.net/,8,2,顶点小说🇨🇳|顶点小说🎃#8
m.guodongxsw.com,0,果冻小说,http://m.guodongxsw.com/,6,3,💠 果冻小说|果冻小说|♜ 果冻小说 #一程1101
aixiaxsw.com,0,爱下书小说,https://www.aixiaxsw.com,8,2,爱下书网|爱下书小说网🎃#2
soshu8.com,0,🍩搜书吧,http://www.soshu8.com/,7,2,🔰 搜书吧|搜书吧🎃
fxnzw.com,0,🔰 飞翔鸟中文,https://www.fxnzw.com,7,3,飞翔鸟中文🎃|飞翔鸟中文小说网|飞翔鸟中文
gufengmh9.com,2,② 古风漫画,http://www.gufengmh9.com,7,1,① 古风漫画
qisxs.com,0,奇书小说,https://www.qisxs.com#,7,3,奇书小说|奇书小说|奇书小说
ixiatxt.com,0,手机小说,http://www.ixiatxt.com,8,2,手机小说|手机小说
appi.kuwo.cn,0,酷我小说,http://appi.kuwo.cn/novels/api/book/,8,5,酷我小说|酷我小说|酷我小说|⭐ 酷我小说|酷我小说
book.sina.cn,0,新浪小说,http://book.sina.cn/,7,5,新浪小说网|新浪小说|新浪小说网|新浪小说网|新浪小说网🎃
anduril.xmkanshu.com,0,⭐ 熊猫看书,https://anduril.xmkanshu.com,8,5,熊猫看书|熊猫看书|熊猫看书|熊猫看书|熊猫看书
m.shankeruisi.com,0,删除小说,https://m.shankeruisi.com/,7,2,🔰 166小说|166小说🎃
rourouwu18.com,0,🔰 看的书,https://www.rourouwu18.com,8,1,看的书🎃
m.txt80.cc,3,八零电子（导入）,https://m.txt80.cc/,4,1,八零电子书
69shuba.info,0,太极书包,https://www.69shuba.info#,8,2,69书吧🇨🇳|太极书包
jcdf99.com,0,🔰 精彩东方,https://www.jcdf99.com,7,3,精彩东方|精彩东方|精彩东方🎃
56bok.com,0,明月中文,https://www.56bok.com,6,3,☘️明月中文☘️|明月中文|Ⓑ 明月中文
m.qqxcw.com,0,千千小说④,http://m.qqxcw.com/,7,1,千千小说④
changshengrui.com,0,优·笔趣阁🎃#2,http://www.changshengrui.com#🎃,7,2,笔趣阁|优·笔趣阁³⁴
susuzw.com,0,速速中文,http://www.susuzw.com/,6,2,速速中文|速速中文🎃
97xiaoshuo.net,0,💦无限小说网,https://www.97xiaoshuo.net/,6,2,无限小说|🧐无限小说网① #破冰♨️
m.haitang4.com,0,🔰 海棠书屋,https://m.haitang4.com,8,1,海棠书屋🎃#3
m.yunxs.com,0,云中书库,http://m.yunxs.com#薅白,7,1,云中书库
m.kanshuba.org,0,看书吧网,http://m.kanshuba.org/,7,1,看书吧网
kushuge.com,0,酷书阁网,http://www.kushuge.com/,8,1,酷书阁网
quexs.com,0,唔缺小说,http://www.quexs.com,7,2,唔缺小说|唔缺小说🎃
balingtxt.com,0,八零电子,http://www.balingtxt.com,7,7,八零电子|八零电子|八零电子|🎉 八零电子书[仅发现]|👍 八零电子书
uuwx.la,0,uu小说,http://www.uuwx.la,7,2,玩玩小说|胖胖小说
m.xsobiquge.com,0,笔趣阁,https://m.xsobiquge.com,7,1,笔趣阁🎃#44
afdian.net,0,💰 爱发电,https://afdian.net,8,3,爱发电|🛍︎爱发电网|爱发电🎃
doufu.me,0,豆腐文学,https://www.doufu.me/,7,2,豆腐文学|豆腐文学
m.biqubao.com,0,笔趣宝吧,https://m.biqubao.com,8,1,笔趣阁🎃#60
uuks5.com,0,悠悠看书（发现）,https://www.uuks5.com/,8,1,御魂看书（发现）
m.quge7.cc,0,笔趣阁7,https://m.quge7.cc,6,1,笔趣阁🎃#108
kongfz.com,0,孔夫子网,http://www.kongfz.com#,6,3,孔网出版物数据|孔夫子网|孔网出版物🎃
b.zhuishushenqi.com,0,☄️ 饭团追书/追书神器app,http://b.zhuishushenqi.com,8,3,追书神器|饭团追书|💵 追书神器##3
3yewu.com,0,三叶屋小说,https://www.3yewu.com,5,2,三叶屋小说🎃|三叶屋小说
g.hongshu.com,0,红薯网站,https://g.hongshu.com/,8,4,红薯网子（发现）|红薯网站|红薯网站🎃|💵 红薯网♀
loubiqu.com,0,开源书源,http://www.loubiqu.com/,8,1,笔趣阁loubiqu
m.ucshuku.net,0,💐 ＵＣ书库,http://m.ucshuku.net,8,3,UC书库|UC小说|UC书库🎃
yjcat.com,0,笔趣阁22,http://www.yjcat.com,7,2,笔趣阁网|笔趣阁🎃#18
fuxiaoshu.com,0,🔰 腐小说,http://www.fuxiaoshu.com,8,2,腐小说🎃#2|🍑 腐小说
swangwx.info,0,神藏小说,http://www.swangwx.info/,5,1,神藏小说
m.zhuishu.com,0,追书网站,https://m.zhuishu.com/,7,1,📖 追书网站
m.wenxue12c.com,0,卫星小说🎃#2,https://m.wenxue12c.com#🎃,8,1,卫星小说
tianyabook.com,0,天涯在线书库,https://www.tianyabook.com,6,5,天涯在线书库|天涯在线书库|天涯书库|天涯在线书库🎃|天涯在线书库🎃
qishuta.la,0,奇书网吧,https://www.qishuta.la,8,3,奇书网络|奇书网吧|奇书网吧
shamoxs.com,0,沙漠小说,http://www.shamoxs.com/,8,4,沙漠小说|♜ 沙漠小说 #一程1101|♜ 沙漠小说 #一程|沙漠小说🎃
85novel.com,0,🏖️八五中文,https://www.85novel.com,8,3,85小说|🏖️八五中文|85小说
minguoqiren.net,0,民国奇人,http://www.minguoqiren.net/,7,3,民国奇人|民国奇人|民国奇人
xs74w.com,0,七四小说（优）,https://www.xs74w.com,7,2,七四小说|七四小说🎃
xqishuta.com,0,奇书网络,http://www.xqishuta.com,8,3,奇书网|奇书网🎃#2|奇书网①
lameixs.net,0,辣妹小说,http://www.lameixs.net/,6,1,🔖辣妹小说
69zww.io,0,69中文网,https://www.69zww.io,7,1,69中文网🎃
xqiushu.com,0,求书网2,http://www.xqiushu.com,5,3,求书网站|求书网🎃#2|🎉求书网
m.1114txt.xyz,0,一世书城（优）,https://m.1114txt.xyz/,8,1,一世书城🎃#2
m.ibiquzw.org,0,笔趣阁,http://m.ibiquzw.org#,8,2,笔趣中文|笔趣阁
sgxiaoshuo.com,0,🎉搜狗小说①,http://www.sgxiaoshuo.com/,5,1,搜狗小说
x81zw.co,0,新八一中,https://www.x81zw.co/,8,7,新八一网|新八一🎃|八一中文|🧐八一中文co #一程 ▼列表书少|♜▪︎八一中文③ #一程1201
cxinbz.com,0,👌 橘子小说,http://www.cxinbz.com,7,3,橘子小说|橘子小说|📖 橘子小说
mbgbook.com,0,🎉妙笔阁②①,https://www.mbgbook.com/,5,2,妙笔阁|♜妙笔阁② #pb
hjgzf.com,0,📖 海警学院,https://www.hjgzf.com,6,3,📖 海警学院|🔞 海警学院|海警学院🎃
wenxuesk.com,0,无限小说网,https://www.wenxuesk.com/,6,4,无限小说|无限小说网②|无限小说网|♜无限小说网② #破冰1101
shunong.com,0,书农文学,http://www.shunong.com,8,2,书农文学|书农文学🎃
roushuwu7.com,0,肉书屋🎃,https://www.roushuwu7.com#🎃,8,2,👔 肉书屋网|🔞 肉书屋 🪜
babazw.com,0,白白中文,https://www.babazw.com,8,2,笨笨中文|88中文🎃
axeslide.com,0,📖 零点看书,http://www.axeslide.com/,6,1,零点看书
121du.net,0,一读小说,https://www.121du.net,6,2, 🌕一读小说|一读小说[修复]
fxshu.org,0,腐文小说🎃#2,http://www.fxshu.org#🎃,8,2,腐文小说2|🍑 腐小说
yetianlian.la,0,夜天连看,http://www.yetianlian.la#,7,3,夜天连看|夜天连看|夜天连看🎃
gdbzkz.org,0,鬼吹灯吧,http://www.gdbzkz.org,8,3,鬼吹灯吧|💗 鬼吹灯|鬼吹灯🎃#4
m.xhwx6.com,0,玄幻文学,https://m.xhwx6.com#,8,3,玄幻文学|玄幻文学|玄幻文学
litu100.xyz,2,丽图漫画,https://litu100.xyz/,6,1,💠 丽图
tqcyjy.com,0,蚂蚁小说,https://www.tqcyjy.com/,8,3,🔰 蚂蚁小说|蚂蚁小说|蚂蚁小说
app2.motie.com,0,㊣磨铁中文,http://app2.motie.com,8,7,💰 磨铁中文|磨铁中文|磨铁中文|㊣磨铁中文 #一程|㊣磨铁中文 #破冰1101
m.xhwx3.com,0,玄幻文学,https://m.xhwx3.com/,8,1,玄幻文学
weilaitianwang.com,0,未来天王V2,http://www.weilaitianwang.com,8,3,未来天王|未来天王|未来天王
11txs.com,0,九桃小说🎃,http://11txs.com#🎃,8,4,九桃小说|九桃小说网🎃|九桃小说|📖 九桃小说
xs98.com,0,🐶小说酒吧,http://www.xs98.com/,7,2,💠 小说酒吧|小说酒吧
wap.biqige.info,0,笔趣阁,http://wap.biqige.info/,7,2,笔趣阁🎃#44|🔰 笔趣阁biqige
xiguasw.com,0,西瓜书屋🎃,https://www.xiguasw.com#🎃,8,1,西瓜书屋
babahome.net,0,精华书阁🇨🇳,https://www.babahome.net/,8,3,小说精华阁🇨🇳|小说精华|小说精华阁
qq717.com,0,奇奇小说,https://www.qq717.com/,7,1,📖 奇奇小说
69shu.cc,0,书吧自制,https://www.69shu.cc#🎃,7,2,书吧自制|书吧自制
m.x2552.com,0,吾爱文学,        http://m.x2552.com,8,3,吾爱文学|吾爱文学|吾爱文学网②
25zw.la,0,25中文网自制,https://www.25zw.la,7,1,25中文🎃
wellsoftteam.cn,1,有声小说,http://www.wellsoftteam.cn/,4,1,📻 有声小说
umiwx.com,0,👌 武道文学,http://www.umiwx.com,8,3,🌸武道文学{部分正文有乱码}|武道文学|武道文学
janpn.info,0,键盘小说,http://www.janpn.info,8,3,键盘小说|键盘小说|键盘小说🎃
83zg.net,0,那中文网,https://www.83zg.net,8,2,83中文网|83中文网🎃
dubuxiaoshuo.com,0,独步小说,https://www.dubuxiaoshuo.com/,7,2,独步小说|独步小说🎃#2
qimiqimi.net,2,奇米动漫,http://www.qimiqimi.net,8,1,奇米动漫
tianshuwx.org,0,广安中文网,http://www.tianshuwx.org,7,1,广安中文
copymanga.com,2,拷贝漫画（优）,https://copymanga.com,8,1,拷贝漫画
00txs.com,0,九桃小说,http://00txs.com,8,2,九桃小说|九桃小说🎃
69shuba.pro,0,推荐书吧,https://www.69shuba.pro/,7,1,👍 69书吧[代理]
feibzw.com,0,🎉 飞速中文,https://www.feibzw.com,8,7,飞速中文|飞速中文|飞速中文|飛速中文（优）|飞速中文
ting55.com,1,恋听网吧,https://ting55.com/,8,2,📻 恋听网|♬ 恋听网 #破冰1025
baokuzw.com,0,何所忆中文,https://www.baokuzw.com/,6,1,何所忆中文
biqu520.net,0,笔趣阁🇨🇳,http://www.biqu520.net,7,1,笔趣阁
huanxiangji.com,0,幻想姬,http://www.huanxiangji.com/,8,4,幻想姬网|🌸幻想姬网|幻想姬|幻想姬网🎃
m.mayics.com,0,蚂蚁阅读·叁🎃,https://m.mayics.com#🎃,8,2,蚂蚁阅读（发现）|蚂蚁阅读
81ht.com,0,求小说网,http://www.81ht.com/,8,2,求小说网|求小说网🎃#2
15zw.com,0,一五中文,http://www.15zw.com,8,1,一五中文
api.sxwlyhzp.com,0,书城免费小说,http://api.sxwlyhzp.com/,7,3,笔趣阁🎃#45|书城免费小说|笔趣阁
changduba.com,0,玩玩读书,http://www.changduba.com,7,1,📖 55读书网
548xs.com,0,💠 悟空小说（修复发现）,http://www.548xs.com,6,4,悟空小说③|悟空小说🎃|悟空小说③|悟空小说③
bicuix.com,0,笔翠小说,https://www.bicuix.com#,8,2,笔翠小说🎃|笔翠小说
mobile.iceread.com,0,火星小说🎃,https://mobile.iceread.com#🎃,8,2,火星小说 |火星小说①
zhannei.baidu.com,0,爱豆看书,http://zhannei.baidu.com/,7,1,风雨小说网
quapp.shenbabao.com,0, APP① #未月十八1001,https://quapp.shenbabao.com#wy18-1001,5,7,神八宝|神八宝网|✾APP① #关耳|神书宝1|APP-1#
qb5.tw,0,全本女频（发现）,https://www.qb5.tw/,8,11,全本小说（发现）|全本小说|全本小说🎃#4|🪔️ 全本小说🔸qb5|♜全本小说⑦
m.pzshen.com,0,👌 胖子小说,https://m.pzshen.com##@,8,3,胖子小说|胖子小说🥈|胖子小说🎃
wap.kanshushi.com,0,看书室吧,https://wap.kanshushi.com/,7,2,笔趣阁|看书室网
m.biqubu.com,0,笔趣阁🎃#67,https://m.biqubu.com#🎃,7,2,笔奇部|笔奇部
apiwz.midukanshu.com,0,米读看书,https://apiwz.midukanshu.com#🎃,7,6,米读小说|米读小说|米读看书|米读看书|米读看书
yqk.net,0,🔰 言情小说,http://www.yqk.net,8,5,言情小说|言情小说库|💐 言情小说|言情小说🎃|✾ 言情小说 #一程
xuanyge.com,0,💠 玄幻阁网,http://www.xuanyge.com,8,4,玄幻阁在|玄幻阁吧（优）|玄幻阁网|玄幻阁
77shuku.net,0,天平小说,http://www.77shuku.net/,8,4,不拘读书|👌 七七读书|七七读书|七七读书
bxwxco.com,0,笔下文学,https://www.bxwxco.com/,7,2,笔下文学🎃|🔰 笔下文学
image.baidu.com,0,百度图片（搜索）,https://image.baidu.com#guaner,7,4,百度图片（搜索）|百度图片|百度图片|百度图片
mys8.net,0,💐 墨语小说,https://www.mys8.net,5,2,墨语小说|墨语小说🎃
m.shuqixs.cc,0,暑期小说,http://m.shuqixs.cc/,7,1,暑期小说
hongxiuf.com,0,红袖招,https://hongxiuf.com,8,1,🔞红袖招com[24.06.24已修]
yanyuzw.com,0,🐶烟雨中文,http://www.yanyuzw.com/,7,6,♜+烟雨中文网 #破冰|♜+烟雨中文网 #破冰1101|烟雨中文网#玄奇21.0202|烟雨中文|烟雨中文
biqupai.com,0,笔趣阁,https://www.biqupai.com,7,2,笔趣阁|笔趣阁🎃#47
szyangxiao.com,0,南山书院（发现）,https://www.szyangxiao.com,8,7,南山书院|南山书院|南山书院|南山书院⑥|南山书院⑤
axzw.com,0,傲轩小说,https://www.axzw.com/#pb1101,8,5,傲轩小说|傲轩小说|傲轩小说|傲轩小说|傲轩小说网🎃
sbooktxt.com,0,顶点小说,https://www.sbooktxt.com,8,2,顶点小说|顶点小说🎃#10
tkxyk.com,0,笔趣阁tkxyk,http://www.tkxyk.com,6,2,笔趣阁tkxyk|笔趣阁🎃#29
ik555.net,0,艾克小说,http://www.ik555.net#♤yc,6,5,艾克小说|👍 艾克小说|艾克小说|艾克小说|艾克小说🎃
m.6lg.org,0,👌 乐库,http://m.6lg.org##@尐哖,8,3,💠 乐库小说|乐库小说网|乐库小说
7017k.net,0,7017k小说,https://www.7017k.net/,8,2,七零一七|七零一七🎃
wap.59wt.com,0,伍九文学,https://wap.59wt.com,6,1,📖 伍九文学
666wx.cc,0,666文学,http://www.666wx.cc/,7,1,666文学网
m.ai9w.com,0,爱看小说,https://m.ai9w.com/,6,1,📦 爱看小说🈲
m.laidudu.com,0,来读读🎃,https://m.laidudu.com#🎃,7,1,🔰 来读读
m.ba1zw.com,0,大风小说🎃,https://m.ba1zw.com#🎃,8,1,大风小说
m.yuzhaiwuone.com,0,🔰 御宅屋,https://m.yuzhaiwuone.com,8,1,御宅屋②
tu93.biz,0,兔九三吧,https://www.tu93.biz/  ,8,3,兔九三吧|兔九三网|兔九三吧
m.biquge5.la,0,笔趣阁biquge5,https://m.biquge5.la,8,1,笔趣阁🎃#90
m.bjcan8.com,0,笔尖小说,http://m.bjcan8.com/,7,2,笔尖小说|笔尖小说
guishuji.com,0,🎀鬼书集网,https://www.guishuji.com/,6,1,📚 鬼书集网
m.biqugexs.com,0,笔趣阁🎃#72,https://m.biqugexs.com#🎃,8,1,笔趣阁/笔说阁
ibotaodz.org,0,快眼看书,https://www.ibotaodz.org/,7,3,快眼看书|快眼看书|快眼看书
acgzc.com,0,💐 ACGZC,http://www.acgzc.com,8,4,📖 ACGZC|现实小说|棋子小说|极致小说
ybiquge.com,0,笔趣阁,http://www.ybiquge.com/,8,4,笔趣阁|笔趣阁|笔趣阁🎃#49|♛Y笔趣阁 #♤Namo
m.18ys.net,0,爱小说,http://m.18ys.net/,6,1, 爱小说网
ziqige.cc,0,紫气阁子,https://www.ziqige.cc/,8,4,紫气阁吧|紫气阁吧|紫气阁|♜紫气阁 #pb
50zw.co,0,🧐武林中文② #一程♨️,https://www.50zw.co,8,5,武林中文🎃|🧐武林中文② #一程♨️|♜-武林中文③ #破冰1101|♜ 武林中文② #一程1101|💦武林中文③
m.ahfgb.com,0,笔趣鸽🎃,https://m.ahfgb.com#🎃,8,2,🍒笔趣阁网|笔趣鸽
xbixia66.com,0,🎗️ 笔下看书,http://www.xbixia66.com/,8,1,🎗️ 笔下看书
m.mdxs123.com,0,米读小说123🎃,https://m.mdxs123.com#🎃,8,2,米读小说123|米读小说123
m.bqg.fun,0,笔趣阁,https://m.bqg.fun,7,2,笔趣阁|笔趣阁网🎃
doupocangqiong1.com,0,斗破苍穹,https://www.doupocangqiong1.com#,7,6,斗破苍穹|斗破小说|🔰 斗破小说|斗破小说|苍穹小说
6yydstxt426.com,0,🔰 第一版主,https://www.6yydstxt426.com/,8,1,🔰 第一版主
m.isiluke.net,0,思路客isiluke,http://m.isiluke.net/,6,2,思路客|思路客🎃
damixs.info,0,大米小说,https://www.damixs.info/,8,3,📃大米小说|大米小说移动版|大米小说🎃
hanhuaba.com,0,汉化吧,http://www.hanhuaba.com#,6,3,汉化吧网|汉化吧网|汉化吧🎃
m.damotu.com,0,大魔兔,http://m.damotu.com#,6,3,大魔兔 |大魔兔 |大魔兔🎃
44pq.cc,0,风雨小说🎃#2,https://www.44pq.cc#🎃,8,4,风雨小说|风雨小说③|♜风雨小说③ #破冰1101|风雨小说网
pan5.la,0,梦幻小说,https://www.pan5.la#,7,3,梦幻小说|梦幻小说|梦幻小说
ybiquge.net,0,笔趣阁🎃#50,https://www.ybiquge.net#🎃,7,1,🌸 Y笔趣阁
m.lvzhu.cc,0,绿竹小说,http://m.lvzhu.cc/,6,1,绿竹小说
wenxue34.net,0,文学🎃,https://www.wenxue34.net#🎃,7,2,文学三四①|📖 文学三四
lwxs0.net,0,乐文小说🎃#2,https://www.lwxs0.net#🎃,8,2,乐文小说|乐文小说
00xs.net,0,百小说网（发现）,http://www.00xs.net/,8,3,00小说网|00小说网③ |00小说网③[00xs]
m.qb5.ac,0,全本小说🎃#8,https://m.qb5.ac#🎃,7,2,🔰 全本小说网|🔰 全本小说网
wechat.idejian.com,0,得间小说🐜,https://wechat.idejian.com,8,8,○♛得间小说api  w列表|♛得間.分类|得间小说|墨鱼小说|得间小说
richvv.com,0,精华书阁,https://www.richvv.com/,8,3,精华书阁|🔰 精华书阁|精华书阁🎃#2
betam.newbeebook.com,0,🧐新蜂中文网,http://betam.newbeebook.com/,8,1,新蜂中文网
bqg223.com,0,笔趣阁🎃#77,https://www.bqg223.com#🎃,8,1,笔趣阁223
biquge7.top,0,笔趣阁,https://www.biquge7.top/,8,3,笔趣阁|笔趣阁#59|笔趣阁🎃#33
kxkmh2.vip,2,开心看mh✈️,http://www.kxkmh2.vip/##详细分类,6,2,🔰 开心看mh|🔰 开心看mh
novel.tingroom.com,0,英文小说（英文）,http://novel.tingroom.com,8,3,英文小说（英文）|国外小说（英文）|英文小说（英文）
zbcxw.cn,0,星星小说,https://www.zbcxw.cn#,5,3,星星小说|🎉 星星小说网|星星小说🎃#2
ohxs.cc,0,趣书网吧,http://www.ohxs.cc#🎃,8,3,趣书网吧|趣书网吧|趣书网吧
m.bqg225.com,0,笔趣阁225,https://m.bqg225.com,8,2,笔趣涩吧|笔趣阁225🎃
m.yiyaxs.com,0,易雅小说,https://m.yiyaxs.com/,8,1,易雅小说网🎃
m.bqg223.com,0,笔趣阁223,https://m.bqg223.com#,6,2,笔趣阁53|笔趣阁223🎃
readnovel.com,0,💰小说阅读网,https://www.readnovel.com/,6,2,🔰 小说阅读网|小说阅读网🎃
app.api.bgwxc.com,0,布咕阅读,http://app.api.bgwxc.com,8,1,布咕阅读
m.jybdsj.com,0,如文网吧,https://m.jybdsj.com/,3,1,💊 如文网
readnovelfull.com,0,博览群书（英文）,https://readnovelfull.com,8,2,博览群书（英文）|博览群书🎃
music.liuzhijin.cn-netease,1,网易云,https://music.liuzhijin.cn-netease,1,1,音乐-网易
m.nprouwen.net,0,🔰 新御宅屋,https://m.nprouwen.net/,8,3,新御宅屋⑤|新御宅屋🎃#6|📰 新御宅屋
m.gdasqjob.com,0,梦琪小说,https://m.gdasqjob.com,8,2,梦琪小说🎃|梦琪小说
m.shenxianfaka.top,0,神仙书阁,https://m.shenxianfaka.top/,8,3,🔰 神仙书阁|神仙书阁|神仙书阁🎃
m.ok120.net,0,嘛小说网,https://m.ok120.net,8,2,嘛小说网|嘛小说网
xitongliu.cn,0,系统小说,https://xitongliu.cn,8,3,系统小说|系统小说|系统流小说网🎃
m.scirym.club,0,米国度备用🎃,https://m.scirym.club#🎃,7,1,米国度备用
bjcan8.com,0,笔尖小说,http://www.bjcan8.com/,8,2,笔尖小说|笔尖小说
56fz.net,0,风筝小说,https://www.56fz.net,8,1,风筝小说
chatgptzw.com,0,零点看书chatgptzw,https://www.chatgptzw.com,5,1,零点看书🎃
qianbiwx.com,0,🌟 铅笔小说,https://www.qianbiwx.com/,6,3,👍铅笔小说|♜铅笔小说② #破冰1101|♜铅笔小说② #破冰
yuanshuku.com,0,源书库,https://www.yuanshuku.com/,7,2,源书库|源书库🎃
35meigui.com,0,三五玫瑰,https://www.35meigui.com,8,2,🐳 116文学|🐳 116文学
mybl.xyz,2,🎟️啵乐漫画,https://mybl.xyz/,6,1,🗒 啵乐漫画
ukuzy.com,3,🌐U酷资源📺,https://ukuzy.com/,8,1,🌐U酷资源📺
yuexia.net,0,月下独酌,https://www.yuexia.net/,8,3,月下独酌|月下独酌|月下独酌🎃
xshuyaya.cc,0, 小说呀丫,http://www.xshuyaya.cc,6,5,小说呀丫🎃|皮电子书|丫丫电子书|丫丫电子书|丫丫电子书
lashenkaiguan.com,0,笔趣阁[lashenkaiguan],https://www.lashenkaiguan.com/,2,1,笔趣阁[lashenkaiguan]
m.biqugeq.org,0,笔趣阁,https://m.biqugeq.org,8,1,笔趣阁🎃#55
m.jingp.com,0,精品小说,http://m.jingp.com#🎃,8,1,精品小说
xshuyaya.com,0,丫电子书,https://www.xshuyaya.com,7,2,👍 丫丫电子书 静白校验搬运其他渠道去除|🎉丫丫电子书
m.tlaibook.cc,0,天籁小说网🎃,https://m.tlaibook.cc#🎃,8,1,天籁小说网
zzs5.info,0,💠 猪猪书网,http://www.zzs5.info,8,3,猪猪书网|猪猪书网|猪猪书网
m.biqukun.com,0,爱笔书网,https://m.biqukun.com/,8,1,笔趣阁🎃#41
xswang.vip,0,笔趣阁xswang,https://www.xswang.vip,5,2,笔趣阁xswang|笔趣阁🎃#13
pingtiance.org,0,笔趣阁[pingtiance],http://www.pingtiance.org/,2,1,笔趣阁[pingtiance]
iwurexs.info,0,嘛电子书,https://www.iwurexs.info/,8,3,没电子书|被电子书|4020电子书🎃
yanqinggang.com,0,言情港吧,https://www.yanqinggang.com#,8,3,言情港吧|小言情港|言情港🎃
h5.reader.qq.com,0,🌙企鹅读书,https://h5.reader.qq.com,8,8,🧐QQ阅读api #机♨️|🧐QQ阅读api▪︎男频 榜单▪︎by.|🧐QQ阅读api▪︎男频 标签▪︎by.|🧐QQ阅读api▪︎女生▪︎by.机♨️|🧐QQ阅读api▪︎男频all▪︎by.
qudushu.org,0,去读书,http://www.qudushu.org/,8,3,去读书啊|去读书🎃#2|去读书啊
m.or77.net,0,🍁偶然中文🔸验证码,https://m.or77.net,6,1,偶然
qixiashu.com,0,🎉八月文学,https://www.qixiashu.com,8,3,八月文学|八月文学 |八月文学
23wx.la,0,🔰 顶点小说·肆,https://www.23wx.la,6,3,顶点小说14|顶点小说9|顶点小说
westnovel.com,0,西方奇幻,https://www.westnovel.com,8,3,西方奇幻|📚西方奇幻小说|西方奇幻小说🎃
69shu.io,0,🎉 69书吧②,https://www.69shu.io,8,5,69书吧🎃#2|🎉69书吧④①|♜ 69书吧 #一程|♜ 69书吧 #一程|♜69书吧④ #破冰1101
qingdou.la,0,青豆小说,https://www.qingdou.la,5,1,青豆小说
m.sdhear.com,0,安保小说,https://m.sdhear.com,7,3,帅逼小说|山炮小说|二Ｋ小说🎃
bqgege.com,0,笔趣阁bqgege,http://www.bqgege.com,6,2,笔趣阁bqgege|笔趣阁🎃#92
m.bus6.com,0,万合中文,https://m.bus6.com,8,1,万合中文🎃
api.shaoniandream.com,0,年梦阅读,https://api.shaoniandream.com,7,1,年梦阅读
m.po18rr.com,0,🔰 新御书屋,https://m.po18rr.com,8,1,PO18文学🎃#18
biqg8.com,0,笔趣阁🎃#57,https://www.biqg8.com#🎃,7,1,笔趣阁⑫
kanunu8.com,0,努努书坊,http://www.kanunu8.com/,8,3,努努书坊|努努书坊|努努书坊（发现）
lgqm.huijiwiki.com,0,临高启明,http://lgqm.huijiwiki.com/,8,9,👌 临高启明同人|临高启明同人|临高启明|临高启明同人|临高启明
books.fishhawk.top,0,轻小说机翻机器人,https://books.fishhawk.top#🎃,8,2,轻小说机翻机器人|轻小说机翻机器人（优）
fuxs2.cc,0,🔰 腐小说,http://www.fuxs2.cc,8,2,腐小说🎃#5|🍑腐小说2🍑(作者abyssesml)
wap.k798.org,0,免费言情小说网🎃,https://wap.k798.org#🎃,7,1,免费言情小说网
m.bige3.cc,0,笔趣阁,https://m.bige3.cc,8,1,笔趣阁🎃#81
630shu.net,0,💯恋上看书①,https://www.630shu.net/,6,5,📖 恋上你网|♜ 恋上你看书 #一程|♜ 恋上你看书 #一程|♜+恋上你看书① #破冰1101|md♛-恋上你看书 ♝♝♝
lalashuwu.com,0,啦啦书屋,https://www.lalashuwu.com#🎃,7,3,啦啦书屋|啦啦书屋|啦啦书屋
luoxia123.com,0,落霞小说,https://www.luoxia123.com#,8,3,落霞小说|🔰 落霞小说|落霞小说🎃
m.9n9h.com,0,🔰 海棠书屋,https://m.9n9h.com,8,1,海棠书屋🎃#4
xyuzhaiwu2.com,0,🔰 新御宅屋,https://www.xyuzhaiwu2.com,8,1,新御宅屋🎃#8
m.wucuoxs.com,0,无错小说6,https://m.wucuoxs.com#🎃,7,1,无错小说
38xs.net,0,三八小说,http://www.38xs.net/,6,1,38 小说网
m.yemangm.com,0,笔趣阁yemangm,https://m.yemangm.com/,5,1,笔趣阁yemangm
biquhui.com,0,笔趣包汇,http://www.biquhui.com/,7,3,笔趣阁|笔趣阁|笔趣阁
xinshuw.cc,0,优·新书网🎃,https://www.xinshuw.cc#🎃,7,1,优·新书网
wanqiuwx.com,0,晚秋中文网,http://www.wanqiuwx.com/,5,2,🔰 晚秋中文网|晚秋中文网🎃
23dushu.net,0,爱上读书🎈,http://www.23dushu.net,7,1,📖 爱上读书
kgbook.com,0,苦瓜书盘（下载）,https://kgbook.com,4,2,苦瓜书盘|苦瓜书盘🎃
wikiyuedu.com,0,维基阅读,http://www.wikiyuedu.com,5,1,维基阅读
yushuwx.com,0,🔰 新御书屋,https://www.yushuwx.com,8,1,新御书屋🎃#7
zhulang.com,0,📚 逐浪小说,http://www.zhulang.com,6,2, 逐浪小说|逐浪小说🎃
m.fx361.com,0,📚 参考期刊,https://m.fx361.com,8,1,参考期刊
xinshuge.net,0,🎉 橘子小说,http://www.xinshuge.net/,7,3,橘子小说|橘子小说🎃|橘子小说
tcmaoxin.org,0,茂鑫小说,http://www.tcmaoxin.org##尐哖,7,1,茂鑫小说🎃
m.po18q.com,0,🔰 新御书屋,https://m.po18q.com,8,1,PO18文学🎃#21
zhongyi6.com,0,中意文学,https://www.zhongyi6.com,7,3,中意文学|中意文学|中意文学🎃
dmx5.cc,0,女生文学,https://www.dmx5.cc#,8,1,女生文学
m.bqgie.com,0,笔趣阁🎃#83,https://m.bqgie.com#🎃,8,1,笔趣阁ie
toptoon.buzz,2,🗂🙈顶通漫画🚩,https://toptoon.buzz/,6,1,🗂🙈顶通漫画🚩
m.xichubao.com,0,喜纯小说,https://m.xichubao.com/,5,2,喜纯小说|喜纯小说🎃
fx361.com,0,啊嗯小说,https://www.fx361.com,8,2,参考书刊|参考书刊（期刊）
m.123yuzhaiwu.com,0,🔰 御宅屋,https://m.123yuzhaiwu.com,8,3,御宅屋⑨|御宅屋⑨|御宅屋🎃#5
m.xiaoshuo530b.com,0,️小说书网M🎃,https://m.xiaoshuo530b.com#🎃,8,1,⭐️小说书网•M
23zw.com,0,傲世中文,https://www.23zw.com/,7,4,傲世中文网🎃|傲世中文网|♜傲世中文网② #破冰|♜傲世中文网② #破冰1101
360xs.cc,0,36小说网🎃,http://www.360xs.cc#🎃,7,3,🎉36小说网①|♜360小说网① #破冰1101|360小说
m.blxs.la,0,八一中文2,https://m.blxs.la/,5,1,八一中文[mblxs]
jianpan.la,0,👌 键盘小说,https://www.jianpan.la,7,3,键盘小说|键盘小说|键盘小说
m.zuijile.com,0,🔰 新御宅屋,https://m.zuijile.com,8,1,新御宅屋🎃#9
fuxsb.cc,0,🍑 腐小说,http://www.fuxsb.cc/,8,3,🍊 腐小说|🍑 腐小说|腐小说🎃
m.bqgdi.com,0,笔趣阁🎃#87,https://m.bqgdi.com#🎃,8,1,笔趣阁di
m.wananxs.net,0,晚安小说网,https://m.wananxs.net,5,2,晚安小说网|晚安小说网🎃
m.ibbxs.com,0,🚬 御宅屋,https://m.ibbxs.com,8,2,👔 御宅屋|御宅屋🎃#4
m.nvdushu.com,0,女读小说,https://m.nvdushu.com/,8,2,女读小说|女读小说
m.92yanqing.net,0,就爱言情,https://m.92yanqing.net,8,2,就爱言情|就爱言情
tushuguan.cc,0,小说图书馆🎃,http://www.tushuguan.cc#🎃,5,1,#小说图书馆~tushuguan.cc
m.bbiquge8.net,0,爱看书吧,http://m.bbiquge8.net/,8,3,新笔趣阁|笔趣阁#60|bbiquge🎃
mayiks.com,0,蚂蚁看书,http://www.mayiks.com,6,2,蚂蚁看书🎃|🍊蚂蚁看书[自写]
m.30xs.net,0,山林小说网🎃,http://m.30xs.net#🎃,8,2,⭐️30小说🔞|山林小说网
m.bulasw.com,0,布拉书屋,https://m.bulasw.com/,8,2,布拉书屋🎃#2|布拉书屋🎃#2
alphapolis.co.jp,0,alpha,https://www.alphapolis.co.jp,7,1,📖 AlphaPolis 
jxgxlc.com,0,吉星小说网🎃,https://www.jxgxlc.com#🎃,8,1,吉星小说网
m.jilehai.com,0,🔰 御宅屋,https://m.jilehai.com,8,1,御宅屋🎃#6
qishuta.info,0,奇书小说,https://www.qishuta.info,8,3,奇书小说|奇书网吧|奇书网吧
dsyq.org,0,💗都市言情,http://www.dsyq.org,5,1,都市言情🎃
szhhlt.com,0,言情小说,http://www.szhhlt.com/,8,2,🍊 言情小说|言情小说🎃#2
m.bqg222.com,0,🎉 笔趣阁,https://m.bqg222.com,8,1,笔趣阁
m.90bole.com,0,90 啵乐,http://m.90bole.com/,6,1,啵乐屋
biqugl.com,0,笔趣阁🎃#91,https://www.biqugl.com#🎃,8,1,笔趣阁
m.ezuxs.com,0,异族🎃,http://m.ezuxs.com#🎃,8,1,异族
m.xinbaolaixsw.com,0,宝来小说,https://m.xinbaolaixsw.com,8,1,宝来小说网🎃
m.ac.qq.com,0,腾讯漫画🎃,https://m.ac.qq.com#🎃,6,1,腾讯动漫
m.xakshu8.com,0,🎉 爱看书八,https://m.xakshu8.com,5,1,爱看书吧
shucw.cc,0,书城网吧,http://www.shucw.cc,8,1,书城网🎃
97ub.cc,0,💗幽冰中文,https://www.97ub.cc,8,1,幽冰中文
halfts.com,0,TS人生🎃,http://halfts.com#🎃,8,1,TS人生
m.feibzw.com,0,飞速中文,https://m.feibzw.com#,8,3,飞速中文|传说阅读-飞速中文|飞速中文🎃
h.x360xs.com,0,忙小说网,https://h.x360xs.com/,8,3,360小说网|嘛小说网|360小说网🎃
m.xiaoshuoge.org,0,鱼鱼小说,http://m.xiaoshuoge.org,8,1,小说屋🎃
xgmf.zuanqianyi.com,0,👌 西瓜小说,https://xgmf.zuanqianyi.com,8,1,西瓜小说
ibiquge.info,0,爱笔楼吧,https://www.ibiquge.info/,8,3,🔰 爱笔楼吧|爱笔楼吧|爱笔楼
m.huangdizhijia.com,0,皇帝之家,https://m.huangdizhijia.com#,7,3,皇帝之家|皇帝之家|皇帝之家🎃
m.tiandizw.com,0,🛍︎天地中文,http://m.tiandizw.com/,5,1,🎋天地中文网🎋
119.45.176.116,0,🎉 全本小说,http://119.45.176.116:5006,8,1,全本小说app
m.wubenshu.com,0,五本书🎃,https://m.wubenshu.com#🎃,8,1,🍹五本书
qliww.com,0,旺旺小说,https://www.qliww.com##@繁华七,8,2,🔰 旺旺小说|旺旺小说
cwwx.cc,0,💮辰文网,http://www.cwwx.cc,8,3,🐶辰文网|辰文网|👍 辰文
xtxxs.com,0,新天小说,https://www.xtxxs.com#🎃,8,1,新天小说
m.xgedaa.com,0,🎉 小疙瘩,https://m.xgedaa.com,6,3,♛ 小疙瘩 #一程|小疙瘩小说网|小疙瘩小说网🎃
m.yuzhaiwude.com,0,🔰 新御宅屋,https://m.yuzhaiwude.com,8,1,新御宅屋⑪
23ddw.cc,0,顶点小说,https://www.23ddw.cc,8,2,顶点小说|顶点小说
tenghuxs.com,0,速赢文学小说🎃,https://www.tenghuxs.com#🎃,8,1,🔰 速赢文学小说
fq.travacocro.com,0,🍅番茄小说,http://fq.travacocro.com/##,6,1,🔰 番茄测试
zhidao.baidu.com,0,百度知道（解释）,https://zhidao.baidu.com/msearch/,8,4,百度知道（解释）|百度知道|百度知道（搜索）|百度知道（解释）
duread.cn,0,独阅读网🎃#2,https://www.duread.cn#🎃,7,1,独阅读网[修复]
m.taomanhua.com,0,神漫画,https://m.taomanhua.com#,6,2,神漫画|神漫画🎃
xheiyan.info,0,黑岩阅读,http://www.xheiyan.info,7,1,黑岩阅读🎃
m.123wgk.com,0,📖 123文学,http://m.123wgk.com/,6,1,🔖123文学
yinyangdailiren.org,0,阴阳代理人,http://www.yinyangdailiren.org,5,2,阴阳代理人|阴阳代理人🎃
m.kankexs.com,0,看客小说,https://m.kankexs.com,8,1,看客小说🎃
frtxt.com,0,🔰 芙蓉小说,http://www.frtxt.com,8,1,芙蓉小说
22shuquge.com,0,笔趣阁⑤🎗,https://www.22shuquge.com,7,1,笔趣阁⑤🎗
m.xyuzhaiwu4.com,0,🔰 新御宅屋,https://m.xyuzhaiwu4.com,8,3,新御宅屋④|新御宅屋④|新御宅屋🎃#3
wapk.tvguaa.com,0,读书族小说（修复搜索）,https://wapk.tvguaa.com,5,4,读书族小说|笔趣阁80|笔趣阁80|读书族小说🎃
m.pomoxs.com,0,泼墨小说,https://m.pomoxs.com,6,1,泼墨小说🎃
wap.sou78.com,0,🔰 搜小说,https://wap.sou78.com,8,2,搜小说网|搜小说🎃
hbzxs.com,0,红本小说,https://www.hbzxs.com,6,1,红本小说网
m.biquqe.com,0,🔰 笔趣阁[仅发现],http://m.biquqe.com,6,2,👍笔趣阁⑥|👍笔趣阁⑥
m.biqu789.net,0,笔趣阁,https://m.biqu789.net,8,3,🍁 笔趣阁789 由静白校验，如果搬运其|🍁 笔趣阁789 由静白校验，如果搬运其|笔趣阁(789)
2shuquge.cc,0,书趣阁🇨🇳,https://www.2shuquge.cc,7,1,笔趣阁
b.wunpu.com,0,著名阅读,https://b.wunpu.com,8,1,著名阅读🎃
diyi69.com,0,第一六九🎃,https://www.diyi69.com#🎃,8,3,第一六九🥉|第一六九|第一六九
guolu88.cc,0,果露小说,https://www.guolu88.cc,8,2,果露小说🎃#2|求大佬把这个网址笔趣富https://w
m.b483.com,0,🔞 免费小说,https://m.b483.com/,7,3,免费小说|b483小说🔞|免费小说🎃#2
search.douban.com,0,📄 豆瓣读书,https://search.douban.com/,7,1,豆瓣读书
weilaitianwang.net,0,🔰 未来天王,http://www.weilaitianwang.net,8,2,未来天王🎃#3|❄未来天王
m.balingtxt.com,0,🍺 八零电子书①,https://m.balingtxt.com,7,1,👍 八零电子书[仅发现]
webtoon.xyz,3,Webtoon XYZ,https://www.webtoon.xyz/,6,1,🎉 WebtoonXYZ
m.ggdang.org,0,🍁 格格党🔸ggdang,https://m.ggdang.org/,8,1,🍁 格格党🔸ggdang
diyibanzhu9.pro,0,🚬 第一版主9[仅发现],https://www.diyibanzhu9.pro#,8,2,🚬 第一版主9|🚬 第一版主
m.shencou.com,0,神凑文库,http://m.shencou.com/,8,3,📖神凑轻小说|神凑轻小说🎃|📖 神凑(手机)
mhhanman.xyz,0,🎨韩漫画🔞,https://www.mhhanman.xyz,8,1,H漫画）
gdsgy.com,0,乐文中文,https://www.gdsgy.com/,7,1,乐文中文🎃
smkan.top,0,什看书屋,https://www.smkan.top#,8,3,什看书屋|爱看书屋|什么看书屋🎃
cxbz958.info,0,鬼吹灯④,http://www.cxbz958.info,8,3,鬼吹灯|鬼吹灯|鬼吹灯🎃#2
m.siluke.cc,0,👔 思路客网,http://m.siluke.cc,5,1,思路客🎃
m.huaxiangju.com,0,⭐️花香居,        https://m.huaxiangju.com,6,1,花香居备用
kanshu5.net,0,看书啦啦,https://www.kanshu5.net/,8,2,看书啦啦🎃|🌸 看书啦①
m.heiyan8.com,0,🍁 黑岩小说,http://m.heiyan8.com/##@遇知,6,2,红尘黑岩| 求大佬正文解密
hanmandq.com,2,🌠 韩漫大全,https://www.hanmandq.com/,7,1,韩漫大全
xyb3.net,0,安利小说,https://www.xyb3.net,8,2,ABC 小说🎃|🌸 ABC 小说
wapk.gb8796.com,0,文窗小说,https://wapk.gb8796.com,7,2,文窗小说|文窗小说🎃
m.iyouman.com,0,爱优漫,https://m.iyouman.com#Haxc1107,6,3,爱优漫|爱优漫|爱优漫🎃
m.uhuxs.com,0,🔰 游湖小说,https://m.uhuxs.com/,8,2,📃游湖小说|游湖小说网手机版🎃
qiuxs.org,0,求小说网🎃#3,http://www.qiuxs.org#🎃,8,1,🎉 求小说网
fm.music.xiaomi.com,1,小米广播（电视）,https://fm.music.xiaomi.com/fm,3,1,小米FM🎧
library.yuntuys.com,1,云图有声（登录）,https://library.yuntuys.com/#天天的鸟蛋蛋,8,2,云图有声(需登录)|📻 云图有声
freenovelstudio.com,0,️短篇言情,https://www.freenovelstudio.com,8,4,️短篇言情|短篇言情|短篇言情|短篇言情🎃
liquge.com,0,㊕ 笔趣阁 ,https://www.liquge.com,8,6,笔趣阁#36|笔趣阁 #一程| 笔趣阁 #一程|笔趣阁网|笔趣阁🎃#17
zxcs.zip,3,知轩藏书（导入）,https://zxcs.zip/,4,2,知轩藏书|🔰 知轩藏书
uu234.net,0,爱小说网,http://www.uu234.net,7,2,📖 UU小说网|UU小说网🎃
m.biqusa.com,0,笔趣阁,https://m.biqusa.com#🎃,7,3,笔趣阁| 笔趣实现|笔趣阁
rwsk2.com,0,人文书库,http://www.rwsk2.com,8,1,人文书库🎃
shuquge.co,0,🌀书趣阁,http://www.shuquge.co,8,1,笔趣阁🎃#77
qudushu.com,0,去读书,http://www.qudushu.com,8,5,去读书|♜-去读书|去读书|去读书④|去读书🎃
2l3.net,0,🪔️ 看书小说▫️,https://www.2l3.net/##@遇知,3,1,🪔️ 看书小说▫️
ranwen.tv,0,燃文小说,https://www.ranwen.tv/,8,3,燃文小说|燃文小说|燃文小说
m.01xs.com,0,🎉 第一小说,https://m.01xs.com,8,2,🍁 第一小说 由静白校验，如果搬运其他渠|🍁 第一小说 由静白校验，如果搬运其他渠
m.4shuwangba.com,0,包私塾网,https://m.4shuwangba.com,7,1,私塾网🎃
weilaitianwang.org,0,未来天王,http://www.weilaitianwang.org#🎃,8,3,未来天王|未来天王|未来天王
wfxs.tw,0,⭐微风小说🈲,https://www.wfxs.tw,6,1,💠 微风小说🈲
nuan9.com,0,🍩暖酒小说,https://nuan9.com/,7,3,暖酒小说|暖酒小说|暖酒小说
sobooks.net,0,SoBook,https://sobooks.net/,5,1,📚 SoBook
m.iwurexs.com,0,电子书伍,https://m.iwurexs.com,8,2,四零二零|干电子书
bd.tu93.biz,0,不兔九三,https://bd.tu93.biz/,7,2,兔九三🎃#2|👍 兔九三
sxkszsw.com,0,手心看书,https://www.sxkszsw.com,7,3,手心看书|手心看书|手心看书🎃
xbiqusa.com,0,笔趣小说,http://www.xbiqusa.com/,7,6,笔趣小说|笔趣阁|笔趣小说|笔趣小说|笔趣阁
biquges.com,0,🍁笔趣阁⑧⓪,https://www.biquges.com/,6,4,笔趣阁68|笔趣阁54|笔趣阁S|笔趣阁🎃#14
998ds.net,0,纪念读书,http://www.998ds.net/,8,2,998读书🎃|998读书
biqugezw.us,0,笔趣阁#62,https://www.biqugezw.us,8,2,笔趣阁#62|新笔趣阁🎃#4
tycqzw.la,0,天域小说,https://www.tycqzw.la#🎃,8,3,天域小说|天域小说|天域小说网
m.soshuw.net,0,🪔️ 搜书网,https://m.soshuw.net/,8,2,搜书网🎃|🪔️ 搜书网
m.52blxs.com,0,🔰 BL小说,https://m.52blxs.com,8,1,BL小说③
sewenwang.top,0,涩文新站,https://www.sewenwang.top/,6,2,🚬 .涩文|色文网🎃
95shubao.info,0,九五书包,http://www.95shubao.info#,6,3,九五书包|九五书包|九五书包🎃
ggdwx.com,0,🔖格格党,http://www.ggdwx.com/,8,1,🔖格格党
luluwxw.com,0,鲁鲁小说🎃,http://www.luluwxw.com#🎃,8,1,🔞 鲁鲁小说
m.bequ6.org,0,必去吧楼,  http://m.bequ6.org,8,2,🔰 必去楼|必去楼🎃
477zw.com,0,奇奇小说,https://www.477zw.com/,7,4,奇奇小说|♜-奇奇小说网① #破冰|♜-奇奇小说网① #破冰1101|奇奇阅读网🎃
iyd.wang,0,爱悦读书（下载）,https://www.iyd.wang,8,1,爱悦读🎃
top.17k.com,0,17K小说💯,"http://top.17k.com
",6,1,青困小说3
apiv2hans.aixdzs.com,0,爱下电子书🇨🇳,https://apiv2hans.aixdzs.com##@尐哖,8,1,👌 爱下电子书app
ypppt.com,3,优品文档（导入）,https://www.ypppt.com/,8,1,优品学习（发现）
fxshu.top,0,腐小说,http://www.fxshu.top/,6,2,腐文小说1|腐小说🎃#2
m.xinbqg.com,0,新笔趣阁#3,http://m.xinbqg.com#,6,2,xin笔趣阁|新笔趣阁🎃#3
dcrsu.com,0,稻草书屋,https://www.dcrsu.com,8,1,稻草书屋
zerobook.me,0,零度书域,https://www.zerobook.me#,6,3,零度书域|零度书域[自写]|零度书域🎃
199.33.125.173,0,同人小说,https://199.33.125.173#,6,2,同人小说2|同人小说🎃
m.ibiquge.net,0,👌 笔趣阁②,https://m.ibiquge.net,7,4,笔趣阁|笔趣阁|笔趣阁 ibiquge|♛笔趣阁m⑤⑦ md #关耳
wap.biqusk.com,0,必去书屋,https://wap.biqusk.com/,5,1,👍必去书库
wap.aixswx.net,0,星空小说,http://wap.aixswx.net,8,1,星空小说🎃
wap.po18.in,0,18文学,https://wap.po18.in,8,2,📡 PO18|PO18⑨
qikan.lifves.com,0,龙源期刊,http://qikan.lifves.com##@尐哖,8,2,龙源期刊|龙源期刊
m.fqxsw.cc,0,番茄溜梅,http://m.fqxsw.cc,6,1,番茄小说m
m.37yq.com,0,🔶 三七轻小说,https://m.37yq.com/##柚屿,8,4,七轻小说|七轻小说|七轻小说|七轻小说（优）
minguoqiren.org,0,♜民国奇人小说 #破冰1101,http://www.minguoqiren.org/#pb1101,7,5,民国奇人小说|♜民国奇人小说 #破冰|民国奇人|民国奇出|民国奇人
m.biquge5200.cc,0,笔趣阁🎃#70,https://m.biquge5200.cc#🎃,7,3,👑笔趣阁5200|🎉 笔趣阁5200|🍺 笔趣阁⑤④
m.ibiquzw.info,0,笔趣阁,http://m.ibiquzw.info#🎃,8,2,笔趣阁|笔趣阁#85
zwduxs.com tr!0,0,八一中文🎃,http://www.zwduxs.com tr!0#芜恙#🎃,5,1,八一🎃
shuqi.com,0,书旗小说🎃#3,https://www.shuqi.com#🎃,8,3,💰 书旗小说|阿里巴巴文学💯|💵 阿里榜单
ailewx.com,0,爱乐文学,https://www.ailewx.com/,8,4,爱乐文学|爱乐文学|爱乐文学|爱乐文学🎃
m.boquge.com,0,👍笔趣阁㊶,https://m.boquge.com/,7,1,笔趣阁123
shushun.cc,0,优·书书小说网,http://www.shushun.cc,5,1,优·书书小说网🎃
m.clewxw.com,0,醋溜文学,https://m.clewxw.com,8,2,醋溜文学|醋溜儿文学🎃
m.dukesk.com,0,读客书库,https://m.dukesk.com,8,2,读客书库|读客书库
m.anaow.com,0,安奥中文,https://m.anaow.com,8,1,安奥中文网🎃
m.xiaoshubao.net,0,小书包小说网🎃,http://m.xiaoshubao.net#🎃,8,2,🔰 小书包小说网|小书包
m.bayizww.com,0,八一中文,https://m.bayizww.com,8,3,八一中文🎃#3|八一中文#3|👍 八一中文
damixs.vip,0,大米小说🎃,https://www.damixs.vip#🎃,7,1,🍊大米小说
kanshushi.com,0,看书室🎃,https://www.kanshushi.com#🎃,8,8,看书室程|看书室程|📖 看书室网|♜ 看书室 #一程|✾+看书室
m.i7txt.cc,0,✍爱奇电子书,http://m.i7txt.cc/,7,2,爱奇电子|🐬新开源阅读
taijizhidian.com,0,周易易学,http://www.taijizhidian.com#,8,3,周易易学|📚 周易易学|周易易学🎃
lysw1.com,0,龙渊书屋,http://www.lysw1.com/,8,1,龙渊书屋🎃
m.yruan.com,0,亿软小说🎃#3,https://m.yruan.com#🎃,8,2,🍊亿软小说|亿软小说
hujuge.com,0,零点砍树,https://www.hujuge.com,6,1,零点砍树
m.momxs.com,0,妈妈小说🎃,http://m.momxs.com#🎃,8,1,妈妈小说
m.biququ.la,0,笔趣趣,https://m.biququ.la/,6,1,笔趣趣
3uxs.org,0,三优小说,https://www.3uxs.org#,8,2,三优小说|三优小说🎃
23meigui.com,0,👌 116文学,https://www.23meigui.com/ ,7,3,🍺 116文学手机版|116文学|116文学
biquge5200.cc,0,🍺 新笔趣阁,https://www.biquge5200.cc,7,2,笔趣阁|笔趣阁
m.biquguaxs.com,0,笔趣阁🎃#46,https://m.biquguaxs.com#🎃,8,2,📖 笔趣关网|读书族
wap.350xs.com,0,📖 闪舞小说,https://wap.350xs.com/,5,1,闪舞小说
xiaoshuo530.com,0,🎉小说书网①,https://www.xiaoshuo530.com/,5,3,小说书网|小说书网#南笙21.0101|小说书网🎃
92xs.la,0,🎉 就爱文学,http://www.92xs.la,8,4,就爱文学|就爱文学|🔰 就爱文学|👍 就爱文学
imayitxt.com,0,蚂蚁阅读,http://www.imayitxt.com#🎃,8,8,蚂蚁阅读|蚂蚁阅读 |蚂蚁阅读 |蚂蚁阅读|蚂蚁阅读
jjtxt.co,0,久久小说🎃#2,http://www.jjtxt.co#🎃,7,1,🌸久久小说
tu93.org,0,兔九小说,https://www.tu93.org,8,1,兔九三吧
medabc.com.cn,0,江南小说网,https://www.medabc.com.cn#,5,3,江南小说网|江南小说网|江南小说网🎃
boluobiji.com,0,🐼 菠萝笔记,https://www.boluobiji.com,6,1,菠萝笔记🎃
m.liewenn.com,0,猎文网,https://m.liewenn.com,5,1,📖 猎文网
yoduzw.com,0,有度中文,https://www.yoduzw.com/,8,14,有度·文学|有度中文|有度·轻小说|🎉 有度中文|🍁有度中文
rcyxsw.com,0,二次小说,https://www.rcyxsw.com#🎃,8,1,二次元小说网
o2000.com,0,📖 笔趣阁网,https://www.o2000.com/,5,1,✎ 笔趣阁
m.22pq.com,0,完美小说,https://m.22pq.com,5,1,完美小说网🎃
uukanshu.app,0,UU看书🎃,https://www.uukanshu.app,7,3,UU看书|UU看书|UU看书🎃
m.yetianlian.la,0,何以笙箫,http://m.yetianlian.la#,7,3,何以笙箫|何以笙箫|🔰 何以笙箫默
shuhai.com,0,书海小说（发现）,http://www.shuhai.com,6,4,书海小说（发现）|💰 书海|书海小说🎃|☘️书海小说网☘️
9shuyuan.org,0,九书院吧,https://www.9shuyuan.org,8,4,九书院吧|九书院呐|九书院子|九书院
qkwx.net,0,去看文学🎃,http://www.qkwx.net#🎃,8,2, 去看文学|去看文学❷
lingyutxt.net,0,灵域小说,https://www.lingyutxt.net,8,2,灵域小说①|灵域小说🎃
mingzw.net,0,明智屋吧,https://www.mingzw.net/,8,4,🎉 明智屋|明智屋|明智屋🎃|明月中文
nosadnofun.com,0,废文网吧,https://www.nosadnofun.com#修复,7,3,废文网站|废文网站|废文网站🎃
wap.bqzw789.com,0,笔趣阁789@游客,http://wap.bqzw789.com,6,1,笔趣阁bqzw789
m.74txt.cc,0,🌀骑士小说M,https://m.74txt.cc/,8,2,骑士小说🎃|骑士小说
newbiquge.org,0,笔趣阁#53,https://www.newbiquge.org#,5,3,笔趣阁|笔趣阁82|笔趣阁🎃#27
69shu.pro,0,69书吧69shu.pro,https://www.69shu.pro,5,1,69书吧
buxia.org,0,无双小说网,http://www.buxia.org,8,3,无双小说|无双小说|无双小说🎃
m.boshishuwu.com,0,博仕书屋,https://m.boshishuwu.com#🎃,8,1,博仕书屋
api.midureader.com,0,🌙 米读小说,https://api.midureader.com/##@遇知,8,4,米读小说|米读小说|米读小说|米读小说🎃#4
m.84sk.com,0,📥巴士书库 关耳,http://m.84sk.com,7,4,📥巴士书库 关耳|📖 巴士书库|📥巴士书库|📥巴士书库
dxtxt.com,0,独行小说,http://www.dxtxt.com,8,1,独行小说🎃
fqxs.org,0,番茄小说fqxs.org,http://www.fqxs.org/,7,6,番茄小说|番茄小说网[fq]|🍅 番茄小说⑲|🍺 番茄小说fqxs|🍺 番茄
m.diyibanzhu.store,0,⚠️ 第一版主②,https://m.diyibanzhu.store,8,2,⚠️第一版主② #一程1101|🚬 第一版主(手机版)
23uswx.com,0,顶点小说,https://www.23uswx.com#🎃,8,3,顶点小说|顶点小说|顶点小说
yimixs.cc,0,🌸 一米小说,http://www.yimixs.cc/,8,2,一米小说yimixs|一米小说🎃
xbiquge.tw,0,笔趣阁,https://www.xbiquge.tw/,7,2,笔趣阁🎃#66|🎉 新笔趣阁
bequgexs.com,0,🍁笔趣阁⑮①,https://www.bequgexs.com/,6,4,1💯笔趣阁⑮|笔趣阁⑮|笔趣阁|笔趣阁🎃#28
23uswx.org,0,顶点小说[修复],http://www.23uswx.org/,8,3,顶点小说|顶点小说|顶点小说23
verysadfun.com,0,挺好的🎃,https://www.verysadfun.com#🎃,8,2,🔞挺好的|挺好的
shubaoju.cc,0,🔞 二书包网杂牌,https://www.shubaoju.cc,7,2,📖 第二书包🈲|书包网🎃
bequmo.com,0,笔下文学,http://www.bequmo.com#🎃,7,1,笔下文学
qizi02.com,0,棋子小说,https://www.qizi02.com#乃星,5,2,🎉 棋子小说网|📖 棋子小说
rulianshi.org,0,入干本身,http://www.rulianshi.org#🎃,7,5,包容小说|入殓师|♜入殓师灵异录 #破冰1101|♜入殓师灵异录 #破冰|🎉 入殓师灵异录
danmeic.com,0,全免小说🎃#2,https://www.danmeic.com#🎃,7,1,💌全免小说
haitangmeng.com,0,🥥 耽梦小说,https://www.haitangmeng.com,5,1,耽梦小说🎃
m.tycqzw.net,0,️天域小说️天域小说,http://m.tycqzw.net#,6,4,天域小说•M|️天域小说️天域小说🎃|天域小说网|🍎天域小说
zztxt.net,0,渣渣小说,https://www.zztxt.net/,6,3,渣渣小说|渣渣小说|渣渣小说🎃
mobidushu.com,0,摩比小說（繁体）,https://www.mobidushu.com/,8,2,摩比小說網🎃|摩比小說網
api.lfdapengu.com,0,猫眼看书,http://api.lfdapengu.com#🎃,8,1,猫眼看书
m.x999xs5.com,0,九九九网,https://m.x999xs5.com,7,1,九九九网🎃
bookb.net,0,顶点小说[bookb],https://www.bookb.net,6,3,📃顶点小说④|♜+顶点小说④ #破冰|♜+顶点小说④ #破冰1101
juxiaoshuo.net,0,聚小说吧,https://www.juxiaoshuo.net#🎃,8,2,聚小说吧|聚小说
zhongeruye.com,0,H书网,https://www.zhongeruye.com#🎃,8,1,H书网🎗
so.biqusoso.com,0,🌸 笔趣搜搜,https://so.biqusoso.com,5,2,📖 笔趣搜搜|✎ 笔趣阁24
wap.shoujixs.net,0,️手机小说M🎃,https://wap.shoujixs.net#🎃,8,1,⭐️手机小说•M
m.1qishu.com,0,奇书文学,https://m.1qishu.com,8,1,奇书网络
wap.80zw.la,0,🎉 八零小说,http://wap.80zw.la/,8,2,八零小说🎃|八零小说🎃
zjyd.danmofun.com,0,指尖阅读,https://zjyd.danmofun.com,8,7,指尖阅读|指尖阅读|指尖阅读|指尖阅读|指尖阅读
mysadfun.com,0,废文网,https://www.mysadfun.com#,5,2,废文网①|废文网🎃
m.kfqwx.com,0,🎉 一乐阅读网,https://m.kfqwx.com,6,2,🎉 一乐阅读网|一乐阅读网🎃
m.shubaozu.org,0,书包族吧,        https://m.shubaozu.org,8,2,️书包族🎃|🔰 ️书包族
s.fuxs2.cc,0,腐小书,https://s.fuxs2.cc#,6,2,腐小书吧|腐小书🎃
52dus.cc,0,爱读小说网🎃,https://www.52dus.cc#🎃,7,1,爱读小说网
reader.manmeng168.com,0,满孟小说,https://reader.manmeng168.com,8,2,满孟小说|满孟小说
m.aslwx.com,0,爱尚小说,https://m.aslwx.com/,7,1,爱尚小说🎃#2
biqugee6.com,0,📖 笔趣阁网,https://www.biqugee6.com/,5,1,🎉 笔趣阁
qijizuopin.com,0,💰奇迹作品,https://www.qijizuopin.com/,6,5,💰 奇迹作品|奇迹小说|奇迹作品|奇迹作品|奇迹小说🎃
wanbaxsw.com,0,奥奥玩吧,https://www.wanbaxsw.com,8,1,玩吧🎃
duwanjuan.info,0,读万卷info,http://www.duwanjuan.info,8,1,读万卷🎃
m.fqxsw.org,0,🎉 番茄（西红柿）小说（搜索为空，来个大佬）,https://m.fqxsw.org,5,1,西红柿小说移动版[fqxsw]
wap.yqwenba.com,0,言情文吧,https://wap.yqwenba.com,6,1,言情文吧🎃
m.akshu8.com,0,🎉 爱看书吧,https://m.akshu8.com,5,1,https://m.akshu8.com
m.234re.com,0,234热门,http://m.234re.com#,5,2,234热门🎃|234热门
zyr688.com,0,自由人小说,http://www.zyr688.com/,5,1,✨笔趣阁zyr
m.shuyuan6.com,0,书苑小说网,https://m.shuyuan6.com,6,1,书苑小说网🎃
qingdou.io,0,青豆小说,https://www.qingdou.io,7,2,青豆小说|青豆小说
m.nxjjs.com,0,🪔️ 格格党🔸nxjjs,https://m.nxjjs.com/,8,1,🪔️ 格格党🔸nxjjs
m.hongyue1.net,0,去读小说（发现）,https://m.hongyue1.net/,8,2,去读小说/红月忆|去读小说/红月忆🎃
m.yimixs.cc,0,👌 一米小说,http://m.yimixs.cc,8,3,一米小说|一米小说|一米小说🎃
m.bq99.cc,0,🎉 笔趣阁99,https://m.bq99.cc,6,1,笔趣阁🎃#18
m.baihexs66.com,0,百合小说66,http://m.baihexs66.com,6,1,百合小说🎃
ibus2333.com,0,爱巴士吧,https://www.ibus2333.com,8,2,爱巴士|爱巴士🎃
jinyongwang.net,0,金庸小说,https://www.jinyongwang.net,8,5,金庸小说|金庸小说|金庸小说|金庸小说|金庸小说🎃
bixia88.org,0,️笔下文学🎃,http://www.bixia88.org#🎃,8,1,⭐️笔下文学
m.yinkasw.com,0,银卡书屋,https://m.yinkasw.com/,6,1,银卡书屋🎃
88txs.com,0,🎉 笔下文学②,http://88txs.com,8,1,笔下文学🎃
17zw.com,0,🎉言情中文网,https://www.17zw.com/,6,4,言情中文|♜言情中文网① #破冰1101|♜ 言情中文 #一程1101|言情中文🎃
m.xwdsc.com,0,🍒我的书城,https://m.xwdsc.com/##@鱼网站关闭搜索,6,3,🍒我的书城|我的书城|新我的书城
m.qishuta.org,0,奇书塔,https://m.qishuta.org,8,4,奇书宝塔|奇书网吧|奇书网吧|奇书塔
bbida.com,0,宝里网络,https://www.bbida.com/,7,3,bbida|宝里网络|宝里网络🎃
62zw.com,0,乐文小说,https://www.62zw.com,8,2,乐文小说|乐文小说🎃#3
xfuduge.com,0,腐读阁,http://www.xfuduge.com,8,1,腐读阁
m.gufengmh9.com,0,古风漫画,https://m.gufengmh9.com#♤yc,8,3,古风漫画（优）|古风漫画（优）|古风漫画
miaoshuge.cc,0,群妙书阁,https://www.miaoshuge.cc,7,3,妙书阁吧|妙书阁|妙书阁🎃
m.92popo.cc,0,🔰 就爱POPO,http://m.92popo.cc,8,2,🔥 就爱POPO|就爱POPO①
dybz8.me,0,第™🔞瞬间,https://www.dybz8.me/,6,1,第™🔞瞬间
gebiqu.com,0,🌐 阁笔趣网,https://www.gebiqu.com,6,3,笔趣阁|👍 新笔趣阁|笔趣阁🎃#6
xiaoshuow.cc,0,小说屋子,https://xiaoshuow.cc,6,1,✨小说娃
xfjxs.com,0,九五小说🥉,http://www.xfjxs.com,6,4,九五小说|九五小说🎃#2|♝ 九五小说 #一程|♝ 九五小说 #一程
m.nfxs.com,0,农夫小说,https://m.nfxs.com,8,2,📖 农夫小说|农夫小说🎃
m.umiwx.com,0,完美小说,https://m.umiwx.com/,8,3,完美小说|完美小说|完美小说🎃
wxshuku.org,0,三九小说,http://www.wxshuku.org/,5,2,三九小说|三九小说🎃
wduec.com,0,笔趣阁wduec,https://www.wduec.com,8,1,笔趣阁wduec🎃
m.bq0.net,0,博趣中文,https://m.bq0.net,6,1,💫偶然[尐哖]
m.pksge.com,0,平凡文学,http://m.pksge.com#🎃,8,3,平凡文学|平凡文学|👍 平凡文学
baimakanshu.com,0,白马楼小说,https://www.baimakanshu.com/,7,2,白马小说|白马小说
m.wanbaxsw.com,0,笔趣阁(粉),https://m.wanbaxsw.com,7,2,笔趣阁|笔趣阁#45
danmei263.com,0,鲤鱼乡,https://www.danmei263.com,6,1,鲤鱼乡🎃
hsrnsw.org,0,火山中文,https://www.hsrnsw.org/,5,1,火山中文🎃
m.63shu.com,0,西瓜书吧,http://m.63shu.com,7,2,63书吧|63书吧🎃
m.bjzf.org,0,爱漫画,https://m.bjzf.org#,6,3,爱漫画|爱漫画|爱漫画🎃
m.dayuzc.com,0,下书,https://m.dayuzc.com/,5,2,下书网（po色色你好快 怖いJPG 一款|下书网🎃
m.dengbi8.xyz,0,灯笔小说,https://m.dengbi8.xyz,7,1,灯笔小说🎃
m.bswtan.com,0,笔趣阁,https://m.bswtan.com#🎃,7,3,笔趣阁|笔趣阁#58|笔趣阁网
freeapp-api.zhangdu.com,0,江湖免费小说,https://freeapp-api.zhangdu.com,7,3,♨️江湖小说|江湖免费小说|江湖免费小说
99mk.info,0,晚班小说,https://www.99mk.info#🎃,7,2,突然小说|鸟书网
newpopo.com,0,乐文小说（新）,https://www.newpopo.com,6,1,乐文小说🎃#3
tongluzixun.com,0,笔趣阁196,http://www.tongluzixun.com,5,2,笔趣阁84|✾.Ⓐ 笔趣阁㉑ #未月十八1001
shuyy8.cc,0,丫丫小说,http://www.shuyy8.cc,8,2,丫丫小说|丫丫电子书
m.aofusw.com,0,🔰 奥福书屋,https://m.aofusw.com,6,1,奥福书屋🎃
pinshuxsw.com,0,品书网吧,https://www.pinshuxsw.com/,7,2,品书网吧|品书网吧
piaotian.us,0,飘天文学,http://www.piaotian.us/,7,2,飘天文学|飘天文学🎃
quge6.com,0,🎉 笔趣阁⑫⓪,https://www.quge6.com,6,2,🍁笔趣阁⑫⓪|笔趣#33
wbsz.org,0,完本神站,https://www.wbsz.org,6,2,完本神站|完本神站🎃
ibqg.cc,0,i笔趣阁,https://www.ibqg.cc,8,2,🍁笔趣阁㉙①|笔趣阁🎃#41
biquge365.net,0,biquge365🇨🇳,https://www.biquge365.net/,8,3,笔趣阁#49|笔趣阁网|笔趣阁🎃#58
m.ibiquta.info,0,笔趣塔/炫书网,https://m.ibiquta.info,8,2,笔趣阁|笔趣塔/炫书网🎃
m.301book.com,0,🌸301book,https://m.301book.com,8,1,奇怪小说
dmshuwang.net,0,大美书网,https://www.dmshuwang.net,6,2,大美书网|大美书网🎃
m.hnsongtai.com,0,🚩 松泰书院[尐哖][码],https://m.hnsongtai.com,8,1,🚩 松泰书院[尐哖][码]
3yt.com,0,若雨中文,http://www.3yt.com,6,4,若雨中文|♜ 若雨中文 #一程|♜ 若雨中文 #一程1101|若雨中文🎃#2
60ks.cc,2,🎴 六零看书,http://www.60ks.cc,8,1,🎴 六零看书
qqxs.io,0,千千小说,https://www.qqxs.io/,7,2,千千小说|千千小说
1kkk.com,0,✐ ㊣极速漫画 #Haxc,http://www.1kkk.com#♤Haxc,6,1,✐ ㊣极速漫画 #Haxc1107
biqu5200.net,0,笔趣阁,http://www.biqu5200.net,8,3,笔趣阁#73|笔趣阁㉖|笔趣阁🎃#73
m.biqugeu.net,0,顶点小说网,https://m.biqugeu.net/,5,1,笔趣阁66™
mht.tw,0,棉花糖小说网,http://www.mht.tw/,7,3,棉花糖|🎉棉花糖小说③|👍 棉花糖
9y01.xyz,2,👙 九妖mh✈️,https://9y01.xyz/,8,2,👙 九妖mh✈️|👙九妖 (自编发现)
ybwzx9.com,0,元宝小说（发现）,https://www.ybwzx9.com#yc1,8,4,💯元宝小说网|元宝小说（发现）|元宝小说|元宝小说🎃
manhuaren.com,0,✐ ㊣漫画人 #Haxc,http://www.manhuaren.com#♤Haxc,6,1,✐ ㊣漫画人 #Haxc1107
bqg10.com,0,笔趣阁,https://www.bqg10.com#🎃,7,3,笔趣阁#31|🔰 笔趣阁|笔趣阁197
shiliushuwu.com,0,🔰 石榴书屋,https://www.shiliushuwu.com,8,2,石榴书屋🥉|石榴书屋🎃
imaxreader.com,0,文墨中文,http://www.imaxreader.com##@鱼,8,2,文墨中文|文墨中文
wap.ddsk.org,0,🔰 ️顶点中文,http://wap.ddsk.org,7,2,️顶点中文|顶点中文
wap.aixswx.la,0,星空小说,http://wap.aixswx.la,8,2,️星空小说|️星空小说🎃
ishumilou.com,0,💦书迷楼文学,https://www.ishumilou.com/,5,2,🎉 书迷楼①|书迷楼🎃#2
52dus.com,0,爱读小说网,https://www.52dus.com/,7,2,爱读小说网|爱读小说网
m.nsxsw.net,0,言情中文,https://m.nsxsw.net#🎃,7,1,言情中文
m.39ben.com,0,三九书本网,https://m.39ben.com/,5,2,🔰 三九书本网|三九书本网🎃
du1du.cc,0,读一读 du1du,http://www.du1du.cc/,7,2,🍺 读一读 du1du|读一读啦
du1du.la,0,读一读,https://www.du1du.la/,7,1,读一读啦
tangsanshu.org,0,唐三中文,http://www.tangsanshu.org#,5,2,🎉 唐三中文|唐三中文🎃#2
shubenw.com,0,书本网站,https://www.shubenw.com#,8,3,书本网吧|书本网站|书本网站🎃
wap.99mk.cc,0,鸟书网,http://wap.99mk.cc,6,1,鸟书网🎃
m.ujxsw.net,0,悠久小说,http://m.ujxsw.net/##@鱼,8,2,🎉 悠久小说|悠久小说🎃#4
juters.com,0,章鱼小说,http://www.juters.com/#,6,1,🐙章鱼小说
sikushu8.com,0,四库书小说网,https://www.sikushu8.com/,7,3,👍 四库书|🥉四库书|🎉 四库书
shulouba8.com,0,书楼吧小说,https://www.shulouba8.com/,5,3,书楼吧|♜书楼吧 #破冰1101|书楼吧🎃
pan5.net,0,🎉 梦幻小说,http://www.pan5.net,5,1,梦幻小说🎃#2
girl-love.online,0,御宅屋,https://girl-love.online/,8,1,御宅屋
c1rp.com,0,板栗文学,https://www.c1rp.com#🎃,7,2,板栗文学|板栗文学
1114txt.net,0,一世书城,https://www.1114txt.net/,7,2,🎉一世书城|一世书城🎃
wap.bequwx.org,0,歌笔趣吧,https://wap.bequwx.org,8,2,歌笔趣吧|歌笔趣
m.bqgam.com,0,笔趣阁36,https://m.bqgam.com,6,1,笔趣阁am🎃
rishuwu.com,0,💝桃色小说,https://www.rishuwu.com,8,2,日书屋吧|日书屋吧
fxsw.top,0,腐文小说4,http://www.fxsw.top/,6,1,腐小说🎃
m.yunxs.cc,0,云中书库,http://m.yunxs.cc,8,2,云中书库|云中书库
m.ranwen.com,0,燃文小说,https://m.ranwen.com/,6,2,燃文小说🎃#3|🔰 燃文小说
siluke.us,0,思路客⑨,http://www.siluke.us/,6,3,🎉 思路客|♜思路客⑨ #破冰1101|思路客🎃#2
heiyan.org,0,黑岩阅读网,http://www.heiyan.org/,5,4,📖 黑岩阅读|♜黑岩阅读网 #破冰|♜黑岩阅读网 #破冰1101|黑岩阅读网🎃
m.siyixs.com,0,👌 思怡小说,https://m.siyixs.com/,7,3,思怡小说|🔞思怡小说|思怡小说🎃
xs86.net,0,小说部落,https://www.xs86.net#,8,2,小说部落|小说部落🎃
800wx.net,0,不文学网,https://www.800wx.net,8,3,八零文学|♜800文学网②|800文学网🎃
81zw.com,0,八一中文,https://www.81zw.com/,8,4,八一中文|md♛-㊝81中文♜♜+ +|♛ 八一中文 #渊呀1107|八一中文🎃#2
api.xiaoshuoyun.cn,0,小说云吧,http://api.xiaoshuoyun.cn,8,3,小说云吧|小说玩云|小说云🎃
35wx.la,0,三五文学,https://www.35wx.la#,6,2,📖三五文学|三五文学🎃
m.92xs.la,0,就爱文学,http://m.92xs.la,8,2,就爱文学|就爱文学
800xiaoshuo.com,0,🎉八零小说⑦,http://www.800xiaoshuo.com/,5,5,八百小说|穿越小说|🎀八百小说|♜800小说⑦|♜800小说⑦ pb
ios.wowowo2.top,2,BIKA庇护所wowowo12-图片,https://ios.wowowo2.top,8,1,BIKA庇护所wowowo12-图片
630xsw.com,0,唔小说网（发现）,http://www.630xsw.com/,8,2,流小说网|六零小说
m.wushuzw.org,0,舞文小说网,http://m.wushuzw.org,8,1,舞文小说网🎃
m.bqg67.com,0,🔰 笔趣阁67,https://m.bqg67.com,6,1,笔趣阁🎃#49
qb50.net,0,全本小说（发现）,https://www.qb50.net/,8,4,全本小说|全本小说②|全本小说② |全本小说🎃#4
m.xs3.cc,0,小说之家,https://m.xs3.cc,8,1,小说之家🎃
rtzw.co,0,肉体中文网🎃,https://www.rtzw.co,8,2,肉体中文网🎃|肉体中文网
kukecun.com,0,酷客村吧,https://kukecun.com#🎃,8,1,酷客吧村
wxsc8.com,0,万象书城,https://www.wxsc8.com,8,4,万相书城|万相书城|万相书城|万相书城🎃
m.1bqg.net,0,⭐博趣中文网,https://m.1bqg.net,5,1,博趣中文网
m.biquger.com,0,👍 笔趣阁儿,https://m.biquger.com,5,1,笔趣阁🎃#62
m.23uswx.org,0,顶点小说,http://m.23uswx.org/ ,8,3,顶点小说|顶点小说|顶点小说#5
asmhentai.com,2,✈ASM漫画asmhentai,https://asmhentai.com,8,1,✈ASM漫画asmhentai
m.x81zw.co,0,天籁小说,https://m.x81zw.co,7,2,🔖八一中文①|八一中文🎃#3
dashuhuwai.com,0,✐ 大树漫画 #Haxc1107,https://www.dashuhuwai.com#Haxc1107,6,2,✐ 大树漫画 #Haxc|大树漫画🎃
wuxianxs.cc,0,无限小说,http://www.wuxianxs.cc,8,1,无限小说
m.enmuku.com,0,恩木书库,https://m.enmuku.com,8,1,恩木书库
fangzongxs.com,0,方宗小说,https://www.fangzongxs.com#,5,2,方宗小说|方宗小说🎃
80wx.info,0,八零小说,http://www.80wx.info,6,2,八零小说|八零小说🎃
18-comicblade.me,2,禁漫天堂🚀ˢˢʳ(图片分割重组),https://18-comicblade.me,8,1,禁漫天堂🚀ˢˢʳ(图片分割重组)
m.gebiqu.com,0,👌 笔趣阁①,https://m.gebiqu.com,7,4,✨笔趣阁2️⃣🎉📱|优·阁笔趣|笔趣阁🎃#51|笔趣阁
shenmaxs.com,0,神马小说网,http://www.shenmaxs.com/,7,1,👍 神马小说网
m.or7.net,0,偶然中文,https://m.or7.net##偶然,7,5,偶然中文|💫偶然[尐哖]|🍁偶然中文🔸验证码|偶然中文|偶然中文🎃
txtduo.net,0,多多书院,https://www.txtduo.net#,5,3,多多书院|多多书院🎃|🔰 多多书院
m.cxbz958.org,0,鬼吹灯,http://m.cxbz958.org,7,1,鬼吹灯👀
m.91banzhu.com,0,九一版主,https://m.91banzhu.com,6,2,九一版主🎃|👔 九一版主
niice-woker.com,0,拾个短篇niice-woker,https://niice-woker.com,6,1,碎片故事🎃
m.1688ts4.com,0,⭐️森趣•M,https://m.1688ts4.com,6,1,森趣🎃
m.douhuawenxue.com,0,豆花文学,https://m.douhuawenxue.com#🎃,8,2,🔰 豆花文学|🍊 豆花文学
wap.biquger.com,0,👍 笔趣阁儿,http://wap.biquger.com,6,2,笔趣阁🎃#64|笔趣阁⑦⑨
33txs.com,0,九桃小说,http://33txs.com,6,2,📖 九桃小说|🧐🐑九桃小说♨️
chinabxwx.com,0,笔下文学,http://www.chinabxwx.com#,6,3,笔下文学|笔下文学🎃|笔下文学
read.lmeee.com,0,拉米阅读,https://read.lmeee.com,8,5,拉米阅读|拉米阅读|拉米阅读（文学）|拉米阅读（出版）|拉米阅读🎃
qb5.ac,0,全本小说,https://www.qb5.ac/,8,2,全本小说|全本小说
wap.aishuge.cc,0,明月小说,http://wap.aishuge.cc,8,2,️明月小说|️明月小说🎃
bookrbx.com,0,选书阁,https://www.bookrbx.com,6,2,选书阁|📖 选书阁网
ibotaodz.com,0,快眼看书,https://www.ibotaodz.com,7,1,📖 快眼看书
13800100.com,0,桃花看书,https://www.13800100.com,7,2,你看书网|138看书网🎃
qqxsw.la,0,♻️千千小说❹,https://www.qqxsw.la/,6,2,千千小说网🎃|千千小说
muxtoo.com,0,笔趣阁,https://www.muxtoo.com#🎃,8,2,笔趣阁|笔趣阁https://www.muxto
vvbiquge.cc,0,笔趣阁,http://www.vvbiquge.cc,8,1,笔趣阁🎃#54
m.dijiuben.net,0,🍁 第九中文,https://m.dijiuben.net/##@遇知,6,2,第九中文网由静白校验，如果搬运其他渠道可|🎉 第九中文
xssk.net,0,小说书库,https://www.xssk.net#🎃,7,5,Ⓐ 小说书库|♜小说书库② #破冰1101|小说书库②|Ⓐ 小说书库|✾.Ⓐ 小说书库 #未月十八1001
m.1q1m.com,0,全民小说 由静白校验，如果搬运其他渠道可自行去除防伪,https://m.1q1m.com,6,1,全民小说网🎃
jilin567.com,0, 吉林小说,http://www.jilin567.com,6,3,📖 吉林小说|吉林小说网🎃|吉林小说网②
52bqg.net,0,笔趣阁,https://www.52bqg.net#🎃,7,2,笔趣阁|笔趣阁①
quark.sm.cn,0,♛夸克搜书,https://quark.sm.cn/,8,2,💫夸克相似小说🈲|相似小说🎃
65xs.net,0,乐文小说（优）,http://www.65xs.net,8,3,乐文小说·壹|乐文小说|乐文小说🎃#4
m.159txt.com,0,159TXT[原网站正文缺内容],https://m.159txt.com,8,1,吧电子书
gohaitang.icu,0,海棠搜书🎃#2,https://www.gohaitang.icu,7,2,海棠搜书🈲|海棠搜书🎃#2
wap.4pan.org,0,永恒小说网,http://wap.4pan.org,6,1,永恒小说网🎃
67book.net,0,67书吧,https://www.67book.net,8,4,67书吧②|67书吧|♜67书吧②|67书吧🎃
m.biqugee6.com,0,笔趣西安（优）,https://m.biqugee6.com,7,1,笔趣阁
m.7wav.com,0,🔰 7wav,https://m.7wav.com,8,1,7wav🎃
m.2kk.la,0,爱看小说,http://m.2kk.la#,8,2,爱看小说|️爱看小说️
ymxshuwu.com,0,🔰衍墨轩书屋,https://www.ymxshuwu.com/,8,3,衍墨轩书|🔰 衍墨轩书|衍墨轩书
m.45zww.net,0,四五中文,https://m.45zww.net,8,1,四五中文🎃
silukexsw.com,0,思路客⑦,https://www.silukexsw.com/,6,7,♜思路客⑦ #破冰|♜思路客⑦ #破冰|🔰 思路客小说网|思路客小说网|👍 思路客
fxshu.cc,0,爱腐小说,http://www.fxshu.cc,8,3,🍑 腐小说|🍑 腐小说|腐小说🎃#2
m.maifeizx.com,0,笔趣阁,http://m.maifeizx.com,6,1,笔趣阁🎃#69
tvbts.net,0,满小说网（发现）,https://www.tvbts.net/,8,3,图小说网（发现）|包小说网|㊝TVB小说网 ♜♜♜
kanshuv.com,0,看书网络,https://kanshuv.com,8,3,看书本身|看书小说|看书V
cstxt.com,0,🔰 重生小说,https://www.cstxt.com,7,3,重生小说|重生小说|重生小说
qiuju666.com,0,格格党,https://www.qiuju666.com#,8,2,🍊格格党666[自写]|格格党吧
androidv2.hongshu.com,0,红薯阅读,https://androidv2.hongshu.com/,8,3,红薯阅读|红薯阅读|红薯阅读🎃
m.uuwx.la,0,悠悠文学,http://m.uuwx.la,8,2,悠悠文学|悠悠文学
qkkan.com,0,不去看看,http://www.qkkan.com#一程,8,4,看看小说|去看看吧|去看看吧|去看看吧
m.23sk.com,0,📖 天籁小说,https://m.23sk.com/,6,2,天籁小说|☘️天籁小说☘️
969193.com,0,笔书阁,http://www.969193.com,5,1,笔书阁🎃
sou.xanbhx.com,0,顶点小说 x23us,https://sou.xanbhx.com/,7,1,书荒啦
shuyuewu.cc,0,书阅屋,http://www.shuyuewu.cc/,5,3,书阅屋|🔰 书阅屋|书阅屋🎃
m.bqg335.com,0,笔趣阁,https://m.bqg335.com,8,1,笔趣阁335🎃
m.xianguoxs.com,0,鲜果小说,https://m.xianguoxs.com,8,1,鲜果小说网🎃
wap.bookdown.info,0,📚 图书下载,http://wap.bookdown.info,8,1,图书下载网🎃
yiyeshu.cc,0,页书小说,https://www.yiyeshu.cc,8,1,页书小说
m.junjh.com,0, 全本小说网junth,https://m.junjh.com,6,2,🔖🔖🔖全本小说|全本小说🎃#7
kenshuzw.net,0,🐬开源书源,http://www.kenshuzw.net,6,1,开源书源🎃
m.yiruan.info,0,亿软小说,http://m.yiruan.info,7,1,亿软小说
m.qhyrzs.com,0,清河文学网🇨🇳,https://m.qhyrzs.com,8,2,清河文学|清河文学
ilengmen.com,0,冷门书屋,https://www.ilengmen.com/,7,2,冷门书屋|冷门书屋
tongren.faloo.com,0, 飞卢同人,http://tongren.faloo.com,5,1,飞卢小说🎃#2
m.quge.cc,0,👌 笔趣阁#,https://m.quge.cc##,8,2,笔趣阁吧（优）|笔趣阁quge🎃#2
m.muxtoo.com,0,笔趣阁🎃#71,https://m.muxtoo.com,8,2,🎉 笔趣阁|笔趣阁🎃#71
800xs.net,0,800小说网,https://www.800xs.net/,7,1,800小说网
yxgxs.org,0,云霄小说,http://www.yxgxs.org#🎃,8,2,云霄阁|⭐️云霄阁
ybswu.com,0,夜伴书屋,https://www.ybswu.com,8,1,夜伴书屋
m.fn9.net,0,💫飞鸟中文[尐哖],https://m.fn9.net,8,1,💫飞鸟中文[尐哖]
242xsw.com,0,二四二网,https://www.242xsw.com,8,2,二四二网|二四二网🎃
m.migudm.cn,2,🎨 咪咕动漫$,http://m.migudm.cn/,8,1,咪咕动漫📱
m.lingyutxt.net,0,灵域小说,https://m.lingyutxt.net#响海,8,6,灵域小说|灵域小说|🌸 灵域小说|✨灵域小说网🎉📱|Ⓐ 灵域小说
api.jxgtzxc.com,0,猫眼看书,http://api.jxgtzxc.com#🎃,8,2,猫眼看书|猫眼看书
qikuaizw.com,0,奇快中文,http://www.qikuaizw.com#🎃,8,3,奇快中文|奇快中文|奇快中文
m.bqg121.com,0,🍁笔趣阁,https://m.bqg121.com,7,1,笔趣阁🎃#63
x23wxw.com,0,顶点小说⑫,https://www.x23wxw.com/,6,2,顶点小说|顶点小说🎃#9
v.8book.com,0,👌 无限小说,https://v.8book.com##㏫,7,1,无限小说 静白校验搬运其他渠道去除防伪
fqxsw.cc,0,饭圈小说,https://www.fqxsw.cc/,8,3,番茄小说|🔰 饭圈小说|番茄小说🎃#5
dbxsc.com,0,独步小说,https://www.dbxsc.com#,8,3,独步小说|独步小说|独步小说c🎃
m.bixiashenghua.com,0,笔下生花,https://m.bixiashenghua.com,8,2,笔下生花|笔下生花🎃
m.biquzw789.org,0,789🇨🇳,https://m.biquzw789.org,8,3,🌠笔趣阁789|🏖️笔趣阁789|笔趣阁🎃#101
m.ersanxs.net,0,二三中文网,http://m.ersanxs.net,6,1,二三中文网🎃
m.woaisaicheshou.com,0,🌠笔趣阁[woaisaicheshou],http://m.woaisaicheshou.com/,8,1,🌠笔趣阁[woaisaicheshou]
m.ggdwx.net,0,格格党文学,http://m.ggdwx.net,8,1,格格党文学🎃
16kbook.net,0,发的看书,http://www.16kbook.net#🎃,8,1,发的看书
yx.cbge.top,0,盐选,https://yx.cbge.top/,6,1,🍁盐选书阁
exs99.com,0,女钱小说,https://www.exs99.com/,8,2,🔰 E小说|E小说🎃
m.bqgtu.com,0,笔趣阁ᵗᵘ,https://m.bqgtu.com,6,1,笔趣阁🎃#74
wap.dawensk.com,0,️达文小说,http://wap.dawensk.com#🎃,8,2,️达文小说|达文小说
godamanga.com,2,瓜站漫画（配置）,https://godamanga.com,8,1,🌠 包子漫画
m.860bo.com,0,86文学,https://m.860bo.com,6,1,86文学🎃
fengyuxs.cc,0,💊 风雨小说⑤,https://www.fengyuxs.cc,6,2,🎉风雨小说⑤|风雨小说🎃
91.246.39.21,0,✍书趣阁2shuquge[修复],https://91.246.39.21/,6,1,❄书趣阁
weilaitianwang.info,0,未来天王,http://www.weilaitianwang.info,8,1,未来天王
69shu.org,0,意见书吧,https://www.69shu.org/,8,13,开和书吧|太极书吧|✾六九书吧|69书吧|69书吧①
zhihuwx.net,0,志虎文学,https://zhihuwx.net,7,3,志虎文学|知虎文学|志虎文学🎃
m.paipaiwx.com,0,派派文学,https://m.paipaiwx.com,8,1,派派文学🎃
m.sumanku.com,2,速漫库,http://m.sumanku.com,6,2,速漫库|速漫库（正文未完成普通看漫画的）
aixiashu.info,0,爱下书网🥉,http://www.aixiashu.info,8,2,爱下书网|爱下书网🎃
shumi99.com,0,书迷楼99,http://www.shumi99.com,8,1,书迷楼🎃
m.xitongliu.cn,0,系统流说（差）,https://m.xitongliu.cn/##@遇知,8,3,系统流说（差）|系统流小说网|系统流小说网🎃
m.fwxs8.com,0,凤文网吧,https://m.fwxs8.com,8,1,凤文网🎃
siluke.cc,0,👍 思路客②,http://www.siluke.cc,8,11,思路客网|思路客② #一程|思路客⑤|思路客~b|♜-思路客⑥ 
m.ebtang.com,0,💠 雁北堂,https://m.ebtang.com,8,3,雁北堂|雁北堂🎃#2|雁北堂
aiks68.com,0,零点小说,https://www.aiks68.com,8,1,零点小说🎃
70xs.cc,0,🔰 麒麟,https://www.70xs.cc,7,4,🎉麒麟看书①|🔰 麒麟|♜麒麟看书 #pb|♛麒麟看书
wap.shuxinyi.net,0,看书啦,https://wap.shuxinyi.net/,5,2,看书啦|看书啦🎃
mmtxt.com,0,MM小说网,https://www.mmtxt.com#,5,3,MM小说网|✾♝MM小说网 #关耳|MM小说网🎃
txt53.com,0,无限小说,https://www.txt53.com,8,1,无限小说网🎃
ziyungong.com,0,紫云心宫,https://www.ziyungong.com#🎃,7,3,紫云心宫|紫云心宫|海棠网Ⓗ
shupengwang.com,0,🎉书朋网①①,https://www.shupengwang.com/,5,3,🔰 书朋网|♜书朋网① #破冰|♜书朋网① #破冰
lwxs.io,0,乐文小说,http://www.lwxs.io/,8,2,乐文小说|🎉 乐文小说
x81zw.com,0,新八中文,https://www.x81zw.com/,8,4,新八中文|x🎉八一中文网③#嘚嘚21.0201|新八一中文🎃|🎉 新八一中文网
m.xbiqusa.com,0,🔰 爱曲小说,https://m.xbiqusa.com/,8,1,爱曲小说
bixia.org,0, 笔下文学,http://www.bixia.org,8,4, 笔下文学|笔下|🎉笔下文学⑨|笔下文学④
mqxs.com,0,小说旗,https://www.mqxs.com/,8,3,小说旗|🔰 小说旗|小说旗🎃
m.quanxiaoshuo.org,0,🎉 全小说,http://m.quanxiaoshuo.org,6,1,【⚚⋆全小说】
58kanshu.net,0,不看书网,https://www.58kanshu.net#🎃,8,4,58看书网|58看书网② #破冰1101|🍺 58看书网②|🎉58看书网②
biqubu.com,0,笔趣阁,http://www.biqubu.com,7,3,👍 笔趣阁➅|🎉笔趣阁⑤②|笔趣阁🎃#83
m.94yd.com,0,九四阅读,https://m.94yd.com,8,1,九四阅读
m.miaoshuzhai.net,0,🍊 妙书斋,https://m.miaoshuzhai.net,6,1,✨妙书斋🎉📱
ranwenn.com,0,燃文看书 #Namo▼列表书少,http://www.ranwenn.com#Namo,5,3,燃文看书 #♤Namo▼列表书少|🌸 燃文看书|♛ 燃文看书 #Namo1101
xssk.la,0,🎉小说书库①,https://www.xssk.la/,6,4,🎉 小说书库①|♜小说书库① #破冰1101|小说书库🎃|小说书库
vbiquge.org,0,Ｖ笔趣阁,http://www.vbiquge.org/,6,2,📚 新笔趣阁|♜▪︎新笔趣阁② #一程1201
630book.org,0,🎉恋上你看书,https://www.630book.org/,6,4,🎉 恋上你看书②|♜恋上你看书② #破冰1101|♜恋上你看书② #破冰|✾.Ⓐ 恋上你看书 #未月十八1001
pilibook.net,0,霹雳书屋,https://www.pilibook.net,8,3,霹雳书屋|霹雳书屋|霹雳书坊
56wx.cc,0,🧐五六文学网💯,http://www.56wx.cc/,6,2,♜五六文学网|🎉 五六文学网
mobile.hotread.com,0,火星小说💯,"https://mobile.hotread.com
",6,4,火星小说|火星小说②|火星小说🎃|📖 火星小说
m.soduzw.com,0,搜读中文,http://m.soduzw.com,6,1,SoDu小说🎃
m.haiyue8.cc,0,海阅小说🥈,https://m.haiyue8.cc,6,1,海阅小说🎃
bookhaitang.com,0,海棠看书,https://www.bookhaitang.com/,5,1,海棠看书🎃
b5200.net,0,🍁笔趣阁⑩①,http://www.b5200.net/,6,5,○♜ ✎笔趣阁⑩ md #pb m列表|♜ ✎笔趣阁⑩ #破冰1101|🎉笔趣阁②|🎉笔趣阁𖤓|🎉笔趣阁①#嘚嘚21.0201
242xs.biz,0,二四二网,https://www.242xs.biz,8,2,二四二网|二四二网🎃#2
m.fqxs.la,0,番茄小说,http://m.fqxs.la,5,1,番茄小说
yxgsk.com,0,🌿云轩阁源🌿,https://www.yxgsk.com,6,2,💦云轩阁②①|♜-云轩阁② #破冰1101
wap.ibashu.org,0,️无敌小说,http://wap.ibashu.org#🎃,8,2,️无敌小说|无敌小说
23hh.net,0,🎉 顶点小说⑳,https://www.23hh.net/,5,3,顶点小说⑳|♜顶点小说⑳ #破冰1101|♜顶点小说⑳ #破冰
m.oldtimeswx.cc,0,旧时光文学,https://m.oldtimeswx.cc,6,2,旧时光文学|🌠旧时光
m.tycbooks.com,0,塔阅小说,https://m.tycbooks.com#🎃,7,1,塔阅小说
20biquge.com,0,笔趣阁172,https://www.20biquge.com/,6,3,💊 笔趣阁⑨①|♜ ✎笔趣阁⑨① #破冰|♜ ✎笔趣阁⑨① #破冰1101
xs7.la,0,📜小说旗①,https://www.xs7.la/,6,4,♜小说旗② #破冰1101|小说旗🎃|小说旗|小说旗②
lejiaxianda.com,0,🪔️ 乐嘉小说,https://www.lejiaxianda.com/,8,2,🪔️ 乐嘉小说|📜乐嘉小说
m.xheiyan.info,0,黑岩阅读网[自写],http://m.xheiyan.info/,8,2,黑岩网|黑岩阅读网🎃
m.bqg90.com,0,笔趣阁90,https://m.bqg90.com,6,1,笔趣阁🎃#93
kanquanben.org,0,全本小说¹,http://www.kanquanben.org,6,1,看全本🎃
m.818812c.com,0,八一八网,https://m.818812c.com#🎃,7,1,八一八网
m.dingdianxs.la,0,顶点小说~f,http://m.dingdianxs.la,5,1,等等
zmwlcm.com,0,上书阁网,http://www.zmwlcm.com/##@遇知,8,1,上书阁网
m.bq9.cc,0,笔趣阁9,https://m.bq9.cc,6,1,笔趣阁🎃#90
uuxs.com,0,丝袜小说（繁体）,https://www.uuxs.com/,8,2,皮皮小说|皮皮小说
wap.7yun.org,0,未来小说网,https://wap.7yun.org,5,1,未来小说🎃
wap.danmei.la,0,🌾青云霓裳,https://wap.danmei.la,6,1,🌸 青云霓裳
tieshuba.com,0,📖 图书迷网,http://www.tieshuba.com,6,1,📖 图书迷网
m.cpxpsp.com.cn,0,🔹 言情小说,http://m.cpxpsp.com.cn,6,1,✨ 言情小说（♥最快 好用缺字jj）
m.miyuexiaoshuo.com,0,米阅小说,https://m.miyuexiaoshuo.com,8,2,米阅小说🎃|米阅小说
xs6.cc,0,🎉小说楼小说,http://www.xs6.cc/,5,3,🌸 小说楼|♜-小说楼 #pb|♜小说楼 #pb
55xs.co,0,无限小说网,http://www.55xs.co,8,1,无限小说
doupocangqiong.cc,0,斗破苍穹,http://www.doupocangqiong.cc/,8,2,斗破苍穹|斗破苍穹🎃
m.jianlai.cc,0,剑来/顶点小说,https://m.jianlai.cc,6,1,剑来/顶点小说🎃
shu111.com,0,✨书林文学,http://www.shu111.com##@尐哖,6,2,书林文学①|书林文学~shu111.com
m.69sb.cc,0,太极书吧,https://m.69sb.cc,8,1,69书吧🎃#2
frxsw.com,0,下书小说网[自写],http://www.frxsw.com/,8,2,下书小说网|下书小说网🎃
liyuxiang123.com,0,🐟鲤鱼乡123[修正版],http://www.liyuxiang123.com,8,3,鲤鱼乡③|鲤鱼乡吧|🎈鲤鱼乡
81zw.co,0,八一中文14,https://www.81zw.co/,6,4,八一中文[81zw]|八一中文[81zw]|👍 八一中文|♜-八一中文⑦ #破冰1130
555x.org,0,无限小说网,https://www.555x.org,6,2,🎉无限小说网|无限小说网🎃#3
m.wnxsw.cc,0,无奈小说网,https://m.wnxsw.cc,6,1,无奈小说网🎃
caimoge.net,0,💯采墨阁小说,https://www.caimoge.net/,6,6,⭐ 采墨阁网|？？待排版♜+采墨阁② md #破冰|㊝ 采墨阁 ♛♛♛|🐳采墨阁|采墨阁❤️
biquluo.com,0,笔趣阁,http://www.biquluo.com/,8,3,笔趣阁|♜ ✎笔趣阁⑦⑦ #破冰1101|笔趣阁🎃#102
book.gouyg.com,0,🔰 狗狗搜书,https://book.gouyg.com,6,1,狗狗搜书🎃
wap.pan8.info,0,超凡小说,https://wap.pan8.info,8,2,️超凡小说|️超凡小说
m.mianfeizhuishu.com,0,免费追书_RM,http://m.mianfeizhuishu.com,6,1,免费追书🎃
m.feisxs.com,0,飞速小说,https://m.feisxs.com,8,2,飞速中文|飞速中文🎃#2
sofunlib.com,0,废文小说🎃,https://www.sofunlib.com#🎃,8,2,废文小说|废文小说[修复]
zh.nhimmeo.cf,0,刺猬喵,https://zh.nhimmeo.cf,6,2,ciwemao|🍥刺猬喵
m.bqgll.com,0,笔趣阁ll,https://m.bqgll.com,6,1,笔趣阁🎃#89
m.kuyuxs.com,0,酷鱼小说,http://m.kuyuxs.com,6,1,酷鱼小说🎃
yingshixiaoshuo.com,0,👍 影视,http://www.yingshixiaoshuo.com,8,1,👍 影视
agedm.org,0,动漫AGE2（优）,https://www.agedm.org/search#🎃,7,1,动漫AGE（优）
95shubao.cc,0,💠 九五书包,http://www.95shubao.cc,8,2,九五书包|九五书包
m.miaobige.cc,0,妙笔阁,http://m.miaobige.cc,8,1,妙笔阁吧
m.haiyue8.com,0,开源书源,https://m.haiyue8.com/,8,3,海悦小说|海阅小说8|海阅小说🎃#2
tetewx.com,0,👍 特特,http://www.tetewx.com,7,2,👍 特特|👍 特特
uuzww.com,0,🎉中文小说①,https://www.uuzww.com/,5,3,UU小说④|♜uu小说 #破冰|♜uu小说 #破冰1101
ishubao.org,0,爱书包吧,https://www.ishubao.org,8,4,爱书不包|爱书包小说|♜+爱书包 #破冰|♜+爱书包 #破冰1101
95shubao.net,0,♝ 九五小说,http://www.95shubao.net/#%E2%99%A4#♤yc,8,2,九五书包|📖 九五书包
sangwu.org,0,🎉桑舞小说网~a,https://www.sangwu.org,5,2,📖 桑舞小说|桑舞网
myhaitang.net,0,海棠网Ⓒ,https://www.myhaitang.net/,6,1,🌸 海棠书屋
haitang123.tv,0,👔 海棠书屋,https://www.haitang123.tv,6,5,👔 海棠书屋|海棠书屋10|海棠书屋15|海棠书屋7|海棠书屋1
ting299.com,1,📻 唯爱听书,http://www.ting299.com/,6,1,唯爱听书
45zw.org,0,四五中文,https://www.45zw.org,8,7,四五中文|✾四五中文|♜-四五中文网① #破冰1101|♜-四五中文网① #破冰|四五中文🎃
qqxsw.info,0,千千小说10,https://www.qqxsw.info,6,3,千千小说7|♜千千小说⑦ #破冰1101|♜千千小说⑦ #破冰
qiuyuwu.com,0,秋语阁,http://www.qiuyuwu.com,5,2,秋语阁|秋语阁🎃
getcomicinfo-globalapi.zymk.cn,0,🎨知音漫客🅰 #Haxc,https://getcomicinfo-globalapi.zymk.cn#Haxc1107,6,2,🎨 知音漫客🅰 #Haxc|md♝+✐㊣ 知音漫客 ♝♝♚
tingzh.com,1,中文听书,https://www.tingzh.com,6,4,📻 中文听书|♬ 中文听书网 #破冰1025|♬ 中文听书网 #破冰|📻 中文听书网
ting35.com,1,三五听书,https://ting35.com/,6,4, 三五听书网|📻 三五听书|♬ 三五听书网 #破冰1025|♬ 三五听书网 #破冰
sxpdf.com,0,💬书行天下,https://www.sxpdf.com,6,3,📥书行天下|📥 书行天下|📥书行天下
m.yuzhaiwuh.com,0,👔 御书屋网,https://m.yuzhaiwuh.com,6,1,👔 御书屋网
zxcs.me,0,📥 知轩,http://www.zxcs.me/,8,11,x知轩藏书♥下载链接♥.zxcs#玄奇2|📥 知轩|📥知轩|🧐知轩|🐑知轩藏书
m.cnyxfs.com,0,✨偶然中文,https://m.cnyxfs.com,8,2,✨偶然中文|易生原文学
m.bqg35.cc,0,📖 笔趣阁35,https://m.bqg35.cc/,5,1,笔趣阁35
lewen01.com,0,📖 乐文小说,https://www.lewen01.com/,5,1,乐文小说⑩
bqg113.com,0,笔趣阁（闫）,https://www.bqg113.com,5,1,📖 笔趣阁网
qb5.la,0,全本小说,https://www.qb5.la/#♤pb,8,6,全本小说|全本小说|全本小说|全本小说|全本小说
m.rouwenwu1.com,0,🚬 肉文屋,https://m.rouwenwu1.com,8,1,肉文屋①
xiumb.com,0,秀书网吧,https://www.xiumb.com/,8,2,秀书网吧|秀书网🎃
tianyibook.la,0,🎉 天翼文学,https://www.tianyibook.la,6,3,🎉天翼文学②|♜天翼文学② #破冰|♜天翼文学② #破冰1101
baike.baidu.com,0, 百度百科,https://baike.baidu.com/,7,1, 百度百科
m.gdbzkz.com,0,鬼吹灯,http://m.gdbzkz.com,7,2,鬼吹灯|鬼吹灯🎃#5
m.xyuzhaiwu1.com,0,🔰 新御宅屋,https://m.xyuzhaiwu1.com,8,1,新御宅屋①
m.yushuwu.club,0,🔰 新御书屋,https://m.yushuwu.club,8,1,新御书屋⑥
ixs.cc,0,爱小说网（发现）,https://www.ixs.cc,8,7,💯爱小说网①|♜+爱小说网 #破冰|㊝ 爱小说 ♜♜|♜+爱小说网 #破冰1101|🔖爱小说
m.no1xs.com,0,🔰 海棠书屋,https://m.no1xs.com,8,1,海棠文学②
m.juqisw.com,0,菊奇书屋,https://m.juqisw.com,7,2,🎉菊奇书屋 🈲|✾♞菊奇书屋 #关耳 ▼下页 js
aishu9.com,0,笔趣阁aishu9,https://www.aishu9.com,8,1,笔趣阁aishu9
m.xyshu8.com,0,星月书吧,https://m.xyshu8.com/,5,1,👍 星月书吧
mhtxs.la,0,🔰 棉花糖说,https://www.mhtxs.la,8,5,棉花糖说|棉花糖小|棉花糖说|棉花糖吧|♜+棉花糖小说① #破冰1101
nicesss.com,2,哟糖社nicesss,https://www.nicesss.com,6,1,哟糖社，有反扒，求大佬完善正文
rzxs.org,0,🎉日照小说网,http://www.rzxs.org/,6,3,🎉日照小说网②|♜日照小说网② #破冰|♜日照小说网② #破冰
sadhub.org,0,废文小站sadhub,https://www.sadhub.org,6,1,废文网
dingdian6.com,0,顶点小说36,https://www.dingdian6.com,6,3,顶点小说[6]|♜顶点小说㉔ #破冰▼列表书少|♜顶点小说㉔ #破冰▼列表书少
huruijz.com,0,飘天文学,http://www.huruijz.com/,5,2,飘天文学|飘天文学🎃#3
biqugu.cc,0,笔趣阁,https://www.biqugu.cc/,8,2,🍁笔趣阁⑩⓪|笔趣阁🎃#36
fq44.cc,0,番茄小说4#,https://www.fq44.cc/,7,1,番茄小说4#
m.qiximh.com,2,七夕漫画,http://m.qiximh.com,8,1,七夕漫画
androidapi4.yc.ifeng.com,0,💰凤凰网书城,http://androidapi4.yc.ifeng.com,8,2,翻阅小说/凤凰网书城app|💰凤凰网书城
xxbqg5200.com,0,笔趣阁②②,https://www.xxbqg5200.com,6,3,📃笔趣阁⑯①|♜ ✎笔趣阁⑯① #破冰|♜ ✎笔趣阁⑯① #破冰1101
kbookzw.info,0,👔 御宅书屋,https://www.kbookzw.info/,6,1,👔 御宅书屋
m.bbiqq.com,0, 笔趣阁㉓,https://m.bbiqq.com,5,1,📖 笔趣网站
po18yun.com,0,🌁popo,https://www.po18yun.com,6,3,po18yun②|po18yun①|👔 脸红心跳
m.qudushu.com,0,🔖去读书,http://m.qudushu.com,8,1,去读书🎃#3
yuzhaiwula.com,0,海棠书房,https://www.yuzhaiwula.com,6,2,🈲海棠书房|👔 海棠书房
haitangkan.com,0,海棠书房①,https://www.haitangkan.com,6,1,👔 海棠书房
m.iyuzhaiwu.xyz,0,👔 御宅屋,https://m.iyuzhaiwu.xyz/,6,1,👔 御宅屋
youliaoxs.com,0,🌟 呦呦看书,https://www.youliaoxs.com,5,1,📖 呦呦看书
m.soudongman.com,0,搜动漫②,http://m.soudongman.com/,8,1,搜动漫①
6lk.info,0,📓乐库小说网,http://www.6lk.info##旅途,6,2,乐库小说[w]|📖 乐库小说
m.bqg789.co,0,笔趣阁2,https://m.bqg789.co//,8,7,笔趣阁2|笔趣阁2|笔趣阁2|笔趣阁789|🍁 笔趣阁789
m.yeduku.com,0,👍夜读库,https://m.yeduku.com,6,1,⌨夜读屋
m.juyuanshu.com,0, 聚缘书源,http://m.juyuanshu.com,5,1,📖 聚缘书源
m.txtyuzhaiwu.com,0,🚬 御书屋,https://m.txtyuzhaiwu.com,6,1,👔 御书屋
ggd8.cc,0,格格党网,http://www.ggd8.cc,8,1,格格党网🎃
wokanxiaoshuo.com,0,就看小说,https://www.wokanxiaoshuo.com/,5,1,就看小说
rawkuma.com,2,💮 Rawkuma,https://rawkuma.com,5,1,📖 Rawkuma
colamanga.com,2,🎨COLA,https://www.colamanga.com,6,1,晚点漫画（外部）
m.51dxs.org,0,📖 五一读书,https://m.51dxs.org/,5,1,五一读书
lingyi.org,0,中国灵异,http://www.lingyi.org,6,1,📖 中国灵异
m.75zwcom.com,0,起舞中文网,https://m.75zwcom.com,8,1,✨起舞中文
qiushubang.com,0,求书帮,https://www.qiushubang.com/,7,2,✨笔趣阁⁷⁷|✨笔趣阁⁷⁷
56shuku.info,0,五六书库,https://www.56shuku.info,6,1,📖 五六书库
dengyulai.org,0,☘️等雨来文社☘️,https://www.dengyulai.org,6,1,📖 等雨书屋
m.91baby.com,0,💵 91baby,http://m.91baby.com,5,1,📖 91baby网
52ggd.com,0,格格党,http://www.52ggd.com,8,2,👍格格党|🍺 52格格党
didi6.com,0,翻书阁,https://www.didi6.com,6,1,🍺 翻书阁
mifengxs.com,0,📖 蜜蜂小说,http://www.mifengxs.com/,5,1,蜜蜂小说网🎃
ios.wowowo12.top,2,BIKA庇护所wowowo12-漫画,https://ios.wowowo12.top,8,1,BIKA庇护所wowowo12-漫画
migumh.com,2,🗂🙈韩国漫画🚩,https://www.migumh.com/,6,1,🎨 米古漫画
wanbar.net,0,玩吧网络（发现）,https://www.wanbar.net/,8,2,玩吧网络（发现）|玩吧小说（发现）
ttzw.com,0,天天中文网[ttzw],https://www.ttzw.com/,6,4,天天中文网②|天天中文网③|🌸天天中文|天天中文网[ttzw]
99mk.net,0,鸟书网,https://www.99mk.net/,6,2,鸟书小说①|🎊 鸟书小说
m.jingdianyulu.org,0,语录书院,https://m.jingdianyulu.org,8,1,语录书院
wap.ebookbao.org,0,🔞 书包网,https://wap.ebookbao.org/,6,1,书包网
m.2biqu.com,0,贰笔趣阁,https://m.2biqu.com,6,1,笔趣阁2biqu
17suu.cc,0,🌠17书屋,https://www.17suu.cc##@遇知,6,1,17书库
m.31wxw.net,0,🪔️ 三易文学,https://m.31wxw.net/,8,2,🪔️ 三易文学|三易文学
emanyan.com,0,🍊 漫延文创,https://www.emanyan.com,6,1,🍊 蔓延文创
m.yucaizw.com,0,🔖玉才小说网,http://m.yucaizw.com,6,1,🍉 玉彩网
ssbiqu.com,0,📖 全书书阁,https://ssbiqu.com/,6,1,👍笔趣阁
ks67.com,0,🔰第五文学,https://www.ks67.com/,5,1,人格小说
bqgyy.com,0,♜笔趣阁⑰⑨,https://www.bqgyy.com/#pb1101,5,3,🍁笔趣阁⑰⑨|♜✎笔趣阁⑰⑨|🍁笔趣阁⑰⑨
m.beqege.cc,0,笔趣阁/beqege,https://m.beqege.cc,6,1,https://m.beqege.cc/
7book.cc,0,👍全书书阁,https://7book.cc,5,1,全书书阁
5200xiaoshuo.com,0,♜-5200小说,http://www.5200xiaoshuo.com/#♤pb,7,3,飞小说网|跑小说网|🍺 5200小说网
sutxt.com,0,🪔️ 书趣阁,https://www.sutxt.com/,8,1,🪔️ 书趣阁
m.owlook.top,0,⌨阿酷小说,https://m.owlook.top/,8,4,啊酷小说|⌨阿酷小说|🪔️ 啊酷小说|啊酷小说
guiguaiwu.com,0,📜鬼怪屋▪️🦇,https://www.guiguaiwu.com/##遇知,6,6,鬼怪屋| 鬼怪屋网|鬼怪屋|🦇鬼怪屋|鬼故事（发现）
trxs.me,0,🍥同人小说,https://www.trxs.me,8,4,同人小说|🍥同人小说|🎻同人小说[me]|同人小说
sk.3qxsw.com,0,3Q中文网,https://sk.3qxsw.com,6,1,3Q中文网
fd80.com,0,笔趣阁fd80,https://www.fd80.com/,5,2,笔趣阁|笔趣阁fd80
api.book.bookld.com,0,乐读,http://api.book.bookld.com##,8,2,乐读小说|乐读小说
m.xianqihaotianmi.info,0,🪔️ 言情小说阁,http://m.xianqihaotianmi.info/##@遇知,6,1, 小说阁网
wap.92k.tw,0,92K言情小说,https://wap.92k.tw,6,1,92k小说
xwdsc.com,0, 我的书城,https://www.xwdsc.com/##@遇知,6,1,👍我的书城
m.biqu789.com,0,🍁 笔趣阁789,https://m.biqu789.com/,8,1,🍁 笔趣阁789
m.po18.work,0,🌁 PO18,https://m.po18.work#一程,6,4,🌸PO18脸红心跳|✨PO18|㊕ PO18② #一程1101|📡 po18
d34xj6zzll2cc7.cloudfront.net,0,六九书吧,https://d34xj6zzll2cc7.cloudfront.net,6,2,📖 69书吧|●69書吧md2
5xxs.net,0,武侠小说[5],http://www.5xxs.net/,6,1, 武侠小说
pan8.net,0,🪔️ 超凡小说,https://www.pan8.net/##@遇知,6,2,超凡小说网|🔖超凡
fqxs123.com,0,番茄小说fqxs123#,https://www.fqxs123.com/,7,2,番茄小说fqxs123#|番茄小说fqxs123
wenxueyuedu.com,0,文学阅读网,https://www.wenxueyuedu.com,6,1,📖 文学阅读
42wgs.com,0,⚠️禁忌书屋,https://www.42wgs.com,6,1,📖 禁忌书屋
xbiqugee.com,0,📖 香香小说,https://www.xbiqugee.com/,6,1,👍香香小说
hjwxs.com,0,📖 黄金屋网,https://www.hjwxs.com/,5,2,黄金屋-搜索|黄金屋#1
pinyuege.com,0,🪔️ 品阅阁,http://www.pinyuege.com/,8,1,🪔️ 品阅阁
ic-hl.snssdk.com,0,今日头条小说,https://ic-hl.snssdk.com,5,1,📖 头条小说
dushuzhe.cc,0,🎉读书者小说,https://www.dushuzhe.cc/,5,4,♜读书者 #破冰|🍺 读书者|读书者|♜读书者 #破冰1101
lingchenkanshu.com,0,凌晨看书,https://www.lingchenkanshu.com,5,1,📖 凌晨看书
3004ss.com,2,快乐图书①,https://www.3004ss.com,6,1,📖 快乐图书
waptxt.org,0,手机电子书waptxt,https://www.waptxt.org,5,1,自制
a6ksw.co,0,爱豆看书,http://www.a6ksw.co,8,4,🏵爱豆看书|🌠爱豆看书|❄爱豆看书|爱豆看书
bookjisu.com,0,极速书库,https://www.bookjisu.com/,8,1,极速书库
mgting.com,1,芒果听书,https://www.mgting.com/,6,3,📻 芒果听书|♬ 芒果听书 #破冰1025|♬ 芒果听书 #破冰
yushuge.cc,0,🎉御书阁①①,http://www.yushuge.cc/,6,2,🎉 御书阁①|♜御书阁① #破冰1101
yushuge.info,0,🎉御书阁②①,https://www.yushuge.info/,6,3,🔰 御书阁|♜ 御书阁 #一程1101|♜御书阁②
m.shushuwuxs.org,0,🔞 书书屋,http://m.shushuwuxs.org,6,3,㊕ 书书屋 #一程1101|㊕ 书书屋 #一程|🔞 书书屋
hiaita.com,0,🔥 爱他小说,http://www.hiaita.com#一程,6,3,👔 爱他小说|㊕ ✾爱他小说 #一程1101|㊕ ✾爱他小说 #一程
miaoshu5.cc,0,秒书屋子（发现）,https://www.miaoshu5.cc/,8,3,秒书屋|♜-秒书屋 #破冰▼精准搜索|♜-秒书屋 #破冰1101
bixiawenxue.org,0,笔下文学⑤,https://www.bixiawenxue.org,6,2,📜笔下文学④|♜-笔下文学④ #破冰1101
qb5200.co,0,全本小说,https://www.qb5200.co/,6,2,💊 全本小说|♜全本小说⑥ #破冰1101
bqg520.cc,0,笔趣阁44（发现）,http://www.bqg520.cc/,6,2,🍊 笔趣阁⑧|♜ ✎笔趣阁⑥① #破冰1101
zkxsw.com,0,🎉作客小说网,http://www.zkxsw.com/,5,2,♜最快小说网 #破冰1101|🍺 最快小说网
57zw.com,0,🎉爱去小说网,https://www.57zw.com/,5,2,♜爱去小说网④ #破冰1101|🍺 爱去小说网④
shumi.la,0,🍺 书迷楼②,https://www.shumi.la,6,2,🎉书迷楼②①|♜书迷楼② #破冰1101
biqugexsw.net,0,笔趣阁60（发现）,http://www.biqugexsw.net/,6,2,💊 笔趣阁⑧⑧|♜ ✎笔趣阁⑧⑧ #破冰1101
biqukan.cc,0,🎉笔趣看①①,https://www.biqukan.cc/,6,3,笔趣看|♜笔趣看① #破冰1101|♜ 笔趣看 #一程1101
ddbook.cc,0,🎉 顶点小说⑱,http://www.ddbook.cc,6,2,🎉顶点小说⑱|♜顶点小说⑱ #破冰1101
tyxsw.cc,0,🎉 天翼小说网,http://www.tyxsw.cc,6,2,🎉天翼小说网|♜天翼小说网 #破冰1101
zw50.com,0,💦武林中文⑤,https://www.zw50.com/,6,2,♜-武林中文⑤ #破冰1101|武林中文网
23xsw.net,0,爱尚小说,https://www.23xsw.net,6,2,📜爱尚小说③|♜爱尚小说③ #破冰1101
zw34.cc,0,💊 34中文网②,http://www.zw34.cc,6,2,🎉34中文网②|♜34中文网②
tianyi.la,0,💊 天翼文学,https://www.tianyi.la,6,2,天翼文学|♜天翼文学① #破冰1101
piaotian.net,0,飘天文学（发现）,https://www.piaotian.net,6,4,🎉飘天文学⑤|♜飘天文学⑤ #破冰1101|♜飘天文学⑤ #破冰|♜▪︎飘天文学① #一程1201
fanaoqi.com,0,西瓜小说,http://www.fanaoqi.com/锋,8,1,西瓜小说
fqxs.cc,0,肉鸽小说,http://www.fqxs.cc/锋,8,1,肉鸽小说
69book.net,0,🔰 六九书吧,https://www.69book.net,6,3,♞ 69书吧 #一程1101|♜69书吧① #破冰1101|🎉六九书吧①
geiliwx.net,0,🎉给力文学,http://www.geiliwx.net/,6,2,🎉 给力文学①|♜给力文学① #破冰1101
69shuba.cc,0,🍒69书吧,https://www.69shuba.cc,8,3,♜69书吧② #破冰1101|🎉69书吧②①|69书吧#南笙21.0101
m.ting13.com,1,水山听书,https://m.ting13.com##@遇知,8,3,水山听书|📻 13听书|爱听书网（优）
37xsw.com,0,🎉 37小说网,http://www.37xsw.com,5,3,♜37小说网 #破冰|♜37小说网 #破冰1101|🎉37小说网
ttzw.tv,0,天天中文网①,http://www.ttzw.tv/,5,3,🎉 天天中文网|♜天天中文网 #破冰1101|♜天天中文网 #破冰
dashen88.com,0,🎉大神吧小说,http://www.dashen88.com/,6,3,大神吧|♜大神吧 #破冰|♜大神吧 #破冰1101
fengyu.la,0,🧐风雨小说②♨️,https://www.fengyu.la,6,3,♜风雨小说⑥|♜ 风雨小说② #一程1101|风雨小说
50zw.org,0,👍 武林中文②,https://www.50zw.org,6,4,🧐武林中文③ #一程♨️|♜▪︎武林中文③ #一程1201|💯武林中文①|♜+武林中文① #破冰
ranwen8.com,0,👍 燃文小说②,https://www.ranwen8.com,6,5,♜▪︎燃文小说② #一程1201|♜燃文小说⑥|㊝ 燃文小说② ♛♛速|燃文小说 #渊呀|🎉燃文小说⑥
mangabz.com,0,✐ Mangabz #Haxc,http://www.mangabz.com#♤Haxc,6,2,Mangabz|🔰 Mangabz
800xiaoshuo.info,0,🎉八零小说②,https://www.800xiaoshuo.info/,6,2,💊 800小说②|♜800小说② #破冰1101
44zw.net,0,🧐四四中文网💯,http://www.44zw.net/,6,2,♜四四中文网|🎉 四四中文网
1pxs.cc,0,🎉一品小说网,http://www.1pxs.cc/,6,2,🎉 一品小说网②|♜一品小说网②
xs-7.com,0,🎉小说旗②①,http://www.xs-7.com/,6,3,🎉 小说旗②|♜小说旗②|♜小说旗②
epshu.com,0,🎉 一品小说①,http://www.epshu.com,6,2,🎉一品小说①|♜一品小说①
qirexiaoshuo.cc,0,♜奇热小说③ #pb,http://www.qirexiaoshuo.cc/#♤pb,6,3,🎉 奇热小说③|📜奇热小说③|♜奇热小说③
36zw.net,0,🧐三六中文网💯,http://www.36zw.net/,6,3,♜三六中文网|🎉 三六中文网|♜三六中文网
fengyuxs.net,0,💊 风雨小说④,http://www.fengyuxs.net,6,2,🎉风雨小说④|♜风雨小说④
qirexsw.com,0,🎉 奇热小说②,http://www.qirexsw.com,6,2,📜奇热小说②|♜奇热小说②
yipinzongshi.com,0,🎉一品小说网,http://www.yipinzongshi.com/,6,2,🍺 一品小说网①|♜一品小说网① #破冰1101
dushu8.com,0,🎉读书吧小说,https://www.dushu8.com/,5,3,读书吧|♜读书吧 #破冰1101|♜读书吧 #破冰
899zw.com,0,帅逼中文,https://www.899zw.com/,6,3,📖 二二中文|九群小说|✾.Ⓐ 22中文 #未月十八1001
sgzew.com,0,👍 书馆中文,http://www.sgzew.com#一程,6,1,👍 书馆中文
qingzichan.net,0,格格党吧,http://www.qingzichan.net,8,2,青紫蝉/格格党|格格党吧
wxshuku.info,0,三九小说,http://www.wxshuku.info/,7,1,三九小说
mwcomic9.online,2,漫蛙涩吧（优）,https://mwcomic9.online/,8,1,漫蛙
m.bore.cc,0,🐶🐑言情中文🍒,https://m.bore.cc,5,1,🔓言情中文网
wap.qiuyelou.com,0,📀平板小说网,http://wap.qiuyelou.com##旅途,6,1,📀平板小说网
twbook.cc,0,石头小说,https://www.twbook.cc,7,1,石头小说
69xinshu.com,0,69书吧（梯子）,https://www.69xinshu.com/,6,1,69书吧
m.5xw.net,0,希望中文,https://m.5xw.net,8,2,💫偶然[尐哖]|希望中文
cn.baozimh.org,0,包子漫画（优）,https://cn.baozimh.org/,6,1,🌠 包子漫画漫
qiman6.com,2,奇漫屋,http://qiman6.com,6,1,奇漫屋
m.dmzj.com,2,🎨 动漫之家,https://m.dmzj.com,6,3,✐ 动漫之家₁-M #Haxc1107|✐ 动漫之家₁-M #Haxc|✐ 动漫之家 #一程1101
api.dmzj.com,2,动漫之家,https://api.dmzj.com,6,2,✐ 动漫之家₂-M #Haxc1107|✐ 动漫之家₂-M #Haxc
m.bx117.com,2,🎨 一漫漫画,http://m.bx117.com,6,2,✐ 一漫网-M #Haxc|✐ 一漫网-M #Haxc1107
api.duoduomh.1a3.net,2,多多漫画🅰,https://api.duoduomh.1a3.net,6,2,✐ 多多漫画🅰 #Haxc|✐ 多多漫画🅰 #Haxc1107
9138xs.com,0,🍊91小说,http://www.9138xs.com,8,1,🍊91小说
m.1359mh.com,2,1359漫画-M,https://m.1359mh.com,6,1,✐ 1359漫画-M #Haxc
copymanga.site,0,拷贝漫画（优）,https://www.copymanga.site/h5,6,1,🌠 拷贝漫画（海外）
m.jku.cc,0,极酷（魔法源）,https://m.jku.cc,5,1,附体(魔法源）
18comic2.top,2,🎨 爱漫画网🔞,http://18comic2.top,6,1,🎨 久久漫画网🔞
ikanmh.xyz,2,🎨全韩漫,http://www.ikanmh.xyz/,6,1,爱看漫画网🔞
永远的神.com,0,🔰 第一版主,https://永远的神.com/,8,1,🔰 第一版主
soudu.org,0,零点看书,https://www.soudu.org/,6,1,零点看书
list.api-fanqienovel.sunianyun.live,0,苏念番茄番茄小说,http://list.api-fanqienovel.sunianyun.live/,6,1,苏念番茄番茄小说
niaoyan.net,0,🎉快眼看书,https://www.niaoyan.net/,6,1,🎉快眼看书
wap.qushuba.net,0,趣书文吧,http://wap.qushuba.net/,8,1,趣书吧
wxzmh.top,2,🎨 久久漫画网🔞,https://wxzmh.top,6,1,🎨 久久漫画网🔞
sangtacviet.com,0,小说-🥝STV🍒,http://sangtacviet.com,7,1,STV
sinaappxx6.q236.cn,2,🎟️诗南漫画,http://sinaappxx6.q236.cn/post/GetInfo,6,4,🗒 羞羞漫画|🔞 羞羞漫画|🔞 咻咻漫画|🎨 羞羞漫画[优]
m.ldks8.net,0,零点看书,https://m.ldks8.net/,8,1,零点看书
m.qvdudu.net,0,🔖去读读②,https://m.qvdudu.net/,6,1,🔖去读读②
xinbiquge.com,0,♜笔趣阁⑰⑧,https://www.xinbiquge.com/#pb1101,5,3,🌸 笔趣阁⑰⑧|🍁笔趣阁⑰⑧|♜✎笔趣阁⑰⑧
api-lf.fanqiesdk.com,0,今日头条,https://api-lf.fanqiesdk.com/,6,1,♨️ 今日头条
xntk.org,0,👍 567中文,http://www.xntk.org,6,3,♜ 567中文 #一程1101|♜ 567中文 #一程|🎉567中文网#嘚嘚21.0201
9vxs.com,0,🍺 九尾小说网,http://www.9vxs.com,5,3,🎉九尾小说网|♜九尾小说网 #破冰1101|♜九尾小说网 #破冰
58xs.tw,0,🌸 五八小说,http://www.58xs.tw,5,1,🎉️58小说
reader.browser.miui,0,💫免费小说之王,http://reader.browser.miui,6,1,🎉免费小说之王#嘚嘚21.0201
m.zuimh.com,0,✐ 最漫画📱 #Haxc1107,https://m.zuimh.com/#Haxc1107,6,4,最漫画|✐ 最漫画 #Haxc1107|✐ 最漫画 #Haxc|🎨 最漫画
m.ting275.com,1,唯美听书,https://m.ting275.com/,8,3,📻 275听书|唯美听书|📻 275听书
kanshuhai.cc,0,言情小说,https://www.kanshuhai.cc/,6,2,言情小说|看书海吧
m.yqshuwang.com,0,🌸言情书网,https://m.yqshuwang.com/,6,1,言情书网
rimanzhijia.com,2,日漫之家,https://rimanzhijia.com/,6,1,日漫之家
gofeiyanqing.com,0,飞言情小说网🎗,https://www.gofeiyanqing.com/,6,1,飞言情小说网
cwjjj.com,0,cwj,https://www.cwjjj.com/,5,1,cwj
shenshuwx.com,0,神书网,http://www.shenshuwx.com/,6,1,神书网[w][自写]
ajeee.com,0,Nike影视,https://www.ajeee.com,5,1,Nike影视
dmd9.cn,0,动漫岛,http://www.dmd9.cn,5,1,动漫岛
74txt.com,0,骑士小说①,https://www.74txt.com/,6,1,❄骑士小说
k.biqulan.com,0,笔趣蓝,https://k.biqulan.com,6,1,笔趣蓝
v2.femalereader.com,0,美萌小说,https://v2.femalereader.com,8,2,美萌小说|美萌小说
novelapi.baidu.com,0,百度小说,https://novelapi.baidu.com/,7,1,百度免费小说
m.meiguixsw.com,0,⚖️ 玫瑰小说①,http://m.meiguixsw.com//,8,6,💗 玫瑰小说|⚖️ 玫瑰小说①|玫瑰小说|🥛玫瑰 |❄️  玫瑰小说 
9x.com,0,吧阅读器,https://www.9x.com,8,4,新笔趣阁|笔趣阁9x|笔趣阁小说网[9x]|笔趣9x
wandoou.info,0,🏵豌豆小说,https://www.wandoou.info/,6,1,🔥 炫书吧
goczj.com,0,笔趣阁,https://www.goczj.com,8,1,笔趣阁
yaojinfang.net,0,曜金坊,https://www.yaojinfang.net/,6,1,曜金坊
bqgx.cc,0,笔趣阁网,https://www.bqgx.cc/,6,1,笔趣阁
eexiaoshuo.co,0,🌀E小说,http://www.eexiaoshuo.co/,6,1,E小说
daxuetian.com,0,💦大雪天文学,https://www.daxuetian.com/,6,4,🌸大雪天|🌸大雪天|大雪天|大雪天#南笙21.0101
biqugeabc.com,0,噼里啪啦（优）,https://www.biqugeabc.com,7,1,📖 笔趣阁网
api.kkmh.com,2,💰快看漫画 json #Haxc1107,https://api.kkmh.com,7,2,优看漫画  |💰快看漫画 json #Haxc1107
07ek.com,0,零七小说,https://www.07ek.com/,6,1,07ek
qdtsdp.com,2,樱花动漫（优）,http://qdtsdp.com,5,1,樱花动漫（优）
list.fqapi.jilulu.cn,0,番茄[鲸落jilulu][0908],http://list.fqapi.jilulu.cn#鲸落共享穿透版,8,1,⭐番茄小说(鲸落番茄Web共享API)鲸
gxtongren.com,0,同人文学,https://www.gxtongren.com,6,1,GxTongRen
sumingxs.com,0,苏明小说,https://www.sumingxs.com,6,3,苏明小说|苏明小说网|📓苏明小说
ac.qq.com,2,🔖腾讯漫画,https://ac.qq.com,6,2,🎨 腾讯漫画 #Haxc1107|✐ 腾讯漫画 #Haxc
lianxiaoshuo.com,0,💰恋小说,http://www.lianxiaoshuo.com/,6,1,恋小说
630book.net,0,🎉恋上看书④,https://www.630book.net/,5,3,🥂  恋  上  你|🎉 恋上你看书④|♜恋上你看书④
yruan.la,0,💠 亿软小说,http://www.yruan.la,6,1,亿软小说
tw.linovelib.com,0,哔哩轻小说•台,https://tw.linovelib.com,8,1,哔哩轻小说(tw)
m.freexsw.com,0,🎉 茄子小说,https://m.freexsw.com,6,1,茄子小说
m.69shu.org,0,69书吧(修订),https://m.69shu.org,6,1,69书吧
yourenxsw.com,0,游人小说,https://www.yourenxsw.com/,5,4,🍊 游人小说|♜-游人小说网 #破冰|♜-游人小说网 #破冰|✾.Ⓑ 游人小说网 #未月十八1001
biquzw.info,0,3笔趣阁⑮（主）,https://www.biquzw.info,6,1,笔趣阁[zwla]
56kog.com,0,👌 明月中文,https://www.56kog.com/,7,2,🎉 明月中文|✨明月中文
m.dijiuben.com,0,⌨第九中文网,https://m.dijiuben.com,8,2,⌨第九中文网|第九中文网手机版
m.nnzw.net,0,👾牛牛中文,http://m.nnzw.net/,5,1,👾牛牛中文
zxbiquge.net,0,笔趣阁[zx],https://www.zxbiquge.net/,5,1,✈ 笔趣阁 zxbiquge
m.uusk.net,0,👾UU书库,http://m.uusk.net/,5,1,👾UU书库
imgasd.com,0,🔥Imgasd-最新,https://imgasd.com/,6,1,🔥Imgasd-热门
qq1986.com,0,笔趣阁qq1986,https://www.qq1986.com/search,5,2,笔趣阁⑥③|🔰 笔趣阁qq
ysts.cc,1,有声听书1,https://www.ysts.cc/,6,1,有声听书网
tu93.cc,0,兔九三网,https://www.tu93.cc/,8,1,兔九三
yuepizhan.com,0,🚀阅批站-禁漫,https://yuepizhan.com/#,6,1,🚀阅批站-小说
sewen.life,0,色文网,https://sewen.life/,6,1,色文网-短篇
b.sis.la,0,🚀 SiS文学-android,https://b.sis.la/,6,2,👔 SiS文学|🚬 sis文学网
xiaoshuozu.cc,0,🎉小说族文学,https://www.xiaoshuozu.cc/,5,2,👍 小说族|♜小说族 #破冰
wenxue5.net,0,🎉文学屋书屋,https://www.wenxue5.net/,5,3,🍺 文学屋|♜文学屋 #破冰|♜文学屋 #破冰1101
bimilou.net,0,🎉笔迷楼②①,https://www.bimilou.net/,5,3,🎉 笔迷楼②|♜-笔迷楼② #破冰1130|♜-笔迷楼② #破冰
goddess247.com,0,🔥Goddess美图分享,https://goddess247.com,8,1,🔥Goddess图库
yuzhaiwu.vip,0,👔 御宅屋,https://www.yuzhaiwu.vip/,5,1,👔 御宅屋
m.23wx.cc,0,⚡顶点小说c2,https://m.23wx.cc/,5,1,⚡顶点小说c2
aiwx.info,0, 爱小说啦,https://www.aiwx.info,5,1,爱小说啦
huangyixiaoshuo.org,0,黄易小说[hy],http://www.huangyixiaoshuo.org/,5,1,🍺 黄易小说
23dd.cc,0,顶点小说[23dd],https://www.23dd.cc/,6,1,🎉 顶点小说
book18.org,0,🎋情色小说网🎋,https://www.book18.org/,8,2,🎋情色小说网🎋|🚬 情色小说✈
m.paoshuba.com,0,泡书吧,https://m.paoshuba.com/,8,2,泡书吧|泡书吧
po18xyz.com,0,PO18全本xyz,https://www.po18xyz.com#遇安,8,2,PO18全本|🚬 PO18脸红心跳④
yikm.net,0,霸王游戏,https://www.yikm.net,8,1,霸王街机
m.qishula.com,0,新奇书网,http://m.qishula.com/,6,1,新奇书网
99shuba.com,0,🎉九九书吧①,https://www.99shuba.com/,6,4,🌸 99书吧|♜99书吧 #破冰|♜99书吧 #破冰|99书吧
txtaoye.com,3,熬夜电子书网站txtaoye,https://www.txtaoye.com/,3,1,🎉 熬夜网站
blzw.cc,0,伴侣中文网,https://www.blzw.cc,6,1,伴侣中文网
m.svimeng.com,0,随梦小说,http://m.svimeng.com,5,1,随梦小说
biqugedd.com,0,笔趣阁188,http://www.biqugedd.com/,5,1,笔趣阁[dd]
4pan.net,0,🪔️ 永恒小说,http://www.4pan.net/,8,2,🪔️ 永恒小说|📖 永恒小说
youyouxs.com,0,友友小说/,https://youyouxs.com/,8,1,友友小说
pbtxt8.com,0,🍁 平板电子书,https://www.pbtxt8.com/##@遇知,6,2,平板电子书|平板电子书
m.thxsw.com,0,官术网 ,https://m.thxsw.com/,5,1,官术网
astxt.org,0,爱书楼,http://www.astxt.org,6,1,爱书楼
wap.zjwyzyy.com,0,🍁 精品小说🔸zjwyzyy,http://wap.zjwyzyy.com/,8,1,🍁 精品小说🔸zjwyzyy
hongrenxs.com,0,🔰 红人小说,https://www.hongrenxs.com/,8,2,红人小说|红人小说网
m.520xsb.com,0,520小说,http://m.520xsb.com,6,1,✾ 520小说 #一程1101
m.fushuwang365.com,0,✐   美文网,http://m.fushuwang365.com/,6,3,🎉 美文网|✾♝美文网 #关耳|✾♝美文网 #关耳
allasiangirls.net,0,🔥All Asian Girls-图库,https://allasiangirls.net/,8,1,🔥All Asian Girls-目录化
xiuren.biz,2,XIUREN,https://xiuren.biz/,8,1,🔰 XIUREN
m.ppzuowen.com,0,皮皮文学（优）,https://m.ppzuowen.com/book/,3,1,古典文学（发现）
zxcs.info,3,📖 知轩藏书,https://www.zxcs.info,2,2,📖 知轩藏书|📚知轩藏书
bxwx6.org,0,Ⓢ 笔下文学,http://www.bxwx6.org#未月十八改,6,3,笔下文学|🍺 笔下文学(感谢3.0大佬的书源)|✨笔下文学🎉💻❇️
udm123.com,0,✐ 有漫画 #Haxc,https://www.udm123.com#♤Haxc,6,1,✐ 有漫画 #Haxc1107
dadazw8.com,0,嗒嗒中文,https://www.dadazw8.com/,6,1,嗒嗒中文网
soushu.starsjoy.com,0,免费搜书[api],http://soushu.starsjoy.com/,5,1,🎉 免费搜书
ifun.cool,0,趣集,https://ifun.cool,6,2,🍁趣集|知乎趣集
m.sm.cn,0,🔰纵横中文,https://m.sm.cn,7,3,🔰纵横中文|🔰掌阅|🍺 纵横中文-神马搜索
haoman6.com,0,🌵好漫6（haoman6）🌵,https://www.haoman6.com/,6,3,✐ 好漫6 #Haxc|✐ 好漫6 #Haxc1107|好漫6
wangshuge.la,0,望书阁②,http://www.wangshuge.la,5,1,望书阁
seobishop.com,0,零点看书,http://www.seobishop.com/,5,1,🎉 零点看书
duyuedu.net,0,深度小说（发现）,https://www.duyuedu.net/index,3,1,深度小说
biqugecom.co,0,笔趣阁[geco],http://www.biqugecom.co/,5,2,笔趣阁66|笔趣阁66
zhujic.com,0,小说城,http://zhujic.com/,5,1,小说城
buxia.info,0,无双小说,http://www.buxia.info/,6,1,📚 无双小说
dishuge.org,0,帝书阁,http://www.dishuge.org/,5,1,📚 帝书阁网
zhuiyo.com,0, 追哟文学,https://www.zhuiyo.com,8,6,🖤♛追哟文学w md #破冰| 追哟文学|追哟文学|🛸追哟文学🌱⭐💢🔇|🖤♛追哟文学w md #破冰
avqc.com.cn,0,缀舒阅读,https://www.avqc.com.cn,5,2,追书小说[qc]|追书小说
bqg34.net,0,笔趣阁164,https://www.bqg34.net/,6,3,💊 笔趣阁⑨④|♜ 笔趣阁④ #一程1101|♜ ✎笔趣阁⑨④ #破冰1101
se8.us,2,韩漫库,https://se8.us/,6,1,韩漫库
yueshu.org,0,🎉阅书小说网,https://www.yueshu.org/,6,2,Ⓐ 阅书小说|🍊 阅书小说
93xscc.com,0,逆天邪神,https://www.93xscc.com/book,8,2,逆天邪神[93x]|📖 逆天邪神
ddxs520.com,0,✨顶点⁵²⁰,http://www.ddxs520.com,8,1,✨顶点⁵²⁰
xswang.com,0,📖 笔小说网,https://www.xswang.com,6,2,📖 笔小说网|♜ ✎笔趣阁⑯② #破冰1101
m.bohecha.com,0,笔趣阁bohecha,https://m.bohecha.com,6,1,❄笔趣阁bohecha
quanxiaoshuo.net,0,💦全全小说②,http://quanxiaoshuo.net/,6,3,全小说|♜-全小说② #破冰1101|♜-全小说② #破冰
m.mozhua.app,0,魔爪小说[app],https://m.mozhua.app,6,1,魔爪小说[需登录]
m.03wxw.com,0,狮子鱼文,https://m.03wxw.com,6,1,狮子鱼
4ksw.com,0,🎴 四库书屋,http://www.4ksw.com##旅途,8,2,🎴 四库书屋|四库书屋（发现）
du11du.com,0,💯读一读小说,http://du11du.com/,6,6,⚡ 读一读|🍊 读一读|○♛¹读一读c #一程  =duyidu|✨读一读🎉💻|♜▪︎读一读 #一程1201
m.soxscc.org,0,💯搜小说文学,https://m.soxscc.org/,6,6,🧐搜小说♨️|👍 搜小说|🌸 搜小说①|●♛+搜小说org✔︎✦ md|✔︎㊝ 搜小说✦ ♛♛♛ soxscc.
69shu.xyz,0,69书xyz,https://www.69shu.xyz,6,1,六九书xyz
api.mianhuatangxs.cn,0,棉花糖,https://api.mianhuatangxs.cn,6,6,📖棉花糖①| 棉花糖|🖤♛棉花糖小说▪APP✔︎✔︎|●棉花糖小说▪APP ♝♝+|㊝棉花糖API ♝♝+
wolaido.com,0,我来读,https://www.wolaido.com/,6,1,📜我来读[abyssesml]
baozimh.org,2,包子漫画4,https://baozimh.org,6,1,包子漫画2
wapk.tvgua.com,0,⌨笔趣阁(tvgua),https://wapk.tvgua.com,8,1,⌨笔趣阁(tvgua)
m.jieshengit.com,0,强效网站（优）,https://m.jieshengit.com/,8,1,笔趣阁
htmanga9.top,2,⌨绅士漫画(htmanga9)🔞,https://www.htmanga9.top/,8,3,⌨绅士漫画(htmanga9)🔞|⌨绅士漫画(htmanga9)🔞|⌨绅士漫画(htmanga9)🔞
m.lhh360.com,0,搜书吧🍊虫虫书屋,http://m.lhh360.com/,8,1,搜书吧🍊虫虫书屋
emoshuwu.com,0,我要书单🍊虫虫书屋,https://www.emoshuwu.com,8,1,我要书单🍊虫虫书屋
m.yawen.cc,0,雅文小说,https://m.yawen.cc/,6,1,🎉 雅文小说①
jable.tv,0,🔞 Jable,https://jable.tv/,6,1,🚬 Jable.Tv.ˢˢʳ
piaotian5.net,0,🧐飘天文学①♨️,https://www.piaotian5.net/,6,2,✐   飘天文学|♛+飘天文学① md #破冰▼列表书少
m.30xiaoshuo.com,0,⭐️30小说•M,https://m.30xiaoshuo.com,6,1,🎋30小说网🎋
5xw.net,0,希望中文,https://www.5xw.net,6,1,📜希望中文[abyssesml]
mbg8.com,0,妙笔阁8,https://www.mbg8.com,6,1,🌸 妙笔阁8
m.23hh.com,0,✨爱尚小说🎉📱,https://m.23hh.com/,5,1,🎉 爱尚小说移动版
m.9kus.com,0,🎉 九库文学,https://m.9kus.com,6,1,✨九库文学🎉
aixiashu.com,0,📖 爱下书网,http://www.aixiashu.com/,6,2,爱下书吧|爱下书小说[]
manhuabaiku.com,2,漫百库,http://www.manhuabaiku.com/,7,1,漫百库
xmsw.cc,0,轩墨书屋,http://www.xmsw.cc,8,1,轩墨书屋
m.xhsxsw.com,0,西红柿小说网,https://m.xhsxsw.com/,6,1,⚡ 西红柿
shukeju.net,0,🎉书客居小说,http://www.shukeju.net/,6,2,书客居|♜书客居 #破冰1101
tushumi.org,0,图书迷文,https://www.tushumi.org,6,1,图书迷吧
m.feiszw.com,0,飞速中文m,https://m.feiszw.com,6,4,🆗飞速中文m #md|🆗♛飞速中文v2|69飞速中文网|飞速中文网
m.13xxs.com,0,13小说,https://m.13xxs.com/,6,3,🌠13小说|🔰 13小说|Ⓑ 13小说
ggdxsw.cc,0,格格党小说网,https://www.ggdxsw.cc,6,2,格格党|格格党小说网
sumanku.com,2,🗒 速漫库网,http://www.sumanku.com/,6,1,漫库
photoskycn.com,0,笔趣阁photoskycn,http://www.photoskycn.com,6,1,笔趣阁
app.365ting.com,1,安听中床,https://app.365ting.com,8,1,爱听俗语
m.biququ.info,0,笔趣趣,https://m.biququ.info,6,2,笔趣趣(修复版)|笔趣趣②
m.mu8.net,0,🍁 笔趣阁🔸mu8,http://m.mu8.net/,8,2,笔趣阁mu8|🍁 笔趣阁🔸mu8
xszj.org,0,小说之家,https://xszj.org,6,1,小说之家
m.siluke.com,0,思路客（新）,https://m.siluke.com//,6,1,思路客 - 手机版
k.369zw.info,0,狮子鱼中,https://k.369zw.info,6,1,三六九/狮子鱼
m.bqgnn.com,0,笔趣阁①🥈,https://m.bqgnn.com,8,1,笔趣阁①🥈
tftxt.com,0,md♛-听风小说 精校,http://www.tftxt.com,5,1,♛-听风小说 精校?
qiushuge.net,0,Ⓐ 求书阁,http://www.qiushuge.net,7,5,🎉求书阁小说|Ⓐ 求书阁|求书阁|✾.Ⓐ 求书阁 #未月十八1001|♝+求书阁  精校?
linglongfen.com,0,🎉玲珑小说①,http://www.linglongfen.com/,6,3,♜玲珑小说 #破冰|🍺 玲珑小说|♜玲珑小说 #破冰
duquge.com,0,🎉读趣阁小说,http://www.duquge.com/,6,4,🍺 读趣阁|♜读趣阁 #破冰1101|🎉读趣阁|♜读趣阁 #破冰
bixiaju.com,0,📜笔下文学⑩,http://www.bixiaju.com/,6,2,笔下文学|♜笔下文学⑩ #破冰
81book.com,0,八一中文②,https://www.81book.com/,6,3,🌸 八一中文③|♜八一中文⑪ #破冰1101|♜八一中文⑪ #破冰
qingkanshu.com,0,🎉请看书②①,http://www.qingkanshu.com/,5,3,🌸 请看书|♜请看书② #破冰|♜请看书② #破冰
hs313.info,0,新花生小说网,http://www.hs313.info/,6,1,⌨花生小说
m.lwtxt.net,0,🥂  新乐文网,https://m.lwtxt.net/,6,2,新乐文小说|♜新乐文小说 #破冰
m.77shuku.la,0,77读书,http://m.77shuku.la,6,1,🔰 77读书
m.qiqqi.com,0,齐齐小说网(需登录),https://m.qiqqi.com/,5,1,齐齐小说网(需登录)
01kanshu.com,0,愚猫看书,http://www.01kanshu.com,6,5,㊣ 愚猫看书 #一程|㊣ 愚猫看书 #一程1101|💰 愚猫看书|💗愚猫看书#嘚嘚21.0201|愚猫看书💯
hongxiuzhao.net,0,红袖招药,https://hongxiuzhao.net/,6,1,👔 红袖招
kfqwx.com,0,一乐阅读[自写],http://www.kfqwx.com,5,1,一乐阅读网
limkokwingchina.com,0,笔趣阁limkokwingchina,http://www.limkokwingchina.com/,6,2,笔趣阁1|笔趣阁91
http,0,笔趣阁-精,https://http://m.niliuxs.net/,6,2,锦绣文学|我的书包
wkzs.com,0,🎉悟空追书①,http://www.wkzs.com/,5,3,🍺 悟空追书|♜悟空追书 #破冰1101|♜悟空追书 #破冰
aiquwx.com,0,📖爱趣文学（优）,https://www.aiquwx.com,6,1,精品文学
m.laimanhua.net,2,🗒 来漫画网,https://m.laimanhua.net,8,2,来漫画 |🎨 来漫画 #Haxc1107
wodescw.com,0,我的书城,https://www.wodescw.com,8,1,❄我的书城
bqg.lol,0,爱看小说,http://www.bqg.lol/,6,3,👍 笔趣阁①|👍 笔趣阁②|🍁笔趣阁㉘
weiquxs.net,0,微趣小说,http://www.weiquxs.net,6,1,微趣小说
pelingresort.com,0,笔趣阁,https://www.pelingresort.com,6,1,笔趣阁pelingresort[自写]
zssq8.com,0,🎉 追书神器吧①,https://www.zssq8.com,5,2,追书神器吧|♜追书神器吧 #破冰
lewen123.net,0,🎉乐文小说⑫,https://www.lewen123.net/,5,2,♜乐文小说⑫ #破冰|乐文小说⑫
epzw.com,0,🎉一品中文①,http://www.epzw.com/,6,2,♜e品中文 #破冰|一品中文
wanshuwang.cc,0,🎉万书网文学,https://www.wanshuwang.cc/,5,3,👍万书网|♜万书网 #破冰1101|♜万书网 #破冰
qushu.org,0,🎉 趣书网,https://qushu.org,6,1,🎉 趣书小说
ark-stock.com,0,💠 爱奇小说,http://www.ark-stock.com,6,1,爱奇小说[自写]
luohuaa.com,0,🎉落花小说①,http://www.luohuaa.com/,5,3,♜落花小说 #破冰1101|🍺 落花小说|♜落花小说 #破冰
12xs.com,0,小说线路,https://www.12xs.com/,7,4,小说线路|小说线路|小说线路|12xs 线路3
m.e365xs.com,0,365小说,https://m.e365xs.com,6,1,免费小说
xxbiquge.cc,0,笔趣阁,http://www.xxbiquge.cc/,6,2,笔趣阁|♜ ✎笔趣阁⑩⑧ #破冰
syosetu.com,0,小说家吧（日文）,https://syosetu.com/,8,2,🚀 小说家|小说家[JP]
wap.quge6.com,0,🍺 笔趣阁❿❽,https://wap.quge6.com,6,2,🍁笔趣阁⑭⓪|♜ ✎笔趣阁⑭⓪ #破冰
api.easou.com,0,宜搜小说,http://api.easou.com,6,1,㊣宜搜小说 #破冰
xiubi.net,0,👍 修笔小说,https://www.xiubi.net,6,2,💦修笔小说①|♜-修笔小说 #破冰
ranwen.la,0,燃文小说◾️,https://www.ranwen.la,6,5,♛燃文小说④w #破冰▼列表书少 列表m|♛燃文小说④w #破冰▼列表书少 列表m|燃文小说|🌸燃文小说|🥈燃文小说
read8.org,0,Ⓢ 无错小说网②,https://www.read8.org,7,4,💦无错小说②|Ⓢ 无错小说网②|✾.Ⓢ 无错小说网② #未月十八1001|♜-无错小说网② #破冰
zwydw.com,0,♠ 中文阅读网,https://www.zwydw.com/,5,5,🎉 中文阅读网|Ⓒ 中文阅读|Ⓒ 中文阅读|♜-中文阅读网 #破冰1101|♜-中文阅读网 #破冰
m.yzwxs.org,0,📒御宅屋,http://m.yzwxs.org,6,1,信息网
lw77.cc,0,乐文⁷⁷,https://www.lw77.cc,6,1,小说⁷⁷
wtxsw.com,0,💦趣趣书屋①,http://www.wtxsw.com/,5,5,🌸 趣书屋①|Ⓐ 趣书屋①|✾.Ⓐ 趣书屋 #未月十八1001|♜-趣书屋① #破冰|♜-趣书屋① #破冰
3000xs.com,0,💦三千小说①,https://www.3000xs.com/,6,3,🌸 3000小说|♜-3000小说 #破冰1101|♜-3000小说 #破冰
yousheng8.com,0,💦五二小说网,https://www.yousheng8.com/,6,3,5200小说网②|♜-5200小说网② #破冰▼列表书少|♜-5200小说网② #破冰▼列表书少
06ak.com,0,机枪小说（繁体）,https://www.06ak.com,8,1,06AK-1
dushuge.com,0,💦读书阁小说,http://www.dushuge.com/,5,3,♜-读书阁② #破冰1101|读书阁②|♜-读书阁② #破冰
cangshuge.com,0,💦藏书阁小说,http://www.cangshuge.com/,5,3,藏书阁|♜-藏书阁 #破冰1101|♜-藏书阁 #破冰
81xs.cc,0,八一中文◾️,https://www.81xs.cc/,6,3,八一中文④|♜-八一中文④ #破冰▼列表书少|♜-八一中文④ #破冰▼列表书少
31xs.org,0,读书网络,http://www.31xs.org/,8,3,📖31小说网|♜-31小说网③ #破冰1101|♜-31小说网o #破冰▼列表书少
fhzw.com,0,💦烽火中文①,http://www.fhzw.com/,5,3,烽火中文|♜-烽火中文 #破冰1101|♜-烽火中文 #破冰
xiaoshuting.org,0,💯小书亭①①,http://www.xiaoshuting.org/,6,4,小说书亭|🍊 小说书亭|♜+小书亭 #破冰1101|♜+小书亭 #破冰
xiaoshuo.cc,0,💯五二小说网,http://www.xiaoshuo.cc/,6,3,🎉 5200小说网①|♜+5200小说网① #破冰|♜+5200小说网① #破冰
6yzw.com,0,🧐六月中文网💯,https://www.6yzw.com/,6,5,🎉 六月中文网|♜+六月中文网 #破冰1101|💯六月中文网|♝+六月中文网 #pb▼列表书少|六月中文网
2shu8.cc,0,💯爱书吧小说,https://www.2shu8.cc/,6,3,爱书吧网|🍺 爱书吧|♜+爱书吧 #破冰
ranwena.net,0,燃文小说（发现）,https://www.ranwena.net/,8,3,🎉 燃文小说②|♜+燃文小说② #破冰1101|♜+燃文小说② #破冰
m.paozww.com,0,泡泡中文网,https://m.paozww.com,6,1,泡泡中文
wtjcj.com,0,唔宜小说,http://www.wtjcj.com/,6,1,宜小说
zpxsw.com,0,🍁笔趣阁㉟①,https://www.zpxsw.com/,6,2,笔趣阁|♝ ✎笔趣阁㉟ #破冰
qdbxwx.com,0,起点笔下,http://www.qdbxwx.com/,8,1,💗起点笔下文学
api.kkmh.com,0,🎨快看漫画,https://api.kkmh.com#♤Haxc,6,1,🎨快看漫画
iqushuwang.com,0,有趣书网,https://www.iqushuwang.com/,8,2,💗趣书网|趣书网_RM
diyibanzhu444.com,0,🔞🔲第一版主,https://www.diyibanzhu444.com/shuku/,8,2,🔞 第一版主|444
api.ali.17k.com,0,17k,http://api.ali.17k.com/,7,3,小刀阅读# 17k小说|💵 17k免费|17k免费
bz4444.xyz,0,第一版主,http://www.bz4444.xyz/,8,1,第一版主（正文第二页规则未修复）
m.ruxueshu.com,0,儒学书屋,http://m.ruxueshu.com,6,1,📖 儒学书屋
m.55dmh.com,2,无敌漫画📱,https://m.55dmh.com,6,1,无敌漫画📱
sodu60.com,0,🔖新斋书苑,http://www.sodu60.com/,5,1,🔖新斋书苑
jiumanhua.com,2,🗂🙈就漫画,https://www.jiumanhua.com,8,1,🎨就漫画
m.ad2la.com,0,阿达小说,https://m.ad2la.com/,5,1,阿达小说
m.ibiquge.net-by dark,0,🍺 笔趣阁 ibiquge,https://m.ibiquge.net-By Dark,5,2,笔趣阁6#南笙21.0101|笔趣阁A21
cuoheng.com,0,🎉 错衡文学网,http://cuoheng.com,6,2,错衡文学网|错衡文学
biqudu.net,0,♜ ✎笔趣阁⑯⑧ #破冰1101,https://www.biqudu.net/#pb1101,6,3,⚡笔趣阁c30|✎ 笔趣阁|笔趣阁 biqudu.net
changqing51.com,0,笔趣中文,http://www.changqing51.com,8,1,笔趣中文
gaoduan.szjinruixin.com,0,📡 高端书院,http://gaoduan.szjinruixin.com/yushuge/index/index.html,6,2,高端书院|高端书院
gulongbbs.com,0,古龙武侠,https://gulongbbs.com/book/,5,1,古龙武侠网
lanrenyuhai.com,0,旧时光吧,http://www.lanrenyuhai.com/,6,7,旧时光吧|📖 旧时光网|💐 旧时光|🎈旧时光 搜索有问题|旧时光吧
wap.lanyuejiaoyu.com,0,蓝悦小说网wap,https://wap.lanyuejiaoyu.com/,1,1,蓝悦小说网wap
pr46.com,0,飘然文学,http://www.pr46.com/,8,1,飘然文学
divazx133.xyz,0,求补充正文规则-Diva在线,https://divazx133.xyz/,6,1,求补充正文规则-Diva在线
m.bookben.org,0,书本网,http://m.bookben.org/,6,1,书本网
weifengxs.com,0,📖 微风小说,https://www.weifengxs.com/,6,1,微风小说网微風小說網weifengxs.
wap.yqsba.com,0,言情书吧,https://wap.yqsba.com/,6,1,言情书吧
yedu360.com,0,夜读书屋,https://www.yedu360.com/,5,1,夜读书屋
m.xuewens.com,0,雪文网吧,https://m.xuewens.com,7,1,🎋雪文网🎋
m.fenghuaju.cc,0,风华居,http://m.fenghuaju.cc,8,4,♜ 风华居 #一程|♜风华居 #一程|风华居/书库网|风华居/书库网
175book.com,0,🎉一七五看书,https://www.175book.com/,5,3,看书破冰|🌸 175看书|♜175看书 #破冰
yipinxia.co,0,✨一品侠,https://www.yipinxia.co##尐哖,6,1,一品侠手机网
48sc.com,0,48小说网,https://www.48sc.com,6,1,🔰48SC小说网
txt97.com,0,📖 无限小说,https://www.txt97.com/,6,2,无限小说网|🌸 无限小说
66yy.net,0,榴莲影视,https://66yy.net/,7,1,榴莲影视
m.ranwen.me,0,燃文小说网,http://m.ranwen.me,5,4,📖 燃文小说|Ⓐ 燃文小说②|Ⓐ 燃文小说网②|✾.Ⓐ 燃文小说网② #未月十八1001
junhunxiaoshuo.com,0,👍 军婚小说,https://www.junhunxiaoshuo.com,5,2,📖 军婚小说|军婚小说网🔞
m.imitui.com,0,✨爱米推漫画,https://m.imitui.com/##尐哖,6,2,🎨 爱米推漫画|🎨 爱米推漫画📱 #Haxc1107
s.4billion.tv,0,🍊 值得阅读,https://s.4billion.tv,6,1,🍒 书香之家
16ting.com,1,📻 一路听书,http://16ting.com,5,1,📖 一路听书
m.mite1.com,0,米特小说,https://m.mite1.com/,8,1,米特小说
wap.778buy.com,0,🎉 燃文书库,https://wap.778buy.com,6,1,燃文书库
feiazw.com,0,飞速中文,https://www.feiazw.com/,6,1,💥 飞速中文
api.ywpxg.com,0,📖笔趣屋⑥,https://api.ywpxg.com,6,5,㊝ 笔趣屋API ♛♛♛♚|  b💯笔趣屋🅰APP💜💜💜🔎 #ag2|a💯笔趣屋🅰APP💜💜💜#渊呀🔎|🍁YW|笔趣屋APP
m.po18in.com,0,PO18脸红心跳,https://m.po18in.com/,6,1,PO18脸红心跳
147xs.org,0,水小说网,https://www.147xs.org/,8,9,数字小说（发现）|💯四七小说网|147小说网① |♜147小说|♛-147小说✘ #破冰
search.zongheng.com,0,🔖纵横排行榜,http://search.zongheng.com/,8,6,💰纵横中文网|📚 纵横中文|📃纵横🔸阅读|💵 纵横中文|💰纵横·发现
m.147xs.org,0,🥈147小说,http://m.147xs.org,6,3,147小说|🧐147小说🅰💜💜💜m#嘚嘚💯|🚩 四七小说[盾]
yiruan.la,0,亿软小说,https://www.yiruan.la/,6,1,📖 亿软小说
m.lanhaizw.com,0,💫蓝海中文网[尐哖],https://m.lanhaizw.com,8,1,💫蓝海中文网[尐哖]
biquban.com,0,新笔趣阁1,https://www.biquban.com,6,2,📖 新笔趣阁|笔趣阁[biban]
m.free-xsw.net,0,茄子小说,https://m.free-xsw.net/,6,1,📖 茄子小说
aixiaxs.info,0,爱下书网,https://www.aixiaxs.info/,6,1,🎉 爱下书网
jmcomic.mobi,0,🎨 禁漫天堂,https://jmcomic.mobi,6,1,🎨禁漫天堂(正文有问题)
api.jsword.net,0,新乐兔阅读,http://api.jsword.net/,6,1,📖 乐兔阅读
wlwx.org,0,💠 文桑小说,http://www.wlwx.org,6,3,文桑小说|文桑小说 wlwx|🍊文桑小说 #一程
jmcomic4.cc,0,禁漫天堂 18cc🔞,https://jmcomic4.cc/,6,1,禁漫天堂
myshu.cc,0,天天小书屋,http://www.myshu.cc/,5,2,🎉 天天小书屋|天天小书屋
m.1ty.net,0,途阅文学,https://m.1ty.net,8,1,途阅文学
xxhm.net,2,🎨 羞羞韩漫(登录),https://www.xxhm.net/,5,1,🎨 羞羞韩漫
xlaidudu.net,0,来读读,https://www.xlaidudu.net/,6,1,🪔️ 来读读
w.huaxi.net,0,🌸花溪小说,https://w.huaxi.net,6,1,💰花溪小说
hzxsw.com,0,猴子阅读,http://www.hzxsw.com/,6,1,🎉 猴子阅读
dongtidemi.com,2,🎨 酮体的秘密,https://dongtidemi.com,1,1,酮体的秘密🌞
wzdhm.cc,0,韩国漫画,http://wzdhm.cc,6,1,无遮挡漫画
m.85iu.com,2,🎨 85漫画网,https://m.85iu.com/,5,1,🎨 85漫画网
webtoons.com,2,WebTOONS🌐,https://www.webtoons.com,6,2,🎨 Lineweb|🎟️Lineweb
m.zhuishukan.com,0,追书看,https://m.zhuishukan.com,6,2,🪔️追书看|🎉追书看
bashuku.net,0,巴蜀库,http://www.bashuku.net/,5,1,📖 无敌小说
m.dzb8.com,0,读者吧,https://m.dzb8.com/,6,1,读者吧网
g-lens.com,2,🎟️橄榄树石,https://www.g-lens.com/,6,1,🎨 橄榄树石
m.mm1316.com,2,🎨烟蓑雨笠,https://m.mm1316.com/,6,1,🎨 烟蓑雨笠
q.yfwaji.com,0,哇叽文学,http://q.yfwaji.com,8,1,🍊哇叽
txtuu.com,0,悠悠书盟,https://www.txtuu.com/,5,1,📖 悠悠书盟
reading.snssdk.com,0,🍅 番茄小说,https://reading.snssdk.com,8,1,♛番茄完善⑥▪︎魔改app6
7huan.com,0, 奇幻小说,https://www.7huan.com,8,2, 奇幻小说|🔰奇幻小说
api.9yread.com,0,九阅阅读,https://api.9yread.com/,6,1,九阅阅读
jiezhong.cc,0,杰众文学,http://www.jiezhong.cc/,7,1,杰众文学
m.wolaido.com,0,我来读,https://m.wolaido.com/,6,1,我来读
diqishu.com,0,第七书,https://diqishu.com/,7,3,第七书|第七书|第七书
music.liuzhijin.cn-fc,1,🎼 5sing翻唱,https://music.liuzhijin.cn-fc,1,1,📖 5sing翻唱
music.liuzhijin.cn-5singfc,1,🎶 音乐-5sing翻唱,https://music.liuzhijin.cn-5singfc,1,1,📖 5sing翻唱
ting74.com,1,📻 七四听书,http://www.ting74.com/,6,2,📻 七四听书|74听书(无发现)
blog.xbookcn.net,0,中文成人🔞,https://blog.xbookcn.net##,5,2,🚬 成人|🚬 成人
yazhouseba.co,0,色情小说,https://yazhouseba.co/,8,1,🎋色情小说🎋
7yydstxt426.com,0,第一版主77(๑>؂,https://www.7yydstxt426.com,8,2,🔞🔲第一版主|🈲第一版主
lansezw.com,0,蓝色中文,https://www.lansezw.com/,7,1,📖 蓝色中文
zhanqunbao.cn,0,🎉 山药小说,http://www.zhanqunbao.cn,6,2,山药小说网[zhan]|💠 山药小说
m.zongheng.com,0,纵横中文网,https://m.zongheng.com/,7,4,  🖤㊣ 纵横m▪细分榜单4 ♜♜♜♚|💵 纵横分类|🎉 纵横中文网|纵横手机版
2itcn.com,0,126文学网,http://www.2itcn.com/,6,1,126文学网
s.zsngf.com,0,小小追书[zsngf],https://s.zsngf.com/,6,1,小小追书3
m.80wx.la,0,👍八零文学,https://m.80wx.la,5,1,八零
m.74wx.vip,0,74文学网,https://m.74wx.vip,5,1,74文学网
778buy.cc,0,燃文小说,https://www.778buy.cc/,5,1,燃文小说
15huang.com,0,书荒网,https://www.15huang.com/,6,1,🌹书荒网🌹
quickapi.biduwenxue.com,0,灵猫小说（发现）,https://quickapi.biduwenxue.com/,8,1,⚡️⚡️灵猫小说
hongxiud.com,0,红袖招,https://hongxiud.com,6,2,红袖招|红袖招网
qibookw.com,0,👍 奇书小说,http://www.qibookw.com,6,1,🎉奇书小说网
m.xhwenxue.com,0,🎉 玄幻文学,https://m.xhwenxue.com,6,2,🐑夏花晚星|🐑夏花晚星
kankezw.com,0,奇书网吧,https://www.kankezw.com,8,1,奇书小说
m.nbbookne.com,0,小说亭,https://m.nbbookne.com/,6,2,🎉 牛逼看书|㊝ txt免费全本小说m ♛♛
50xsw.com,0,🔥武林小说,http://www.50xsw.com,6,1,🎉武林小说②
m.yushubo.net,0,🎉 御书网,https://m.yushubo.net,6,1,御书网(优化）
m.kayege.info,0,🌸 卡夜阁kayege.info,https://m.kayege.info,6,1,🎉卡夜阁小说
mahuaxs.com,0,麻花小说网,http://www.mahuaxs.com/,5,1,🎉 麻花小说网
ebook.lmbooks.com,0,💵 海棠文学,https://ebook.lmbooks.com,6,1,📖海棠文学
aixdzs.com,0,爱下电子,https://www.aixdzs.com,8,2,💦爱下电子书|🍺 爱下
31xiaoshuo.org,0,31小说网31xiaoshuo.org,http://www.31xiaoshuo.org,6,1,♠ 31小说网①
supply-station.com,0,https://www.supply-station.com/,https://www.supply-station.com/,5,1,💵 Supply Station
geilwx.cc,0,给力文学,https://www.geilwx.cc,6,1,🎉给力文学②
ltxstxt.com,0,龙腾斋书ltxstxt.com,http://www.ltxstxt.com/,6,1,🎉 龙腾小说
polarsocietyofcreator.com,0,🏷️ 北极圈社,https://www.polarsocietyofcreator.com,6,1,🪐北极圈社
256zw.net,0,📡 256中文,https://www.256zw.net,6,1,🐑厄雯琉斯
bixiange.me,0,笔仙阁,http://www.bixiange.me,6,1,笔仙阁
gaofuwu.com,0,📡 关枫晚池,http://gaofuwu.com,6,2,🪐关枫晚池|🎈高腐屋
abcxs.org,0,📖 ABC小说,https://www.abcxs.org,6,3,📖 ABC小说|♜ABC小说③ #破冰1101|♜ABC小说③ #破冰
81zwx.com,0,🔰八一中文⑲,http://www.81zwx.com/,5,1,🚬 八一中文⑲
sistxt.net,0,sis小说1,https://www.sistxt.net/,6,1,sis小说1
shenyeso.com,0,🚬 海棠搜,https://www.shenyeso.com,5,1,海棠搜
beiyongzhan.me,0,⑱ 海棠书屋,https://www.beiyongzhan.me/,5,1,🚬 ⑱ 海棠书屋
goodav17.com,0,🚬 SSR正妹,http://goodav17.com,6,1,(SSR)正妹🛫
m.88gp.net,0,三八小说,https://m.88gp.net/,5,1,普·三八小说
zhuishukan.com,0,🪔️ 追书看(修复),https://www.zhuishukan.com/,8,2,🪔️ 追书看(修复)|🔰 追书看
m.dishuge.com,0,🔖帝书阁①,http://m.dishuge.com/,6,1,帝书阁
tingxiaoshuo.cc,1,📃海盗听书,https://www.tingxiaoshuo.cc/,6,2,📻 听中国②|♬ 听中国② #破冰1025
33yq.com,0,33言情①（仅发现）,https://www.33yq.com,6,1,🎊33言情①
door.tl05.com,0,📖 乐兔阅读,http://door.tl05.com,5,3,♛¹乐兔阅读▪︎API✘  #渊呀|㊝ 乐兔阅读APP ♛♛|♛乐兔阅读▪︎API✘  #渊呀
7shuwu.cc,0,🚬 琦书网,https://www.7shuwu.cc,6,1,🎉琦书屋小说
yuwangshu.com,0,🚬 欲望书,https://www.yuwangshu.com,5,1,🎋欲望书🎋
wanbenh.com,0,🚬 污书屋(目录验证码),http://www.wanbenh.com,5,1,🔞污书屋(目录验证码)
wodeshujia.net,0,🚬 我的书架,http://www.wodeshujia.net/,6,1,🚬 我的书架网
xuanqishi.com,0,逆天邪神[qi],https://www.xuanqishi.com/,5,1,⭐ 逆天邪神
zxdysj.com,0,🚬 第一版主(移动都能看，一次导入，永久可用，请看选注释),http://www.zxdysj.com,8,1,第一版主(移动都能看，一次导入，永久可用
m.fanqianxs.com,0,👍 西红柿小说,http://m.fanqianxs.com,6,2,♛西红柿小说② #一程 ▼列表书少|西红柿小说网[fqxs]
shenyeso.net,0,海棠搜书「破文」,https://www.shenyeso.net,8,1,👔 海棠搜书
01bz8888.xyz,0,🚬 第一版主①,http://www.01bz8888.xyz,8,1,第一版主①
roushuwu.me,0,🚬 肉书屋,https://www.roushuwu.me,6,1,🔥 肉书屋📖
3diyibanzhu.xyz,0,第一版主3,http://www.3diyibanzhu.xyz/,8,1,🚬 第3
bz9999.xyz,0,🚬 第一版主,http://www.bz9999.xyz,8,1,第一版主
bz6666.xyz,0,🚬 第一版主77(๑>؂<๑）,https://bz6666.xyz,8,1,第一版主77(๑>؂<๑）
bz3333.xyz,0,🪐第一版主,http://www.bz3333.xyz/,8,1,🚬 第一版主
m.baoshuu.com,0,🍺 宝书网,https://m.baoshuu.com,6,1,宝书网①
01bz9999.xyz,0,🚬 NOoneBZ,http://www.01bz9999.xyz,8,2,🎀NOoneBZ|第一版主01bz9999.xyz
fushuwang365.com,0,🚬 365富书,http://www.fushuwang365.com,6,1,🔥 美文网
diyibanzhu55.com,0,🧐第一版主online,http://www.diyibanzhu55.com/,8,1,🚬 No.1bz
7wav.com,0,🔰 7wav,https://www.7wav.com,8,1,凤舞吧网
fengliumishi.com,0,🚬 好看小说,http://www.fengliumishi.com,3,1,好看小说
s.lansheweb.com,0,值得阅读4,https://s.lansheweb.com/,5,5,值得阅读|🔰值得阅读Ⓔ.lansheweb| 值得阅读API |✾♜值得阅读▪︎API✘ #关耳|值得阅读 #渊呀
sehuatang.org,0,🚬 98堂(仅发现无长篇连载),https://sehuatang.org,1,1,98堂(仅发现无长篇连载)
388xs.com,0,🎉三八八小说,https://www.388xs.com/,5,1,🍺 388小说
wap.wenxinge.org,0,🔞 文心阁 ,https://wap.wenxinge.org,5,1,文心阁
henhaoso.org,0,🔖海棠搜书,https://www.henhaoso.org,6,1,⑱ 海棠搜书
91yy.info,0,🚬 御宅屋,https://91yy.info/,8,2,🚬 御宅屋|🚬 唐画南坊
m.7shuwu.cc,0,🚬 海棠小说网,https://m.7shuwu.cc/hot/haitangxiaoshuowang,5,1,🚬 海棠小说网
m.30sy.cc,0,🥉30书院,https://m.30sy.cc,6,1,30
read.luoxx.top,0,阅读网,https://read.luoxx.top,5,1,落阅读网
50maopp.com,0,🔰 猫咪AV,https://50maopp.com,1,1,猫咪AV
m.1biqug.com,0,🔖笔趣阁b18,https://m.1biqug.com,5,1,笔趣阁1-1
m.xunsilu.com,0,🍹 新丝路小说,https://m.xunsilu.com/啊,6,2,新丝路|新丝路文学网
70ts.cc,1,📻 麒麟听书,https://www.70ts.cc,6,1,🐳麒麟听书
app.xiaoshuoapp.cn,0,笔趣阁❶,http://app.xiaoshuoapp.cn/,6,1,🔖笔趣阁b14
app.yqzw5.net,0,第九中文,https://app.yqzw5.net/,6,2,🎫云阙藏晚|🔆第九中文APP🌱
m.qiuyuge.com,0,🎉 秋雨阁手机版,http://m.qiuyuge.com,5,1,秋雨阁手机版
cnnovel.xyz,1,📻 华语中文,https://www.cnnovel.xyz,2,1,📻 华语中文
qiuyuge.com,0,秋雨阁,http://www.qiuyuge.com/,5,1,🌸 秋语阁
fushouse.com,0,📚 名著大全,http://www.fushouse.com,6,1,【⚚⋆名著大全】
tianlaixsw.com,0,天籁小说网（看源注释）,https://www.tianlaixsw.com/,6,4,💎 🎈天籁小说|⚡️⚡️一起看读书|🔰一起看小说|Ⓐ 天籁小说②
m.tianlaixsw.com,0,🌸 天籁小说网,https://m.tianlaixsw.com,6,1,天籁小说网
sobooks.cc,0,📚 SoBook,https://sobooks.cc,6,1,💬SoBook
m.xbbshuwu.com,0,BB书屋,https://m.xbbshuwu.com/,5,1,BB书屋
m.shuhaiju.com,0,🍊 书荒居,https://m.shuhaiju.com,6,1,书荒居
biqugeapp.com,0,🧿 笔趣阁API,https://www.biqugeapp.com,6,6,笔趣阁A26|笔趣阁A22|笔趣阁▪︎API-3|⚡️⚡️笔趣阁pp|♛-笔趣阁▪︎API-3✘ #pb so
fyq123.org,0,🐑风月浅酒,https://www.fyq123.org/,6,1,🍊 风月浅酒
ijjxs.com,0,久久小说,https://www.ijjxs.com/,6,1,🍊 久久小说
kuaiapi.jiaston.com,0,JIASTON[修],https://kuaiapi.jiaston.com,8,5,笔趣阁A24|JIASTON[修]|笔趣阁A24|📃嘉善潼南|🔱笔趣阁Ⓐ.评分
nantunwang.com,0,🍊 南屯小说网,https://www.nantunwang.com,6,1,🎉南屯小说网
m.81zw.org,0,📖 八一中文,https://m.81zw.org/,5,1,🔰 八一中文
9txs.org,0,九桃小说①,https://www.9txs.org/,6,9,🎉 九桃小说|九桃小说|Ⓢ 九桃小说|🖤㊝ 九桃小说 ♛♛♛♚|  🖤㊝ 九桃小说▪︎CSS ♛♛♛♚✘
biquge98.net,0,👍笔趣阁⑥⑨,https://www.biquge98.net/,5,1,🌸 笔趣阁⑥⑨
xiaoshuo688.com,0,🌸 笔趣阁中文小说[xiaoshuo688],https://www.xiaoshuo688.com,6,1,笔趣阁中文小说[xiaoshuo688]
m.aishu5.com,0,🌸 笔趣阁(看注释),http://m.aishu5.com,6,1,笔趣阁(看注释)
m.oue8.com,0, 偶遇小说,https://m.oue8.com,6,1,https://m.oue8.com/
app.yn21.cn,1,海盗听书,http://app.yn21.cn/,6,1,📻 海盗听书
wap.biququ.com,0,求大佬把这个网址笔趣趣https://wap.biququ.com/做成书源 万分感谢,https://wap.biququ.com/,5,1,🌸 笔趣趣
m.xbiquge.so,0,笔趣阁,https://m.xbiquge.so/,5,1,🌸 笔趣阁xbiquge.so
qjzfcgw.com,0,小说天下,http://www.qjzfcgw.com,6,2,♛ 小说天下 #一程|🎉一三小说网
gq101.com,0,🔖101小说网,https://www.gq101.com/,6,1,🌸 101小说网
m.ikshu8.com,0,爱看书吧,https://m.ikshu8.com,6,2,🔆爱看书吧|👍 爱看书吧
biqugexx.com,0,笔趣阁⑨,https://www.biqugexx.com/,6,1,🎊 笔趣阁⑮
20xs.cc,0,顶点小说[20xscc],https://www.20xs.cc/,6,1,🎉 顶点小说⑪
lengmen168.com,0,🌸 冷门书屋,https://www.lengmen168.com,6,1,【⚚⋆冷门书屋】
biqugetv.com,0,🍁笔趣阁④①,https://www.biqugetv.com/,6,4,一般般|Ⓢ 笔趣阁⑮|Ⓐ 笔趣阁⑮|笔趣阁移动版③
xbiqugexx.com,0,笔趣阁⑫,https://www.xbiqugexx.com/,6,1,笔趣阁⑫
3g.sbkk8.com,0,📚3g天涯知识库 源仓库静白校验搬运删掉,http://3g.sbkk8.com#,6,1,📚3g天涯知识库[仅发现]
m.rsilu.com,0,丝路小说网,http://m.rsilu.com,6,2,🔆丝路小说🌱⭐💢|丝路小说网
shuhui9.com,0,⚡️书汇小说网,https://www.shuhui9.com,5,1,书汇小说网
vipzhuishu.com,0,追书网,http://www.vipzhuishu.com/,6,1,🌸 追书网
s.mandt.com.cn,0,🌸 笔趣阁极速,https://s.mandt.com.cn,6,1,极速笔趣
shenma.cread.com,0,中文书城（发现）,http://shenma.cread.com/,8,4,中文书城#1|♜-中文书城① #破冰1101|♜-中文书城① #破冰|中文书城
m.caimoge.net,0,🌸 采墨阁①,https://m.caimoge.net,6,1,采墨阁网
app-inter-v2-bookstore.cread.com,0,中文书城#2,http://app-inter-v2-bookstore.cread.com,5,1,中文书城
jhmsg.cn,0,📚 菁华茗书,https://www.jhmsg.cn,6,2,🪔️菁华茗书阁|📚菁华茗书阁
m.xingread.cn,0,醒读,https://m.xingread.cn/,6,1,📡 醒读
doucehua.com,0,妙书斋,https://www.doucehua.com/,6,1,🌸 妙书斋
tuishujun.com,0,📄 推书君▪书评▪标签A💙➖➖➖,https://www.tuishujun.com/,8,17,♡推书君☆看书评【阅读需换源】|📄 推书君▪书评▪标签A💙➖➖➖|📄 推书君▪书评▪标签E💙➖➖➖|📄 推书君▪书评▪标签D💙➖➖➖|📄 推书君▪书评▪标签B💙➖➖➖
zwwx.org,0,🌸 中网文学,https://www.zwwx.org,6,1,中网文学
xbiquge.org,0,笔趣阁⑥,https://www.xbiquge.org/,6,1,🌸 笔趣阁⑱
bqg789.net,0,笔趣阁,https://www.bqg789.net/,8,1,🌸 笔趣阁㉑
360xs.com,0,🎉 360小说 ,https://www.360xs.com,6,3,知乎🔸阅读|知乎🔸榜单【仅发现】|❀知乎▪榜单
51bequge.com,0,🍁笔趣阁㉒①,https://www.51bequge.com/,6,1,🌸 笔趣阁②
6zw.net,0,💦二二中文网,https://www.6zw.net/,5,1,二二中文
bbs.tianya.cn,0,🎉 天涯社区,https://bbs.tianya.cn,6,1,天涯社区
biqugexsw.info,0,🌸 笔趣阁⑧①,http://www.biqugexsw.info,5,1,🍁笔趣阁⑧①
xbiquke.net,0,🌸 笔趣阁⑩⑤,http://www.xbiquke.net,6,1,🍁笔趣阁⑩⑤
aishu5.com,0,笔趣阁⑫③,http://www.aishu5.com/,5,3,✎ 笔趣阁18|♝✎笔趣阁⑫③ #pb|♝✎笔趣阁⑫③ #pb
bqg12.com,0,🌸 笔趣阁⑬⑤,http://www.bqg12.com,5,1,🍁笔趣阁⑬⑤
msxf.org,0,㊕✾ 陌上香坊  #一程,https://www.msxf.org#♤yc,3,2,✾陌上香坊  #一程|🚬 陌上香坊
yshuge.org,0,♝ 阅书阁 #一程,https://www.yshuge.org#♤yc,3,2,♞阅书阁 #一程|🔰 阅书阁
bqg44.com,0,✎ 笔趣阁,https://www.bqg44.com,5,3,♜笔趣阁⑱⓪|♜✎笔趣阁⑱⓪|🍁笔趣阁⑱⓪
630kan.com,0,爱看书网,https://www.630kan.com/,7,1,🌸 630看书网
999shuba.com,0,📃999书吧,http://www.999shuba.com,6,1,999书吧
818812.com,0,🎉八一八小说,https://www.818812.com/,5,1,🌸 818小说
m.soxs.cc,0,💯搜小说小说,https://m.soxs.cc/,6,3,搜小说|♜+搜小说② #破冰1101|🚀搜小说
aizijc.com,0,🎉爱书阁小说,http://www.aizijc.com/,5,1,🌸 爱书阁
23hh.com,0,🍺 爱尚小说①,https://www.23hh.com,6,1,💦爱尚小说①
bsl800.cc,0,🎉百书楼小说,https://www.bsl800.cc/,5,1,🌸 百书楼
baoshu88.com,0,🌸 宝书网2,https://www.baoshu88.com,6,1,宝书网2
wwwrar.com,0,✎ 笔趣阁16,https://www.wwwrar.com/,5,1,✎ 笔趣阁
pyxs.com,0,🌟 飘雨小说,https://www.pyxs.com,6,1,🎉飘雨小说
aishangba.org,0,笔趣阁㉔,https://www.aishangba.org/,5,1,🌸 笔趣阁㉔
caku.cc,0,🎉查书库小说,https://www.caku.cc/,5,1,🌸 查书库
ganqing5.com,0,🌸 感情文学,https://www.ganqing5.com,5,1,🎉感情文学网
glwx.net,0,🌸 给力文学④,http://www.glwx.net,6,2,🎉给力文学④|♜给力文学④
app.hbooker.com,0,🎈 欢乐书客,https://app.hbooker.com,6,1,🗨️欢乐书客
51kanshu.cc,0,🎉看书网小说,https://www.51kanshu.cc/,5,1,📖 看书网站
kuaiyanx.com,0,🌸 快眼看书③,https://www.kuaiyanx.com,5,1,🎉快眼看书③
yunshanqiandie.com,0,🎉云山千叠①,https://www.yunshanqiandie.com/,6,2,云山千叠|🎉 云山千叠
mayiread.com,0,🌸 蚂蚁阅读②,https://www.mayiread.com,5,1,🎉蚂蚁阅读②
shumilou.tw,0,书迷楼,http://www.shumilou.tw/,6,1,🌸 书迷楼④
miaojieshuo.com,0,📡 庙街小说,https://www.miaojieshuo.com,6,1,🔰庙街小说
xs123.org,0,🎉小说13①①,https://www.xs123.org/,5,1,🌸 小说123
xstxs.com,0,棉花糖,https://www.xstxs.com#,6,1,棉花糖 #啾星的小啾啾
xiaoshuoshu.org,0,🎉小说书网①,https://www.xiaoshuoshu.org/,5,1,🔖小说书网
sou.jiaston.com,0,笔趣阁A27,https://sou.jiaston.com/,8,9,笔趣阁b17|笔趣阁API-2|♛ 笔趣阁 API-2 #渊呀1107|○♛-笔趣阁▪︎API-2|笔趣阁 API-2
m.txtqb2021.com,0,🌸 txt全本小说,https://m.txtqb2021.com,6,1,txt全本小说
bxwx520.cc,0,🌸 笔下文学⑤,https://www.bxwx520.cc,6,1,🎉笔下文学⑤
xingshubao.cc,0,新书包网,https://www.xingshubao.cc/,6,1,🌸 新书包网①
myshu.org,0,🎉 天天小书屋,https://www.myshu.org,5,2,♜-天天小书屋 #破冰|💯天天小书屋
211.151.212.88,0,⭐塔读文学,http://211.151.212.88:80,6,3,👍 567中文网|塔读文学|🍁塔读小说
m.lygyoule.com,0,落叶小说,https://m.lygyoule.com/,6,1,🌸 落叶小说网
imiaobige.com,0,💯妙笔阁①①,https://www.imiaobige.com/,6,15,☆妙笔阁|🎉 妙笔阁|🐣妙笔书阁|👍 妙笔阁|🥛妙笔阁 
lygyoule.com,0,必应搜索,https://www.lygyoule.com/,6,1,🌸 落叶小说网
api.kyxsapp.com,0,开阅小说,http://api.kyxsapp.com,6,1,🎉开阅▪︎API💜💜💜🔎
dstiejuan.com,0,💦丹书铁券①,https://www.dstiejuan.com/,6,7,🐣丹书铁卷|📜 丹书铁券𖤓|丹书铁卷 ✘|bak🐼 丹书铁卷 ♛♛✘b|♻️丹书铁卷🌱⭐
slkxs8.com,0,🔰思路客⑳,http://www.slkxs8.com/,5,1,🎉 思路客⑳
0ds8.com,0,🎉 零点书吧,http://www.0ds8.com,5,1,🔰零点书吧
xbookben.com,0,💯新书本网①,https://www.xbookben.com/,6,1,🌸 新书本网
m.shengxu5w.com,0,📖 笔趣阁网,https://m.shengxu5w.com/,5,1,🎉 笔趣阁5w
xiashukan.com,0,爱下书看,http://www.xiashukan.com,8,3,下书看②|下书看|下书看 #未月十八1001
m.biqdd.com,0,☘️笔趣阁3☘️,http://m.biqdd.com#响海,6,1,☘️笔趣阁3☘️
shouda88.com,0,手打吧,https://www.shouda88.com/,6,2,✐   手打小说|手打吧
quanxiaoshuo.com,0,5200小说网[quanxiaoshuo],https://quanxiaoshuo.com/,5,1,🎉 5200小说网[quanxiaosh
heidaoxs.com,0,📖 黑道小说,http://www.heidaoxs.com,6,1,黑道小说
api.whcon.net,0,阅民小说,https://api.whcon.net,8,2,阅民▪︎API|阅民小说
69xiaoshuo.com,0,🎉 69小说,http://www.69xiaoshuo.com,6,1,🔰69小说
ibiqunai.com,0,笔趣阁⑭⑥,http://www.ibiqunai.com,6,1,🍁笔趣阁⑭⑥
wap.dawen.org,0,🎉 达文小说网,http://wap.dawen.org,5,1,☘️达文小说网☘️
lgaa.net,0,零点中文[lgaa],http://www.lgaa.net/,5,1,🎉 零点中文[lgaa]
ghxsw.com,0,🍁笔趣阁㊲①,http://www.ghxsw.com/,6,1,笔趣阁㊲
bqgshu.com,0,🍁笔趣阁⑧①,https://www.bqgshu.com/,6,1,笔趣阁⑧
7778877.net,0,第一版主,http://7778877.net/,8,1,🎉 第一版主
bqg999.cc,0,🍁笔趣阁㊸,https://www.bqg999.cc/,6,1,🔰 笔趣阁bqg999
eryueju.com,0,🎉 二月居,http://www.eryueju.com,6,1,二月居
uubqg.cc,0,笔趣阁⑭④,https://www.uubqg.cc,6,1,🍁笔趣阁⑭④
luoqiuxs.com,0,👍 落秋②,http://www.luoqiuxs.com#grid tr!0,5,3,落秋|👍 落秋②|🔰落秋小说网
bqg99.org,0,☘️笔趣阁2☘️,https://www.bqg99.org#响海,6,2,🍁笔趣阁⑩⑤|笔趣阁⑩⑤
api.lewenapp.com,0,乐文阁,https://api.lewenapp.com/,6,1,🎉 乐文阁
q1xs.com,0,🍁笔趣阁⑧③,http://www.q1xs.com/,6,1,🌸 笔趣阁⑧③
17biquge.com,0,🍁笔趣阁㊽①,http://www.17biquge.com/,5,1,🎉 笔趣阁㊽
biqiudu.com,0,🍁笔趣阁⑦③,https://www.biqiudu.com/,6,1,笔趣阁⑦③
www2.youtuzige.com,0,笔趣阁9,https://www2.youtuzige.com/,6,3,🎉 笔趣阁⑫①|♝✎笔趣阁⑫① #pb|♝✎笔趣阁⑫① #pb
890h.com,0,笔趣阁,https://www.890h.com,7,1,笔趣阁⑮①
biqupa.com,0,🍁笔趣阁㉔①,https://www.biqupa.com/,6,1,笔趣阁㉔
biqu123.com,0,🔀笔趣阁源🔀,http://www.biqu123.com/,5,1,🎉 笔趣阁⑱⑧
xxxbiquge.com,0,🍁笔趣阁⑬①,https://www.xxxbiquge.com/,6,3,笔趣阁|♜ ✎笔趣阁⑬ #破冰|♜ ✎笔趣阁⑬ #破冰1101
biquge868.com,0,🎉 笔趣阁⑱⑨,http://www.biquge868.com,5,1,🍁笔趣阁⑱⑨
abamh.com,2,🎨阿吧漫画💞,https://www.abamh.com,6,1,🎨阿吧漫画
bqgwu.com,0,笔趣阁,http://www.bqgwu.com,8,4,🍁笔趣阁⑨①|笔趣阁87|♜✎笔趣阁⑨ |♜✎笔趣阁⑨ 
mabook.cn,0,🍁笔趣阁⑥①,http://www.mabook.cn/,6,1,笔趣阁⑥
m.chacangcn.com,0,🎉 茶仓中文,http://m.chacangcn.com,6,1,茶仓中文
cbxsw.com,0,🐶翅膀小说网🍒,http://www.cbxsw.com/,5,1,🎉 翅膀小说网
m.qklady.com,0,🎉 顶点小说,http://m.qklady.com,6,1,顶点小说
30wxw.com,0,🎉 而立文学网,http://www.30wxw.com,5,1,🎉而立文学网
fmwxw.com,0,🎉蜂蜜文学网,http://www.fmwxw.com/,5,3,🎉 蜂蜜文学网|♜蜂蜜文学网|♜蜂蜜文学网
kgwxw.com,0,苦瓜文学网,http://www.kgwxw.com/,5,3,♜苦瓜文学网|🎉 苦瓜文学网|♜苦瓜文学网
m.wogoupi.xyz,0,🎉 来也小说,https://m.wogoupi.xyz,5,1,来也小说
m.qb5.tw,0,🔖全本小说②,https://m.qb5.tw,6,1,🎋全本小说网🎋
m.qb5200.co,0,☘️全本1☘️,https://m.qb5200.co/,7,2,全本小说①|☘️全本1☘️
m.pinshu.cc,0,☘️品书网☘️,https://m.pinshu.cc#响海,5,1,🎉 品书网
m.biquyue.com,0,✨笔趣阁🎉📱,https://m.biquyue.com/,6,1,笔趣阁⑤
73xsw.com,0,🎉 七三小说网,http://www.73xsw.com,5,3,🎉七三小说网|♜-七三小说网 pb|♜-七三小说网 pb
santaiwx.com,0,🎉三台文学①,https://www.santaiwx.com/,5,1,🎉 三台文学
tangsanshu.com,0,🎉 唐三中文网,http://www.tangsanshu.com,5,1,🎉唐三中文网
800xs.cc,0,💊 800小说①,https://www.800xs.cc,6,1,🎉八零小说①
seying.cc,0,🎉 无影小说网,https://www.seying.cc,6,1,无影小说网
tingfree.com,0,免费听书,http://www.tingfree.com,6,1,免费聽书
50xs.cc,0,🧐武林小说,http://www.50xs.cc/,6,1,🎉 武林小说①
mbidu.com,0,妙笔读文,http://www.mbidu.com,6,2,📖 妙笔读网|妙笔读
m.xxbqg5200.com,0,☘️新笔趣阁☘️,https://m.xxbqg5200.com#响海,5,2,新笔趣阁|🎉 新笔趣阁
ytwxw.com,0,🎉 樱桃文学网,http://www.ytwxw.com,5,3,♜樱桃文学网|🎉樱桃文学网|♜樱桃文学网
ucxiaoshuo.cc,0,🎉uc小说网①,http://www.ucxiaoshuo.cc/,5,1,🎉 uc小说网
m.qinqinxiaoshuo.com,0,亲亲小说网,https://m.qinqinxiaoshuo.com/,6,1,亲亲小说网
xiaoshuo.sm.cn,0,"🎉神马小说api▼多源接口,自动换源 ",https://xiaoshuo.sm.cn,8,1,"🎉神马小说api▼多源接口,自动换源 "
bxwxorg.com,0,笔下文学①,https://www.bxwxorg.com/,6,7,🌸 笔下文学|㊝ 笔下文学m✦ ♛♛♛|笔下文学|★★★★★『笔下文学²』|Ⓐ 笔下文学③
yqxs.cc,0,👍言情小说,https://www.yqxs.cc/,5,2,言情小说网|言情小说
m.baolaixsw.org,0,🎉 宝来小说,https://m.baolaixsw.org,5,2,🎉宝来小说|♜宝来小说 #关耳 起舞？
16wxw.com,0,🎉一六文学网,http://www.16wxw.com/,5,3,🎉 一六文学网|♜一六文学网|♜一六文学网
m.xpiaotian.com,0,飘天文学,https://m.xpiaotian.com,6,1,飘天文学◾️
ruochuwx.com,0,若初(test--搜索搞不定),https://www.ruochuwx.com/,6,2,🎉 若初(test)|若初(test)
2kxs.la,0,2K小说,http://www.2kxs.la/,6,1,💊 2K小说
xddxs.co,0,新顶点小说,https://www.xddxs.co/,6,1,💊 新顶点小说
77nt.net,0,👍千千小说⑫,http://www.77nt.net/,6,1,千千小说-12
7788xsw.com,0,💯看看小说①,http://www.7788xsw.com/,5,1,💊 看看小说
cngdwx.com,0,古典文学网,http://www.cngdwx.com,6,2,📖古典文学|📚 古典
yushubo.cc,0,御书网,https://www.yushubo.cc/,6,1,💊 御书网
book.sogou.com,0,搜狗阅读💯,https://book.sogou.com,6,1,💵 搜狗阅读
biququ.com,0,笔趣趣,https://www.biququ.com/,5,3,🔰 笔趣趣|🔰 笔趣趣|笔趣趣
mianhuatangxiaoshuo.com,0,📖 棉花糖网,https://www.mianhuatangxiaoshuo.com/,6,1,💊 棉花糖小说
uutxt.com,0,📃悠悠书盟,https://www.uutxt.com,6,1,🔥 优优书盟
m.tiyuyongpinwang.com,0,💊 搜书吧,http://m.tiyuyongpinwang.com,6,1,搜书吧
onlinereadfreebooks.com,0,💊 onlinereadfreebooks(ENG)(英文),https://www.onlinereadfreebooks.com/en,6,1,onlinereadfreebooks(
huayu.zongheng.com,0,💊 花语女生网,http://huayu.zongheng.com,6,1,花语女生网
75zworg.com,0,💊 起舞中文②,https://www.75zworg.com,6,1,🔰起舞中文②
81zw.net,0,🧐八一中文②♨️,https://www.81zw.net/,6,2,💊 八一中文网⑤|♜+八一中文② #破冰1101
baolaixsw.org,0,💊 宝来小说,https://www.baolaixsw.org,6,1,🔰宝来小说
zhuiwenxsw.com,0,💊 追文小说,https://www.zhuiwenxsw.com,6,1,🔰追文小说
laidudu.com,0,🔰 来读读破,https://www.laidudu.com/,8,5,来读读破|♜-来读读 #破冰1101|来读读|来读读|来  读  读
zhuishu.la,0,⚡ 追书网,http://www.zhuishu.la,7,3,💦追书网小说|追书|♜-追书网③ #破冰1101
jlxsw.com,0,💦请看书①①,https://www.jlxsw.com/,6,1,♠ 请看书
nlxs.org,0,📜 纳兰小说,https://www.nlxs.org/,6,1,💊 纳兰小说
miaoshuzhai.com,0,妙书斋,https://www.miaoshuzhai.com,5,1,🎉妙书斋
x7kzw.com,0,🎉奇快中文②,http://www.x7kzw.com/,6,1,💊 奇快中文②
m.wbxsw.com,0,58小说,http://m.wbxsw.com/,6,1,💊 58小说
biqugeso.org,0,笔趣阁SO,https://www.biqugeso.org/,6,1,新笔趣阁xbiqugeo.org(天天)
bookshuku.com,0,🍺 TXT图书,"https://www.bookshuku.com
",5,2,txt下载|🍺 TXT图书
xinqing100.net,0,🎉 心情小说,https://www.xinqing100.net,5,1,🐶♠ 心情小说🍒
71du.com,0,💦七一小说网,https://www.71du.com/,6,3,71读小说|♜-71读小说网 #破冰|♜-71读小说网 #破冰1101
mcmssc.com,0,♜ ✎笔趣阁⑧④,https://www.mcmssc.com/,8,5,笔趣阁⑦|📃笔趣阁⑧④|♜ ✎笔趣阁⑧④ #破冰|♜ ✎笔趣阁⑧④ #破冰1101| 笔趣阁mcmssc
23wx.cc,0,顶点小说,https://www.23wx.cc,8,4,🎉顶点小说㉛|顶点小说|♜顶点小说㉛ #破冰|顶点小说5#南笙21.0101
50zw.cc,0,💊 武林中文⑤,http://www.50zw.cc,6,1,💦武林中文②
fqxsw.org,0,番茄玄幻,https://www.fqxsw.org,8,4,💯番茄小说①|番茄小说|♜番茄小说① fqxsw #破冰|番茄小说fqxswceshi
m.qqxs.la,0,🔖千千小说③,https://m.qqxs.la,5,2,🎉千千小说#嘚嘚21.0201|千千小说.qqxs#玄奇21.0202
meituhe.com,0,笔趣阁,http://www.meituhe.com,6,2,笔趣阁|🔰 笔趣美图
qqxsw.co,0,♠ 千千小说⑥,https://www.qqxsw.co/,6,1,千千小说⑪
shuhuangge.org,0,💦书荒阁小说,https://www.shuhuangge.org/,5,2,书荒阁|书荒阁
m.9taoxs.com,0,☘️九桃小说网☘️,http://m.9taoxs.com,7,3,☘️九桃小说网☘️|🔰 九桃小说网|🔰 九桃小说网
yushuge.com,0,🎉御书阁③①,https://www.yushuge.com/,6,3,👍 御书阁|御书阁|👍 御书阁
01bzvip3.cc,0,👍第一版主,http://www.01bzvip3.cc,8,1,第一版主，这个好用
mbtxt.la,0,妙笔文学,https://www.mbtxt.la/,5,1,妙笔文学网
5200.tv,0,5200小说,https://www.5200.tv,6,2,💦二零小说网|♜5200小说网③w #破冰
166xs.cc,0,💯一六小说②,https://www.166xs.cc/,6,6,♜+166小说② #破冰|♜+166小说② #破冰|Ⓐ 166小说|Ⓐ 166小说|🐶Ⓐ 166小说🍒
xbookcn.net,0,中文,https://www.xbookcn.net,3,1,🎋中文成人文学网🎋
bimilou.com,0,💦笔迷楼小说,https://www.bimilou.com/,6,1,笔迷楼
silukeke.com,0,📜思路客⑤,https://www.silukeke.com/,6,2,思路客⑤|思路客
lurenshuwx.com,0,🎈路人书,https://www.lurenshuwx.com,5,1,路人书
dghsym.com,0,新笔趣阁,https://www.dghsym.com/,5,1,✎ 笔趣阁
18xsorg.com,0,💦一八小说①,https://www.18xsorg.com/,6,2,♜-18小说① #破冰1101|18小说①
m.77z5.com,0,↔️博仕书屋,https://m.77z5.com,6,2,博仕书屋|77网
m.92k.tw,0,🌸 92K小说,https://m.92k.tw/,6,1,🔰 92k小说
23shu8.com,0,🍺 爱尚书吧,https://23shu8.com,6,2,爱尚书吧|💦二三书吧①
5usk.com,0,💦无忧书库①,https://www.5usk.com/,6,1,无忧书库
maa1807.com,0,18av小说网,https://maa1807.com/,8,3,18av小说网|18av写真网|18av漫画网
m.18xsorg.com,0,18小说,https://m.18xsorg.com,6,1,🔆18小说网
7017k.com,0,🎉七七小说网,https://www.7017k.com/,5,1,🍺 7017k小说网
xddxs.cc,0,💯新顶点小说,https://www.xddxs.cc/,6,1,顶点小说⑯
lwxs99.com,0,🎉格格党①①,https://www.lwxs99.com/,5,1,格格党①
17kxsw.com,0,🎉17小说网①,https://www.17kxsw.com/,5,3,🍊17k小说网 #破冰1101|🍊17k小说网 #破冰|🍊17k小说网
qiquxiaoshuo.com,0,🎉奇趣小说①,https://www.qiquxiaoshuo.com/,5,1,奇趣小说
qushuwu.com,0,🎉趣书屋②①,https://www.qushuwu.com/,5,2,趣书屋②|🏀 趣书屋
lwxs9.org,0,乐文小说⑨,https://www.lwxs9.org,6,1,🎉乐文小说⑨
ibiquku.la,0,笔趣阁④,https://www.ibiquku.la/,6,2,笔书网[ibi]|笔书网[ibi]
qianyixs.com,0,🎉千一小说①,http://www.qianyixs.com/,6,1,千一小说
lewen3.com,0,乐文小说⑭,http://www.lewen3.com,6,1,🎉乐文小说⑭
138txt.net,0,一三阅读网,https://www.138txt.net/,6,3,🔖138阅读网|♜138阅读网 河蟹少|⚡️138阅读网
liewen.la,0,💯猎文网小说,https://www.liewen.la/,6,2,猎文网|🧾猎文网
m.xyuzhaiwu.xyz,0,🔰 新御宅屋,https://m.xyuzhaiwu.xyz,8,1,👔 新御宅屋
dubu123.com,0,独步小说,https://www.dubu123.com,7,4,独步小说|独步小说|毒部小说|独步小说
cn3k5.com,0,三千五中文网,https://www.cn3k5.com,6,4,🎉 三千五中文网|三千五_By未月十八repair|❄️ 三千五#onede|三千五℡备用
530p.com,0,💯中文网①①,http://www.530p.com/,6,6,无弹窗|🎉无弹窗小说🅰💜💜💜530p.com #|📚 3Z中文网|无弹窗|Ⓒ 3Z中文
dadaxs.net,0,无弹窗,http://www.dadaxs.net/,5,1,无弹窗网
shencou.com,0,神凑轻说（发现）,http://www.shencou.com,8,5,📚 神凑文库|🦢神凑|●⚐ 神凑轻小说▪日轻▪无图 ♛♛♛♚|🐳神凑🏅|💨 神凑
gxhjcn.com,0,⭐孤星小说,http://www.gxhjcn.com,6,1,孤星小说
go5.cc,0, 🥛go5 ,http://www.go5.cc,6,1,🍁笔趣阁⑭⑨
800edu.net,0,🥛有声屋 ,https://www.800edu.net,5,1,🎉有声屋
yanqing888.org,0,🥛言情888① ,https://www.yanqing888.org/,7,3,🥛言情888① |🎉 言情小说|✐  言情888
xyshushe.com,0,📖 轩辕书社,https://www.xyshushe.com,5,1,🔖轩辕书社
bookben8.com,0,💯书本网①①,http://www.bookben8.com/,6,1,🥛书本网 
m.mesdoor.com,0,中间门小说,https://m.mesdoor.com/,6,1,中间门小说
xs.23sk.com,0,🎉天籁小说~a,https://xs.23sk.com/,6,1,🎉天籁小说~a
yibige.cc,0,🎉亿笔阁小说,https://www.yibige.cc/,5,1,👍亿笔阁
xingmen.cc,0,星门网,https://www.xingmen.cc/,6,4,📖 星门网站|🍺 星门网|🎉星门网小说|♜星门网 #破冰1101
eexiaoshuo.com,0,💦一小说③①,https://www.eexiaoshuo.com/,6,1,E小说③
sizhicn.com,0,书趣阁①,https://www.sizhicn.com/,6,3,🎉 书趣阁①[仅发现]|💯书趣阁①|笔趣阁⑥⑧
wap.mianhuatang.info,0,棉花糖,https://wap.mianhuatang.info/,5,1,棉花糖
silukee.com,0,💯思路客文学,http://www.silukee.com/,6,3,♜+思路客② #破冰1101|思路客②|🎉 思路客ⓔ💙💙💙
zwydw.org,0,💦中文阅读网,https://www.zwydw.org/,5,1,中文阅读网
shumil.com,0,🎉书迷楼⑤①,https://www.shumil.com/,6,3,书迷楼⑤|♜书迷楼⑤ #破冰1101|书迷楼②™
17suu.com,0,🎉一七书库①,https://www.17suu.com/,6,3,📚 十七书库|♜17书库 #破冰1101|♜17书库 #破冰
bookxml.com,0,🌟 香满路网,https://www.bookxml.com/,6,2,香满路|香 满 路◽️
quduwu.com,0,💯趣读屋小说,https://www.quduwu.com/,6,3,趣读屋|🏀 趣读屋|#趣读屋~quduwu.com
piaotianwenxue.com,0,♜-飘天文学② #破冰,https://www.piaotianwenxue.com/#♤pb,6,3,♜-飘天文学② #破冰1101|🚩 飘天文学[盾]|飘天文学
lewen9.com,0,💯乐文小说②,http://www.lewen9.com/,6,1,乐文小说②
173kxsw.com,0,🎉一起看小说,https://www.173kxsw.com/,5,3,♜一起上看小说 #破冰|一起上看小说|♜一起上看小说 #破冰1101
877zw.com,0,🎉877中文网,https://www.877zw.com/,5,1,877中文网
lisewu.com,0,夜书吧,https://www.lisewu.com##,6,2,夜书吧|夜书吧
wbxsw.com,0,💯五八小说①,http://www.wbxsw.com/,6,1,🌸 58小说
tsxsw.la,0,🎉 吞噬小说①,https://www.tsxsw.la,6,1,💯吞噬小说①
lingdiankanshu.com,0,零点看书④,http://www.lingdiankanshu.com/,6,2,零点看书④|♜零点看书④ #破冰1101
heiyanwang.com,0,黑岩小说网,http://www.heiyanwang.com,5,1,🐶黑岩小说🍒
dushuge.org,0,💦读书阁小说,https://www.dushuge.org/,6,1,读书阁①
shukw.com,0,书库网,https://www.shukw.com/,6,3,书库网|🎉 书库网[仅发现]|书库网™九天之狼
aoyuge.com,0,🎉傲宇阁小说,https://www.aoyuge.com/,6,2,傲宇阁|傲宇阁
m.zcxxc.com,0,🔖珍藏小说网,https://m.zcxxc.com/,5,1,🔖珍藏小说网
rmxs8.net,0,热门小说,https://www.rmxs8.net/,6,1,📖 热门小说
yd.sogou.com,0,🎋搜狗书城🎋,https://yd.sogou.com,6,1,🥛搜狗售卖 
m.biqu.vip,0,✎ 笔趣阁,https://m.biqu.vip,5,1,笔趣VIP
washuw.com,0,凡人文学网,https://www.washuw.com,6,1,凡人文学网
m.gegedownn.com,0,格格党,https://m.gegedownn.com/,6,1,🎉 格格党
lewen.cc,0,💦乐文小说⑤,https://www.lewen.cc/,6,1,🥛乐文③ 
m.yueduwu.com,0,🍞阅读屋网, http://m.yueduwu.com,5,1,❄️阅读屋
x33xs.com,0,💯三三小说网,https://www.x33xs.com/,6,4,三三小说|♜▪︎33小说网 #一程|♜▪︎33小说网 #一程1201|♜-33小说网 #破冰  发现x
biliwx.com,0,笔粒文学社,http://www.biliwx.com,5,1,x🔰笔粒文学社#温暖满怀
duoben.net,0,多本小说,https://www.duoben.net,5,2,💦多本小说|🥈多本小说
92popo.cc,0,👔 就爱POPO,http://www.92popo.cc/,6,1,🍊 就爱POPO
m.fuguodu3.com,0,腐国度网,http://m.fuguodu3.com,5,1,腐国度
ailelela.com,0,乐安宣书,https://www.ailelela.com,6,1,乐安宣书#南笙21.0101
99wenku.org,0,久久文学,http://www.99wenku.org,5,2,🚬 久久文学|🔓久久文学
qidianyw.com,0,沐雨阅文,http://www.qidianyw.com,6,1,沐雨阅文
55shuba.com,0,🎉无五小说①,http://www.55shuba.com/,6,3,55小说|小说阁|🎉 五五书吧
fenghuaju.cc,0,🌼风华枕居,http://www.fenghuaju.cc,6,3,🌸 风华居[更新快]|🌸 风华居@芜恙|👍 风华居
bbs.fanfanq.com,0,🧐🐑饭饭论坛♨️,https://bbs.fanfanq.com/,6,4,🌾饭饭论坛|🎋饭饭论坛🎋|饭饭文学bbs.fanfanq|饭饭论坛
m.rain8.com,0,🎋雨枫轩（长篇有竖目录阅读）🎋🌿,https://m.rain8.com/,7,4,🎋雨枫轩（横目录阅读）🎋🌿|🎋雨枫轩（长篇有竖目录阅读）🎋🌿|雨枫轩吧（发现）|雨枫轩吧（发现）
asxs.com,0,👍爱尚小说#温暖满怀,http://www.asxs.com,7,6,♜爱尚小说② #破冰1101|爱尚小说网#玄奇21.0202|👍爱尚小说#温暖满怀|✈ 爱尚小说 asxs|爱尚小说
yueduwu.com,0,阅读屋网, http://www.yueduwu.com,6,1,阅读屋
api3-normal-lf.fqnovel.com,0,番茄小说,https://api3-normal-lf.fqnovel.com,6,5,番茄小说|番茄小说 2|⭐番茄标签|番茄小说|🎉 番茄小说②
ymoxuan.org,0,💯衍墨轩小说,http://www.ymoxuan.org/,6,4,📚 衍墨轩①|🎉 衍墨轩②|㊝ 衍墨轩 ♜♜|衍墨轩①
esjzone.cc,0,ESJ Zone,https://www.esjzone.cc/,6,2,ESJ轻小说.cc(科学)|🎈 ESJ
m.qinxiaoshuo.com,0,亲小说M(科学),http://m.qinxiaoshuo.com/,6,3,☘️亲小说☘️|📗亲小说|🎈 亲小说APP
m.5gxs.com,0,5G小说m.5gxs,https://m.5gxs.com,7,5,💫5G小说|5G小说m.5gxs|Ⓒ 5G小说|🌸 5G小说|🔮 5G小说[仅发现]
ztgauntong.com,0,🍑秋日蝉鸣🍑,https://www.ztgauntong.com,6,3,秋日蝉|秋日蝉|🎈竹幽谷
quge66.com,0,🍁笔趣阁㉗①,http://www.quge66.com/,6,2,📃笔趣阁㉗|♜ ✎笔趣阁㉗ #破冰
m.flshuwu.com,0,👍 飞卢书屋📱,http://m.flshuwu.com,7,4,🎋飞卢书屋🎋| 🏅 飞卢书屋|🎉 飞卢|飞卢书屋
m.8nfw.com,0,🎋风之动漫🎋,http://m.8nfw.com/,3,1,🎋风之动漫🎋
m.tywxw.la,0,🎋天翼文学🎋,https://m.tywxw.la/,6,1,天翼文学
2cyxsw.com,0,二次元小说(无法搜索),http://www.2cyxsw.com,6,1,二次元小说
biqugehxs.com,0,🎋笔趣阁🎋,https://www.biqugehxs.com/,6,2,笔趣阁|🎋笔趣阁🎋
diyibanzhu666.xyz,0,第一版主（正文第二页规则未修复）,http://www.diyibanzhu666.xyz,8,1,第一版主
yydstxt.cc,0,第一版主,http://yydstxt.cc,8,1,第一版主
ffxs8.com,0,👌 饭饭小说,http://www.ffxs8.com/,8,2,🏵饭饭小说8|饭饭小说
20xs.la,0,顶点小说[20xsla],https://www.20xs.la/,6,1,顶点小说[20xsla]
m.biqutv.com,0,m笔趣tv,http://m.biqutv.com/,6,1,🍁笔趣阁tv
69story.com,0,🚬 六九小说-δ,https://69story.com,3,1,🎋69小说🎋
chjhjx.com,0,☁笔趣阁⑬⑨,http://www.chjhjx.com/,6,1,🎉 笔趣阁⑬⑨
m.eejw.cn,0,好看小说网,http://m.eejw.cn,5,1,好来喜小说
biquge.dev,0,糯米小说网,https://www.biquge.dev,6,1,笔趣阁
w81zw.com,0,八一w中文⑤,http://www.w81zw.com/,6,1,🎉 八一中文⑤
ztwx.net,0,昭通文学,http://www.ztwx.net,6,1,🎋昭通文学🎋
m.23shu.com,0,🎉 二三书屋,http://m.23shu.com,1,1,🎋23书屋🎋
m.qubook.cc,0,趣书网,https://m.qubook.cc/,6,1,趣书网
yiqushu.org,0,🔞 一曲书斋,https://www.yiqushu.org,6,2,🎋一曲书斋🎋|㊕ 一曲书斋 #一程1101
m.kuaidu.org,0,☘️笔趣阁4☘️,http://m.kuaidu.org,8,1,☘️笔趣阁4☘️
m.klxsw.org,0,☘️可乐小说☘️,http://m.klxsw.org,7,1,☘️可乐小说☘️
m.qingkan9.com,0,☘️请看小说网☘️,http://m.qingkan9.com,5,1,请看小说阅读网
exiaoshuo.com,0,💯一小说文学,https://www.exiaoshuo.com/,6,5,🌸 E小说|🧾E小说.PC|㊝ E小说 ♜♜♜|🎉 E小说|🎉 E小说
m.tianshuwx.com,0,⭐️广安中文🔞,http://m.tianshuwx.com,6,2,🍓广安中文|👔 广安中文
50zw.la,0,武林中文网 50zw.la,https://www.50zw.la/,7,1,武林中文网
wap.dmshuwang.org,0,🐑大美书网,https://wap.dmshuwang.org,6,2,☘️大美书网☘️|☘️大美书网☘️
api.abcxiaoshuoapp.com,0,🌟 ABC小说,https://api.abcxiaoshuoapp.com,5,1,㊝ abc小说API ♛♛
api.dgjiayuan.cn,0,爱阅小说,https://api.dgjiayuan.cn,6,3,爱阅小说|🌟 爱阅小说|🎉 爱阅小说
23uup.com,0,综合文学,https://www.23uup.com/,8,1,综合文学
m.didi6.com,0,💊 翻书阁,https://m.didi6.com,6,1,🎉 翻书阁
ibookzw.com,0,御宅书屋,https://www.ibookzw.com/##by_夏尔,6,2,御宅书屋(电脑版)|🚬 御宅书屋[仅发现]
m.feixs.com,0,○飛速.备用站,https://m.feixs.com/,8,2,○飛速.备用站|飞速中文
qxzx8.com,0,✏搜笔趣,https://www.qxzx8.com//,5,1,✏搜笔趣
31xiaoshuo.com,0,💯三小说网①,https://www.31xiaoshuo.com/,6,4,🧐三一小说♨️|31小说|♛31小说网①|31小说网①
https,0,禁漫天堂🔞,https://https://18comic2.one/?__cf_chl_jschl_tk__=69592bfcc4e6033828b7655b38ba87681781ec8f-1620649642-0-AbUKXGE3fR7Fm5xD4GE9r5iJz2DfS3m,6,3,✏搜笔趣|✏笔尖中文|123读
biquzw.la,0,📖 笔尖中文,https://www.biquzw.la,5,2,✏笔尖中文网|✏笔尖中文
gonb.org,0,💦去读读②①,https://www.gonb.org/,5,2,🌸 去读读|✏中文阅读
xfwxs.com,0,先锋小说,https://www.xfwxs.com/,5,1,⭐先锋小说
daomutxt.com,0,📖 盗墓小说,https://www.daomutxt.com,6,1,Ⓐ 盗墓小说网
m.qb5.co,0,🎉 锦绣文学,http://m.qb5.co,6,1,🎉 锦绣文学 #一程
m.123duw.com,0,"123读书网,目录对不上求大佬修复",https://m.123duw.com,7,2,"123读书网|123读书网,目录对不上求大佬修复"
m.ddxs.com,0,顶点小说 ddxs - 手机版,https://m.ddxs.com,6,1,🎉 顶点小说网
zerobywtxt.com,0,ZERO搬运网,http://zerobywtxt.com,6,1,ZERO搬运网
m.31xs.com,0,三一小说,https://m.31xs.com,6,4,👍 31小说💙💙#onede|🎉31小说①#嘚嘚21.0201|31小说|31小说网
yb3.cc,0,ABC小说,https://www.yb3.cc,6,5,ABC小说|㊝ ABC小说 ♜♜ yb3.cc|Ⓢ ABC小说|✐   abc  小 说|🎉ABC小说💙💙💙yb3.cc#一介
iyruan.com,0,亿软小说,https://www.iyruan.com,6,1,亿软网
gcxs8.com,0,🧐官场小说网,http://www.gcxs8.com/,8,3,官场小说|♜ 官场小说 #一程1101|♜ 官场小说 #一程
80xs.la,0,八零小说,https://www.80xs.la,6,1,💯八零电子书
m.fpzw.org,0,🔰 2K小说,https://m.fpzw.org,6,1,Ⓐ 2K小说①
xinremenxs.com,0,⌨新热门小说,https://www.xinremenxs.com,8,2,💯新热门小说|⌨新热门小说
dmbj.cc,0,⌨盗墓小说网,http://www.dmbj.cc,3,1,⌨盗墓小说网
wap.dmshuba.com,0,大美书吧,https://wap.dmshuba.com/,6,1,大美书吧
kandushu.com,0,⭐看读书,https://kandushu.com,6,1,看读书
mahuxs.com,0,⭐马虎小说网,http://www.mahuxs.com/,6,1,⭐马虎小说网
yipingxia.com,0,一品侠小说,https://www.yipingxia.com/,6,1,🍁 一品侠小说
liyuxiangbl.com,0,鲤鱼乡BL,https://www.liyuxiangbl.com,6,1,☘️鲤鱼乡☘️
m.bbida.com,0,bbida,https://m.bbida.com/,7,1,百变萝莉
haxwx5.com,0,海岸线,http://www.haxwx5.com,6,1,㊕ 海岸线 #一程1101
shumicun.com,0,书迷村子（发现）,https://www.shumicun.com/,8,1,🎉 书迷村网
87shuwu.com,0,🚬 霸气书屋™猫猫,http://www.87shuwu.com,6,2,🔞霸气书屋™🔥|霸气书屋✳️图片字fixed
feixs.com,0,🔰 飞速中文,https://www.feixs.com#一程,6,1,飞速中文
meegoq.com,0,米趣小说‼️,https://www.meegoq.com/#🌱,6,2,🍺 米趣小说|米趣小说
quanxs.net,0,💯全小说①①,http://quanxs.net/,6,2,全小说|♜+全小说① #破冰1101
m.kr365.org,0,👔 狂人小说,https://m.kr365.org/,5,1,👔 狂人小说
abctang.com,0,笔趣阁㉒,https://www.abctang.com/,5,1,🍁笔趣阁㉒
m.soshuwu.com,0,💯搜书网小说,https://m.soshuwu.com/,6,4,🌸 搜书小说|♛+搜书网m①✔︎✦ ++ md|♜+搜书网① #破冰1101|✾+搜书小说
shufudai.com,0,书福袋,https://www.shufudai.com,6,1,书福袋
wap.dengbi8.com,0,灯笔小说,https://wap.dengbi8.com/,8,1,🎉 灯笔小说
00ksw.com,0,零点看书（发现）,https://www.00ksw.com/,8,5,🎉 零点看书|♛零点看书① #pb ▼列表书少|👍 零点看书|♛零点看书① #pb ▼列表书少|零点看书#玄奇21.0202
youdubook.com,0,🧐小说⑥♨️,https://www.youdubook.com/,6,2,🔰有毒小说|有毒小说网
kans.hu,0,📖 看书先生,https://kans.hu,6,1,看书先生
m.fenghuaju.com,0,风华居网,https://m.fenghuaju.com,6,2,风华居|🍊 风华居
cbook.zhaoxitech.com,0,追更小说,https://cbook.zhaoxitech.com,6,1,💰追更小说
ck101.com,0,卡提諾論壇,https://ck101.com/,3,2,卡提諾論壇|卡提诺
sk.3qdu.com,0,💊 3Q读书,http://sk.3qdu.com,6,1,3Q中文网（不能搜索）@浮生
m.uutxt.com,0,💦悠悠书盟①,https://m.uutxt.com/,6,1,悠悠书盟移动版
du61.com,0,读61小说网,https://www.du61.com,6,2,🎉读61小说网|♜读61小说网 #破冰1101
74qb.com,0,骑士全本小说,http://www.74qb.com,6,1,🎉 骑士
dijiuyuan.com,0,📃第九源言情,https://www.dijiuyuan.com,6,3,📃第九源言情|♜第九源言情 #破冰|♜第九源言情 #破冰1101
lewenxiaoshuo.com,0,乐文小说,https://www.lewenxiaoshuo.com/,7,1,乐文小说③
lwxs66.com,0,🎉乐文小说⑥,https://www.lwxs66.com/,5,2,🎉乐文小说⑨|♜-乐文小说⑥ #破冰
huangyixiaoshuo.com,0,🔖黄易小说①,https://www.huangyixiaoshuo.com/,6,3,🔖黄易小说|🍺 黄易小说①|黄易小说
maodouks.com,0,👍 毛豆看书,https://www.maodouks.com,6,1,📜 毛豆看书
a745.xyz,0,📜爱奇书屋🔸⚧,https://www.a745.xyz/,8,1,📜爱奇书屋🔸⚧
quanshuzhai.com,0,全书斋0.5,https://www.quanshuzhai.com/,6,1,👔 全书斋网
m.hongshu.com,0,📚 红薯网站,https://m.hongshu.com,6,1,♛ 红薯网 #一程
music.liuzhijin.cn-lizhi,1,音乐-荔枝,https://music.liuzhijin.cn-lizhi,3,1,音乐-荔枝
44txt.com,0,思思电子书,http://www.44txt.com,5,1,思思电子书
urhtbooks.com,0,💵 海棠文学城ur✈,http://www.urhtbooks.com,6,2, 海  棠  城|🗂️海棠🌱💰🏮
biqugee.com,0,🍁笔趣阁㊹①,https://www.biqugee.com/,6,2,笔趣阁|Ⓢ 笔趣阁①
m.53xiaoshuo.com,0,梅语中文,https://m.53xiaoshuo.com/,6,1,📖 梅语中文
fyq99.net,0,👔 飞言情网,https://www.fyq99.net,5,2,Ⓐ 飞言情|飞言情
m.xiaoqiangla.cc,0,小强小说网,http://m.xiaoqiangla.cc/,6,1,🚬 小强小说网
zwduxs.com已整理,0,🌸八一中文网{部分正文有乱码},http://www.zwduxs.com已整理,7,1,八一中文
po18in.com,0,PO18脸红心跳,https://www.po18in.com/,6,1,"🚬,PO18脸红心跳"
bxwx.io,0,✐   笔下文学①,https://www.bxwx.io,6,1,🎉笔下文学⑦
365xs.la,0,乐文小说[365],https://www.365xs.la,6,6,🔖乐文小说⑧|㊝ 乐文小说① ♜♜♜ 365xs.la|♛-乐文小说① #一程|♜ 乐文小说① #一程1101|🎉乐文小说#嘚嘚21.0201
qinqinxsw.com,0,亲亲小说,https://www.qinqinxsw.com,7,2,亲亲小说|亲亲小说
m.xquge.com,0,Ⓐ 笔趣阁⑭,https://m.xquge.com#未月十八改,5,1,Ⓐ 笔趣阁⑭
xread8.com,0,无错小说3,https://www.xread8.com/,8,3,📖 无错小说|Ⓐ 无错小说网①|Ⓐ 无错小说网①
m.zhuiwen.org,0,🎉追文小说,https://m.zhuiwen.org/,6,1,🌸 追文小说
33yqxs.com,0,💯33言情小说,https://www.33yqxs.com/,6,1,🎉 33言情②
m.zssq8.com,0,👍 追书神器吧,https://m.zssq8.com,6,2,🎉追书神器吧②|追书神器8
52shukuw.com,0,挑逗书库,https://www.52shukuw.com,8,5,㊕ 52书库 #一程|🎈52书库② #关耳|🔞 五二书库|🎈52书库|🔥52书库#玄奇21.0202
3pxs.xyz,0,🚀🔞 三啪文学,https://3pxs.xyz/,6,2,🚬 三啪文学|㊕三啪文学 #一程
m.yuzhaiwu.co,0,📜 御宅屋,https://m.yuzhaiwu.co,6,2,㊕ 御宅屋 #一程1101|🍑 御宅屋co
qihaoqihao.net,0,特·启皓网,http://www.qihaoqihao.net,6,1,㊕ 启皓网 #一程1101
m.po18.biz,0,🔞 PO18①,https://m.po18.biz,6,1,㊕ PO18① #一程1101
366xiaoshuowang.com,0,🔞 366小说,https://www.366xiaoshuowang.com,6,2,㊕ 366小说 #一程1101|🚬 366小说[仅发现]
k.2kxs.org,0,2K小说（修复搜索）,https://k.2kxs.org/,6,1,2K小说⑤
hdyp.net,0,第一版主(单章页数超过5页无法正常获取),http://hdyp.net,8,6,🚬 第一版主|㊕ 第一版主① #一程1101|📒 第一版主|第一版主|🈲 No.1版主
search.bilibili.com,0,"🌾哔哩哔哩·专栏(求大佬修复,目录下一页js存在问题)",https://search.bilibili.com/,8,1,"🌾哔哩哔哩·专栏(求大佬修复,目录下一页"
aabook.cc,0,🚬 易下书库,https://aabook.cc,6,2,🚬 疯情书库|㊕ 疯情书库 #一程1101
m.zhananxs.net,0,㊕ 渣男小说 #一程1101,http://m.zhananxs.net#yc1101,6,1,🔞 渣男小说
lamei2.com,0,🔞 辣妹小说,https://www.lamei2.com,6,1,㊕ 辣妹小说 #一程
cili.se,0,无极磁力（磁力）,https://cili.se/,5,1,🎉 无极磁力(看源注释)
xiusexx.xyz,0,🚬 羞涩小说,http://www.xiusexx.xyz,6,2,㊕ 羞涩小说 #一程1101|㊕ 羞涩小说 #一程
m.8xianxs.com,0,💠 八仙小说,http://m.8xianxs.com,6,1,㊕ 八仙小说 #一程1101
maizixueyuan.com,0,第一版主网麦子🌸,http://www.maizixueyuan.com/s.php,8,3,第一版主|🔞 麦子学院|㊕ 麦子学院 #一程1101
wap.shubaoan.com,0,🔞 第二书包,https://wap.shubaoan.com,6,3,㊕ 第二书包 #一程1101|第二书包网|🔞 第二书包
52shuwu.me,0,⚠️ 五二书屋,https://www.52shuwu.me,6,3,🔞 五二书屋|㊕ 52书屋 #一程1101|52书屋
yaochixs.net,0,🔞 瑶池小说,http://www.yaochixs.net,6,1,㊕ 瑶池小说 #一程1101
wap.33yqxs.com,0,言情小说,https://wap.33yqxs.com/,8,1,33言情
42zw.com,0,新笔趣阁【全名搜索】,http://www.42zw.com,6,1,🍁笔趣阁⑤④
139507.com,0,🧐第三中文网,https://www.139507.com/,6,1,🎉 第三中文网
m.xin9book.com,0,🔰 第九中文,https://m.xin9book.com,5,1,新第九中文网
q1wx.com,0,🖤♛-Q1文学w md,http://www.q1wx.com/#md,6,2,🔆Q1文学|🌸 Q1文学
m.xs63.cc,0,💊 小说路上,https://m.xs63.cc,6,2,小说路上|杰米哒小说网
xpaoshuba.com,0,爱泡书吧,http://www.xpaoshuba.com/,8,3,📚 泡书吧网|♜泡书吧② |♜泡书吧②
630shu.com,0,🎉恋上你看书,https://www.630shu.com/,6,1,恋上你看书2
xbxwx.org,0,🎉 新笔下文学,https://www.xbxwx.org,6,1,新笔下文学
fox2008.cn,0,📚中学读物,https://fox2008.cn,6,2,📚 中学生读书[仅发现]|中学读物📚#南笙21.0101
ikshu8.com,0,♠️ 爱看书吧①,http://www.ikshu8.com/,7,4,爱看书吧|🌸 爱看书吧[飞卢]|🎈爱看书吧|🔰 爱看书吧②
damixs.net,0,大米小说,https://www.damixs.net,6,1,https://www.damixs.n
m.biduxs.com,0,📜 必读小说,https://m.biduxs.com,8,1,♤ 必读小说
ltsw888.com,0,💯龙坛书网①,https://www.ltsw888.com/,6,2,👍 龙坛小说|🏷️龙坛书网
m.89wxw.com,0,89文学,https://m.89wxw.com/,6,2,89文学网|✾.Ⓐ 89文学网 #未月十八1001
m.02xs.org,0,零二小说,http://m.02xs.org/,7,1,零二小说
hlxs9.com,0,哈罗小说,https://www.hlxs9.com/,5,1,哈罗小说②
sangwu8.com,0,📚 桑舞小说,http://www.sangwu8.com,6,1,小刀阅读#🎊 桑舞小说网
luoqiuw.com,0,落秋中文,http://www.luoqiuw.com,5,2,👍 落秋⑥|👍 落秋⑥
sobiquge.com,0,🍁笔趣阁㉛①,https://www.sobiquge.com/,6,1,🥕笔趣阁
m.bjwxw.com,0,八戒中文,http://m.bjwxw.com/,7,2,🎉 八戒中文|🎉 八戒中文
gb84.com,0,🚬 18文学,https://www.gb84.com,8,1,肉文屋②
256zw.com,0,🍑 256中文,https://www.256zw.com,6,1,🌸 256
api.chnsmoker.com,0,换源神器,http://api.chnsmoker.com,6,1,Ⓑ 换源神器
kakuxs.com,0,卡酷小说网,https://www.kakuxs.com,6,1,卡酷小说网
m.ranwenxs.com,0,🎉 燃文小说②,https://m.ranwenxs.com,6,1,♤ 燃文小说②
m.xinshuhaige.net,0,Ⓐ 书海阁①,http://m.xinshuhaige.net,7,4,💦书海阁小说|🎉 书海阁|🖤书海阁✦② ♛♛♛✘|Ⓐ 书海阁①
tingshuku.com,0,🔰天天书库,https://www.tingshuku.com/,6,1,🔰天天书库
m.2kxs.cc,0,☘️2k小说☘️,https://m.2kxs.cc,7,1,☘️2k小说☘️
api.laomaoxs.com,0,🎉 老猫小说,https://api.laomaoxs.com,6,3,🌼L M A P P|老猫小说|Ⓑ 老猫小说①
qidushu.com,0,🌾起琼读书,https://www.qidushu.com,6,2,🌼起  读  书|🎉起读书小说
yushubo.com,0,💯御书网小说,https://www.yushubo.com/,6,5,🌾御书小说|🌼御  书  网|㊝ 御书网 ♜♜♜♚|👑御书网_By未月十八|Ⓐ 御书网①
33yq.org,0,33言情,https://www.33yq.org,6,4,33言情[w]|❀ 33言情 ♛♛♛|✾♛33言情w #一程|♜ 33言情 #一程1101
zxcs88.com,0,📃知轩藏书,https://www.zxcs88.com,6,1,📓知轩藏书
kanbang.cc,0,🐑看帮下载,https://www.kanbang.cc,6,2,🎉 看帮网(电脑)|🎗️看  帮  网
wutuxs.com,0,无图小说网,http://www.wutuxs.com/,6,4,🎉 无图小说网|👍 无图小说|👍 无图小说|无图小说#南笙21.0101
m.biquka.com,0,✨八戒中文🎉📱,http://m.biquka.com/,6,1,📜 八戒中文
obsolete.lightnovel.us,0,🎈 轻之国度.us,https://obsolete.lightnovel.us,8,1,轻之国度.us
m.81zw.com,0,✨八一中文🎉📱,https://m.81zw.com/,6,1,81中文网
api.laomaoxs.net,0,🎉 老猫小说,https://api.laomaoxs.net,6,3,💯老猫小说🅰APP💜💜💜 #ag2s|Ⓐ 老猫小说②|👑老猫小说#2
ishuquge.com,0,书趣阁,https://www.ishuquge.com/,6,1,书趣阁
m.x999xs.com,0,九吧小说,https://m.x999xs.com,6,1,999小说网
suyingwang.net,0,💊 奇书网⑦,https://www.suyingwang.net,6,1,🔰奇书网⑦
ebookbao.net,0,💯书包网小说,https://www.ebookbao.net/,6,1,👍 书包网
chaofxs.com,0,🧐超凡小说♨️,https://www.chaofxs.com/,6,4,♜超凡小说|👍 超凡小说|超凡小说|🎉 超凡小说
fxsw.org,0,📓腐小说,http://www.fxsw.org/,6,2,📓腐小说|🍑 腐小说
kmzjw.com,0,Ⓢ 卡门小说,https://www.kmzjw.com,7,2,卡门小说|Ⓢ 卡门小说
dduxs.com,0,🎉黄金书屋,https://www.dduxs.com/,6,1,👍 黄金书屋
shukucn.com,0,🔞 霸气书库📖,http://www.shukucn.com,6,1,🔞 霸气书库
ddxstxt8.com,0,顶点小说,https://www.ddxstxt8.com/,5,1,顶点小说
xqianqian.com,0,📜 千千小说,https://www.xqianqian.com/,6,1,千千小说
liangxyz.com,0,亮亮文学,https://www.liangxyz.com/,5,1,亮亮文学
m.tianwenge.net,0,天文阁,https://m.tianwenge.net/,5,1,天文阁
81zw.io,0,👍 八一中文②,https://www.81zw.io,6,2,㊝ 八一中文 ♜♜ 81zw.io 速|🎉八一中文⑩
kquanben.com,0,🎉看全本小说,https://www.kquanben.com/,6,1,🎉看全本小说
m.xleduwo.com,0,乐读窝,https://m.xleduwo.com/,6,1,乐读窝
m.23us.cc,0,🎉 顶点小说,https://m.23us.cc,5,1,顶点小说⑭™
yikuacg.com,0,🎨 一库Acg,https://yikuacg.com,1,1,一库Acg(要登录)
tingchina.com,1,🐳听中国①,https://www.tingchina.com/,6,4,🎧 听中国|📻 听中国|听中国|听中国
m.xstt5.com,0,📚 小说天堂,https://m.xstt5.com/,6,2,天堂|📚 小说天堂
qubook.net,0,🌼 趣书网™ ♈️♉️♊️♋️♌️♍️♎️♏️♐️♑️♒️♓️,https://www.qubook.net,8,4,🌼 趣书网™ ♈️♉️♊️♋️♌️♍️♎|📓趣  书  网|💫趣书网|  b🌸趣书网💜💜💜🔎json（宝书网？
baoshuu.com,0,🐑宝书小说,https://www.baoshuu.com,6,2,  🌼 宝书网™ ♛♚　无搜索|  a🌸宝书网💜💜💜🔎搜索需登录（=趣书
downbook.cc,0,🔰 当书小说,https://downbook.cc,6,4,当书网|🐑当书下载|  🌼 当书网™ ♛♛♚|🎉 摸鱼小说
m.shg.tw,0,💯书海阁小说,http://m.shg.tw/,6,4,书海阁①|🐑山海雾歌|🖤书海阁✦ ♛♛♛♚✘|💙🌸书海阁🌸▼搜索失效 发现正常 #滨边
biqugexx.net,0,🎉 笔趣阁⑮③,https://www.biqugexx.net,6,4,♜ ✎笔趣阁⑮③ #破冰|♜ ✎笔趣阁⑮③ #破冰1101|🍁笔趣阁⑮③|笔趣阁新站
san449.com,2,三四禁漫,https://www.san449.com/,6,2,🔞 快乐图书 静白校验搬运其他渠道去除防|🔰 快乐图书
ting56.cc,1,📻 五六听书,https://www.ting56.cc,6,3,♬ 56听书网③|🐳 56听书网|♬ 56听书网③ #破冰1025
m.tingshucn.com,1,中华听书,https://m.tingshucn.com,6,3,♬ 中华听书 #破冰1025|♬ 中华听书 #破冰|📻 中华听书
7jie.com,0,🎉 七界小说,https://www.7jie.com,6,4,🔰七界小说|🖤 七界小说▪︎CSS ♛♛♛✘|♻️七界小说🌱|♻️七界小说🌱⭐
23ts.com,1,爱上听书,http://www.23ts.com/,8,2,爱上听书|♬ 爱上你听书 #破冰1025
app.youzibank.com,0,有兔阅读,http://app.youzibank.com/,7,17,有兔|🌼有兔阅读|🖤♛有兔阅读▪︎APP #一程|🖤♛有兔阅读▪︎APP #一程|有兔 APP #渊呀
app.maibaipai.com,0,🖤阅民▪︎APP ♛♛♛✘,https://app.maibaipai.com#渊呀81,6,1,阅民小说
vv44.net,0,🎉西西文学①,https://www.vv44.net/,6,1,🔰 西西文学
2100xs.com,0,🍑 新世纪,https://www.2100xs.com,6,3,🎉新世纪小说|🎉 新世纪书|🎉新世纪书💜💜💜#嘚嘚21.0201
ibiquta.com,0,🎉炫书网小说,https://www.ibiquta.com/,5,5,📖 炫书网站|炫书网|♜炫书网 #破冰|炫书网|炫书网②
ychy.com,1,🎧 海洋听书(天天修复),http://www.ychy.com,8,2,🎧 海洋听书(天天修复)|📻 海洋听书
m.tingshubao.com,1,📻 听书宝网,http://m.tingshubao.com,6,3,🎋听书宝网|🎧 听书宝|🐳听书宝
hlxyxs.com,0,🎉红莲相依①,https://www.hlxyxs.com/,6,4,🎉 红莲相依|♞ 红莲相依 #一程|♜红莲相依 #破冰1101|♜红莲相依 #破冰
23xsw.cc,0,爱尚小说网,https://www.23xsw.cc,6,1,爱尚小说网
aabook.xyz,0,🚬 疯情书库,https://www.aabook.xyz,6,1,🚬 疯情书库
m.book66.org,0,📖 书66网,https://m.book66.org/,6,1,书66
book.zongheng.com,0,纵横中文💯,"http://book.zongheng.com
",6,1,🔰 纵横中文网™
api.doufu.la,0,💵 豆腐[包月],http://api.doufu.la/包月,6,1,🔰 豆腐阅读
废文.com,0,💵 废文Ⅱ,https://废文.com/,6,1,🌾 废文
sosad.fun,0,🚀 废文Ⅵ,https://www.sosad.fun/🍑,6,3,🚀 废文Ⅲ|💵 废文sosadⅡ✈|💵 废文sosad✈
m.lemonyd.com,0,💰柠檬小说,https://m.lemonyd.com/,6,1,💵 柠檬小说
book.3g.cn,0,💵 3G书城,http://book.3g.cn,6,1,🎉 3g书城备用™落寞
xsobiquge.com,0,笔趣阁⑩,https://www.xsobiquge.com,6,1,笔趣阁⑩
sxyj.net,0,书香云集💯,http://www.sxyj.net/,8,4,💵 书香云集|💳书香云集|书香云集💯|💰 书香云集
app.yqacg.com,0,💵 元气阅读备用,http://app.yqacg.com,6,2,元气阅读💯|元气阅读💯
biqugeu.cc,0,🍁笔趣阁⑤⑨,http://www.biqugeu.cc/,6,2,♜-✎笔趣阁⑤⑨ #破冰|笔趣阁⑵
gl.mozhua.net,0,💵 青兰文学✈,https://gl.mozhua.net,1,1,💵 青兰文学
itangyuan.com,0,💰汤圆创作,http://www.itangyuan.com/,6,2,💵 汤圆创作|㊣汤圆创作 #破冰1101
book.douban.com,0,📚 豆瓣读书,https://book.douban.com,2,2,📚 豆书|è±ä¹¦
xytingshu.com,1,馨雨听书,https://xytingshu.com/,6,3,📻 馨雨听书|♬ 馨雨听书网 #破冰1025|♬ 馨雨听书网 #破冰
owlook.com.cn,0,owlook,https://www.owlook.com.cn,6,1,🍓owllook【查看源注释】_By未月
wanben.org,0,📡 完本神站,https://www.wanben.org,6,1,💯完本神站
xinwanben.com,0,📡 完本神站[仅发现],https://www.xinwanben.com,6,1,🍁完本神站
tingshuw.com,1,听书阅读,https://www.tingshuw.com,6,3,📻 听书网站|♬ 听书网② #破冰|♬ 听书网② #破冰1025
56shuku.org,0,📡 56书库[仅发现],http://www.56shuku.org,6,1,56书库
mitingshu.com,1,小米听书,https://mitingshu.com/,6,3,📻 小米听书|♬ 小米听书 #破冰1025|♬ 小米听书 #破冰
les3399.com,0,📡 乐视小说[仅发现],https://www.les3399.com,6,1,🏷️乐视小说🌱
mumumh.com,0,🎨 梦游漫画  #一程,https://www.mumumh.com#♤yc,6,1,㊕✐ 梦游漫画  #一程
csxsrc.com,0,🧐长沙小说[仅发现]💯,https://www.csxsrc.com,6,1,长沙小说
52xs.cc,0,🔰52小说④,https://www.52xs.cc/,6,2,🧐52小说[仅发现]💯|52小说
m.hmba.vip,0,🎨 韩漫吧,https://m.hmba.vip#一程,6,2,✐ 韩漫吧 #一程|✐ 韩漫吧 #一程1101
ku.mumuceo.com,0,ʚɞ 全网榜单 ʚɞ,http://ku.mumuceo.com/,2,30,📡 橙瓜全网榜单|a🔎全网榜单💙仅发现mumuceo➖➖➖|💵 创世榜单|💵 晋江[榜单]|📡 松鼠阅读网[榜单]
xindingdianxsw.net,0,📡 新顶点小说,https://www.xindingdianxsw.net,6,1,🔰新顶点小说
xunread.com,0,📡 迅读网[仅发现],https://www.xunread.com,6,1,🔰迅读网
caihongwenxue.com,0,📡 彩虹文学[仅发现],https://www.caihongwenxue.com,6,2,👍 彩虹文学|👍 彩虹文学
m.dongmanmanhua.cn,0,🎨✐ 咚漫 #Haxc1107,https://m.dongmanmanhua.cn#Haxc1107,6,4,🎨 咚漫 #一程|🎨 咚漫 #Haxc|✐ 咚漫 #一程1101|🎨 咚漫
look37.com,0,🔰来看小说,https://www.look37.com/,6,1,📡 来看小说
nuoha.com,0,📜 诺哈小说,https://nuoha.com,6,2,🧐诺哈💯|诺哈
qiwuzhongwen.com,0,📡 起舞中文②,https://www.qiwuzhongwen.com,6,1,起舞中文
m.tieshuw.com,0,铁书网,https://m.tieshuw.com/,8,1,铁书网
minkfurlashes.com,0,🍑 睡前看小说,https://www.minkfurlashes.com,5,1,睡前看小说
156n.com,0,🍁笔趣阁⑰,http://www.156n.com/,6,2,🍑 笔趣阁|笔趣阁
jjxxs.cn,0,🎉久久小说①,http://www.jjxxs.cn/,6,2,💊 久久小说|♜久久小说 #破冰
61ww.com,0,无限小说1,https://www.61ww.com,6,1,无限小说网
m.dfvirs.com,0,🎋符笛小说🎋,http://m.dfvirs.com,6,1,✐   笛符文学
pokpets.net,0,🐶🍉七猫读书网🍒,https://www.pokpets.net/,5,2,✾.Ⓑ 七猫读书网 #未月十八1001|🍑 七猫读书网
du00.com,0,读零零网,https://www.du00.com/,7,2,读零零|读零零网
m.ruwen5.com,0,✾+如文网,http://m.ruwen5.com/#kd11,6,3,✐   如  文  网|🍑 如文网|⚡️如文
downbook.cc,3,当 书 网🗄,https://www.downbook.cc/,4,1,当 书 网🗄
m.fushuzhai.cc,0,🔞腐书宅,http://m.fushuzhai.cc,6,1,🍑 腐书宅②
dybz2.vip,0,🔞 第一版主②📖,http://www.dybz2.vip/,8,1,🚬 第一版主②[仅发现]
m.6yzw.com,0,六月中文,https://m.6yzw.com/,7,1,六月中文
xiaoqiang520.cc,0,小强小说网（网站不稳定）,https://www.xiaoqiang520.cc,6,1,🚬 小强小说网②
17shuwu.com,0,🚬 17书屋,http://www.17shuwu.com,6,1,🚬 17书屋
m.xcxs520.com,0,乡村小说.xcxs520#玄奇21.0202艳情,http://m.xcxs520.com#玄奇21.0202,6,1,乡村小说网②
xmanhua.com,2,🎨 X漫画¹-M,https://www.xmanhua.com/,8,2,X漫画¹-M|X漫画¹-M
wap.ibookzw.com,0,👔 御宅书屋,http://wap.ibookzw.com/,6,1,🚬 御宅书屋[仅发现]
m.gufengmh8.com,0,③ 古风漫画,https://m.gufengmh8.com#♤Haxc,8,2,✐ 古风漫画|🌠 古风漫画
m.diyibanzhu.info,0,第一版主,http://m.diyibanzhu.info/,8,1,🚬 第一板主
shenshu.la,0,🚬 神书网[仅发现],http://www.shenshu.la,6,3,🚬 神书网[仅发现]|🎉神书网|🎉神书网
733.so,2,🎨 733动漫 #Haxc,https://www.733.so#Haxc1107,6,1,🗒 七三三网
etertrrewe4wr.xyz,0,98堂(仅发现无长篇连载),https://etertrrewe4wr.xyz/,1,1,🚬 98堂[仅发现]
v1.iu3y.space,0,🚬 2048论坛,https://v1.iu3y.space,3,1,2048论坛(仅发现)
qlsc2.com,0,🚬 麒麟书城,http://www.qlsc2.com/,8,1,🚬 麒麟书城
grxyz.xyz,0,🔞高肉H小说网📖,https://www.grxyz.xyz/,6,1,🚬 高肉H小说网
hebhtlh.com,0,📒十八书屋,http://www.hebhtlh.com/,5,1,🚬 十八书屋
7qing7.com,0,🚬 七情小说S,https://www.7qing7.com,6,1,七情小说
amtxt.net,0,暧昧电子,http://www.amtxt.net,8,1,暧昧电子书
lrts.me,1,懒人网吧,http://www.lrts.me,6,4,🎼懒人畅听🎼|🎧懒人①|🎧 懒人听书|🎧 懒人听书
qmtsw.com,1,📻 全民听书,https://www.qmtsw.com,6,4,♬全民听书网 #pb|🐳全民听书网|♬全民听书网 #pb|全民听书网 #破冰-
baby.kuwo.cn,1,🎋酷我听书,http://baby.kuwo.cn:80,2,1,📻 酷我听书
nbw.la,0,💦牛牛中文网,http://www.nbw.la/,6,7,♛¹NB'中文✘ #破冰|md♛+NB'中文网✘ #破冰|㊝ NB中文网 ♜♜|🎉NB中文网#嘚嘚21.0201|🔰 NB中文网
ting56.com,1,🐳56听书网①,http://www.ting56.com/,6,3,📻 56听书网|📻 56听书网①|🐳56听书网①
yousxs.com,1,🐳聚听网,https://www.yousxs.com/,6,1,📻 聚听网
fushu520.com,1,📻 520听书,http://www.fushu520.com,6,2,🎋五二零听|📻 520听书
ysxs8.com,1,📻 有声小说,http://www.ysxs8.com/,6,2,📻 有声小说吧|有声小说吧
i275.com,1,♬ i257听书网,http://www.i275.com/,6,1,📻 i257听书网
511ts.com,1,📻 511听书,http://www.511ts.com,6,1,📻 511听书
app.zhoudamozi.com,1,📻 有兔听书②,http://app.zhoudamozi.com,6,1,🐳有兔听书②
88tingshu.com,1,🐳88听书,https://www.88tingshu.com/,6,1,📻 88听书
m.tingsm.com,1,📻 听神马网,https://m.tingsm.com,6,3,📻 听神马|♬ 听神马 #破冰1025|♬ 听神马 #破冰
app1.youzibank.com,1,📻 有兔听书,http://app1.youzibank.com,2,1,🐳有兔听书
ting89.com,1,📻 幻听网,http://www.ting89.com,6,2,🐳89幻听网|幻听网
qidian.in,1,📻 起点听书,https://www.qidian.in,8,1,📖 起点听书
quge7.cc,0,📖 笔趣阁网,https://www.quge7.cc/,5,1,笔趣阁7
d3shu.com,0,第三中文网,https://www.d3shu.com,6,1,第三中文
douban.fm,1,🎼 豆瓣FM[不能听],https://douban.fm/,2,1,🎼 豆瓣FM
m.yuzhaiwu.vip,0,🌸御宅屋网,https://m.yuzhaiwu.vip,6,1,🌸御宅屋网
m.9ku.com,1,音乐-九酷音乐,http://m.9ku.com,6,1,🎶 九酷音乐
xmanhua.com,0,星际漫画（优）,http://www.xmanhua.com#♤Haxc,8,2,x漫画🇯🇵|x漫画🇯🇵
xingyueboke.com,0,星月文学,https://www.xingyueboke.com,8,1,📚星月文学
jinyongwang.com,0,金庸小说,http://www.jinyongwang.com/,7,2,金庸小说|📚 金庸小说[仅发现]
dazuig.com,0,📚 大嘴狗杂志删除,https://www.dazuig.com,1,1,a📚大嘴狗杂志▪发现🅰💜💜💜
book.kanguwen.com,0,💬名著阅读,https://book.kanguwen.com/,6,1,📚 名著阅读
m.qikuaizw.com,0,奇快中文,http://m.qikuaizw.com/,7,1,奇快中文
m.uuks.org,0,游泳看书（发现）,https://m.uuks.org,8,1,UU看书
809803.com,0,三秋书阁,https://www.809803.com,5,1,梦远书城1
guoxuemi.com,0,版·国学迷,http://www.guoxuemi.com,6,1,💫国学迷◆名著
xyyuedu.com,0,轩宇阅读,https://www.xyyuedu.com,6,1,📚 轩宇阅读
100ben.net,0,📚 一百本书[仅发现],http://www.100ben.net,6,7,📚一百本网|📚 100本|📚100本网|100本·出版|📚一百本书#嘚嘚21.0201
etingshu.com,1,📻 易听书网,https://www.etingshu.com/,6,3,📻 易听书网|♬ 易听书 #破冰1025|♬ 易听书 #破冰
01bz5555.xyz,0,第一版主◾️,http://www.01bz5555.xyz/,8,1,🔞 第一版主
m.du11du.com,0,✨读一读🎉📱,http://m.du11du.com/,6,1,🎉 读一读
doupobook.com,0,🎉 斗破小说,https://www.doupobook.com,6,2,👍 斗破|🎉 斗破
chinaucai.com,0,✐   睡前顶点,https://www.chinaucai.com/,5,1,🍒 睡前顶点小说
yawenb.com,0,🍒 雅文言情,https://www.yawenb.com,5,1,🔆雅文小说
ddshu.net,0,豆豆小说,https://www.ddshu.net,7,2,豆豆小说网|豆豆小说网
yanqbook.com,0,❄️  后  花 园,https://www.yanqbook.com#grid tr!0,5,2,🍒 后花园|o🌸 后花园
m.yqxxs.net,0,🍒 言情小小说,http://m.yqxxs.net,6,1,言情小说#南笙21.0101
39shubao.com,0,嗷呜书包,http://www.39shubao.com,7,2,💯39书包|🔰 笔趣阁39shubao.com
xiurenji.cc,0,🍄 秀人集,https://www.xiurenji.cc/,6,1,🍄 秀人集
m.qxzx8.com,0,📖 笔趣阁②,https://m.qxzx8.com,5,1,📜搜笔趣(作者abyssesml)
24en.com,0,🌐 爱思英语[仅发现],https://www.24en.com,6,1,爱思英语🔤
m.p43.net,0,新吾爱网,https://m.p43.net/,5,1,🌸 新吾爱文学
17xs.net,0,Ⓒ 一七小说,https://www.17xs.net/,5,1,🌸 17小说
m.3wwd.com,0,🌸 我的书城,https://m.3wwd.com,6,1,✐  我的书城
nuomi9.com,0,🌸 糯米小说,https://www.nuomi9.com,5,1,糯米小说网
m.1kzw.com,0,笔趣阁#12,http://m.1kzw.com/,5,3,Ⓐ 笔趣阁⑫|Ⓐ 笔趣阁⑫|🌸 笔趣阁
shuapi.jiaston.com,0,✎ 笔趣阁,https://shuapi.jiaston.com,6,2,🐶★APP-1★|🌸 ★APP-3★
baoshuxuan.com,0,宝书网,https://www.baoshuxuan.com,6,2, 宝书轩|宝书网
aaaks.com,0,🌸 爱看书,https://www.aaaks.com,5,1,爱看书
clewx.com,0,🎉醋溜儿文学,https://www.clewx.com/,6,3,🌸 醋溜儿|🎉 醋溜儿文学|🍺 醋溜儿
oldtimescc.cc,0,✐   旧时光,https://www.oldtimescc.cc,6,1,🌸 旧时光@芜恙
22pq.com,0,🌸 武道文学,http://www.22pq.com,6,1,武道文学
biqiuge.com,0,🌸 笔趣阁,https://www.biqiuge.com,5,2,笔趣阁|笔趣阁XI
daocaorenshuwu.com,0,🚀 稻草人书屋,http://www.daocaorenshuwu.com,6,4,🌸 稻草人✈|🌸 稻草人|🎉稻草人书屋|🔥稻草人书屋
danpang.com,0,🌸 蛋胖小说,https://www.danpang.com,6,1,蛋胖小说
wap.lychewang.com,0,六月文学,http://wap.lychewang.com/,6,1,🌸 六月文学
kanshujun.cc,0,🎉 看书君,https://www.kanshujun.cc,6,1,🌸 看书君君
m.soxscc.net,0,💦搜小说③①,https://m.soxscc.net/,6,4, 搜小说|🍺 搜小说|●♛+搜小说net✔︎✦ md|✾+ 搜小说
360wxw.com,0,圣罗兰雾,https://www.360wxw.com/,6,2,🌸 3600文学|360文学网①
tianhuajinshu.com,0,🌸 在线全免小说网,https://www.tianhuajinshu.com,5,1,♻️在线全免小说网
kayege.info,0,🌸 卡夜阁,https://www.kayege.info,5,2,卡夜阁②|卡夜阁②™备用
58xs.com,0,🌸 58小说网②,http://www.58xs.com,5,1,♠ 58小说①
m.pxtxt.com,0,🌸 破晓小说网,https://m.pxtxt.com,5,1,🔆破晓小说网
mgxs.net,0,🌸 追书网②,https://www.mgxs.net,6,1,💦追书网②
wap.7kwx.com,0,🌸 奇快小说②,https://wap.7kwx.com,5,1,🔆奇快中文网
qvyue.com,0,趣阅,https://www.qvyue.com,5,5,🌸 趣阅|趣阅网#南笙21.0101|趣阅小说|🌸 趣阅|🐶趣阅小说
m.zhuiyo.com,0,🎉 追呦文学,https://m.zhuiyo.com,6,3,○♛追哟文学m md #一程|🎉追哟文学|追哟文学
xs.jiuyunw.cn,0,🌸 旧云小说,https://xs.jiuyunw.cn/wap,5,1,旧云小说
kenshuwu.com,0,🌸 啃书屋,http://www.kenshuwu.com,5,1,🔆啃书屋
wap.txtle.com,0,书朋网,https://wap.txtle.com,6,2,Ⓢ书朋网|书朋网
xsese.com,0,🌸 小小说,http://www.xsese.com,6,1,🎉 小小说
jxtemi.com,0,Ⓑ 新千千,https://www.jxtemi.com,7,3,Ⓑ 新千千|👍 千千[防盗字体]|👍新千千看书网
fqxsw.net,0,👍番茄小说,http://www.fqxsw.net,5,1,番茄小说
m.pomowxw.com,0,🌸 泼墨文学,https://m.pomowxw.com,5,1,泼墨文学
xiashu99.com,0,♛ 下书久久✘ #一程 发现x,https://www.xiashu99.com#yc1101,6,5,👍 下书久久|💦下书文学①|下书久久|Ⓐ 下书网①|♜下书网①
wap.qqtxt.net,0,Ⓒ 千千小说网,https://wap.qqtxt.net#未月十八改,5,2,Ⓒ 千千小说网②|千千小说网
m.bxwx.co,0,🌸 笔下文学,https://m.bxwx.co,6,1,♠ 笔下文学③
9txs.com,0,💯 九桃小说,https://www.9txs.com/,6,6,🌸 九桃小说②|九桃小说‼️|🎉 九桃小说网™|九桃|ä¹æ¡
m.imbg.cc,0,🌸 妙笔阁cc,https://m.imbg.cc,5,1,🥕妙笔阁
biqu6.cc,0,🍁笔趣阁⑯⑦,http://www.biqu6.cc/,6,1,🌸 笔趣阁
xingshubao.net,0,新书包网,https://www.xingshubao.net,7,2,💯新书包网|新书包网
x81xzw.com,0,💯新八一中文,http://www.x81xzw.com/,6,1,🌸 新八一中文①
xlewen.com,0,乐文小说①,https://www.xlewen.com/,6,2,🎉 乐文小说|♜+乐文小说① #破冰1101
biqiku.net,0,💯笔趣库小说,https://www.biqiku.net/,6,1,🌸 笔趣库
52kanshu.org,0,🧐爱书网♨️,http://www.52kanshu.org/,6,2,🌸 爱书网|♜-爱书网 #破冰
lqzw.org,0,🌸 落秋中文①,https://www.lqzw.org,6,1,落秋中文②
uuks.org,0,雨雨看书（发现）,https://www.uuks.org/,8,3,🎉 UU看书|Ⓢ UU看书|✾.Ⓢ UU看书 #未月十八1001
dushu66.net,0,🌸 读书网,https://www.dushu66.net,6,1,💯读书网
m.yqingge.com,0,🐶Ⓢ 言情阁🍒,http://m.yqingge.com#未月十八改,5,2,🔰 言情阁|✾.Ⓢ 言情阁 #未月十八1001
xbxwx.co,0,💯新笔下文学,http://www.xbxwx.co/,6,1,🎉 新笔下文学①
qishuw.com,0,奇书网⑥,https://www.qishuw.com/,6,2,🌸 奇书网⑥|♞奇书网⑥ #破冰1101
m.qvyue.com,0,💯趣阅小说,https://m.qvyue.com/,6,1,🌸 趣阅小说
m.maokanshu.com,0,🥂  猫看书网,https://m.maokanshu.com/,6,2,Ⓐ 猫看书|🌸 猫看书™
2kzw.com,0,🎉2K中文网,https://www.2kzw.com/,5,2,🌸 2K中文网|💎 2k中文网
19826.net,0,Ⓢ 19826,https://www.19826.net,7,2,Ⓢ 19826|Ⓢ 19826
xigua211.com,0,西瓜小说网,https://www.xigua211.com/wap_index.html ,6,1,👍西瓜网
51txt.cc,0,✐   五一 txt,https://www.51txt.cc/,6,1,🌸 51txt
youzibook.cc,0,💦柚子小说①,https://www.youzibook.cc/,5,2,🍊 柚子小说|♜-柚子小说 #破冰
33yqxs.net,0,🎉 33言情小说,https://www.33yqxs.net,6,1,💯33言情小说
kanshutang.org,0,🔰 看书堂,https://www.kanshutang.org,5,2,🍊 看 书 堂|♛ 看 书 堂 #Namo1101
xqqxs8.com,0,💯千千小说③,https://www.xqqxs8.com/,6,1,🌸 千千小说③
qqxsnew.net,0,千千小说①,https://www.qqxsnew.net/,6,2,🌸 千千小说①|♜+千千小说① #破冰1101
yawenba.net,0,雅文小说（发现）,https://www.yawenba.net/,8,2,♜+雅文言情小说 #破冰1101|📚 雅文小说
xquledu.com,0,👍 无错小说网,http://www.xquledu.com/,8,4,a👍无错小说网|♛ 无错小说 #Namo1101|👍 无错小说网xquledu.com|无错小说1#南笙21.0101
dengbi2.com,0,🌸 灯笔小说,https://www.dengbi2.com,6,1,灯笔小说
tyue.me,0,婷阅中文,https://www.tyue.me/,6,2,🌸 婷阅|🏆婷阅中文¹🌱🪐Ⓜ️💦💢💥有空白页
m.dbiqu.com,0,大笔趣阁,https://m.dbiqu.com/,6,1,大笔趣阁
18xs.com,0,🌸 18小说②,https://www.18xs.com,6,1,🎉18小说②
m.qbiqu.com,0,笔趣阁[qbiqu],https://m.qbiqu.com/,5,1,笔趣阁[qbiqu]
m.caimoge.com,0,采墨阁②,https://m.caimoge.com/,6,1,采墨阁
m.5izhenjiang.com,0,☘️笔趣阁&☘️,http://m.5izhenjiang.com/,5,1,☘️笔趣阁&☘️
m.75zhongwen.com,0,Ⓐ 起舞中文,https://m.75zhongwen.com#渊呀edit,5,2,✾.Ⓐ 起舞中文 #未月十八1001|起舞中文
52biqv.com,0,笔趣阁52bqv👿看注释,https://www.52biqv.com/,6,1,笔趣阁52bqv👿看注释
m.as16.me,0,🎉 16号书库,https://m.as16.me,5,3,Ⓐ 16号书库|✾.Ⓐ 16号书库 #未月十八1001|16号书库.as16
shuwulou.com,0,♠ 书屋楼,https://www.shuwulou.com/,6,1,🍺 书屋楼
chuanyuemi.com,0,🍁笔趣阁⑪⓪,https://www.chuanyuemi.com/,5,1,🍁笔趣阁⑪⓪
wap.cyewx.com,0,笔趣阁cyewx,https://wap.cyewx.com/,5,1,笔趣阁cyewx
newbixia.com,0,💦新笔下文学①,http://www.newbixia.com/,5,1,🍺 新笔下文学
clewxx.com,2,醋溜儿文学[cl],https://www.clewxx.com##自用,6,1,👔 醋溜儿网
630ksw.com,0,🍺 630看书,http://www.630ksw.com,5,2,🔥 恋上你②|👍 恋上你②
sckean.com,0,🔰笔趣阁sc,https://www.sckean.com/,5,1,🔰笔趣阁sc
630ksw.com-by dark,0,🍺 630看书,http://www.630ksw.com-By Dark,5,2,630看书|630 看书#南笙21.0101
zhuidu.cc,0,🍺 追读看书,https://www.zhuidu.cc,6,1,🎉追读看书
biqu007.com,0,🔰新笔趣阁007,https://www.biqu007.com/,5,1,🔰新笔趣阁007
wuxs.org,0,✐   舞文小说,http://www.wuxs.org,5,1,✾+舞文小说
hybooks.cn,0,爱阅小说[hy],http://www.hybooks.cn/,5,3,爱阅小说①|🍺 爱阅|🎊 爱阅
yooread.net,0,🍺 悠读[仅发现],https://www.yooread.net#sort-con-wp a,6,3,👍悠读文学|o悠读文学#南笙21.0101|🔰 悠读文学
m.bqgsw.org,0,笔趣阁书屋（凡人修仙传）,https://m.bqgsw.org/,5,1,笔趣阁书屋（凡人修仙传）
yawen.cc,0,💯雅文小说①,https://www.yawen.cc/,6,2,💊 雅文言情|✾+雅文言情
shupu.org,0,🍺 流星小说[仅发现],https://www.shupu.org,6,1,♠ 流星小说
biqugexs.la,0,🍁笔趣阁⑭①,http://www.biqugexs.la/,5,1,🍁笔趣阁⑭
5200wx.com,0,我爱小说,https://www.5200wx.com/,8,2,我爱小说|👔 我爱小说
kuaidu.org,0,🍁笔趣阁⑯①,http://www.kuaidu.org/,5,1,🍁笔趣阁⑯
dizun.cc,0,🐶Ⓒ 帝尊小说💯,https://www.dizun.cc#未月十八edit,5,2,🍺 帝尊小说|帝尊小说
bxwx.co,0,✐   笔下文学,https://www.bxwx.co/,8,4,✐   笔下文学|🌸 笔下文学|🔆笔下文学⭐|Ⓢ 笔下文学②
biqugo.com,0,🍁笔趣阁㉚①,https://www.biqugo.com/,5,1,🍁笔趣阁㉚
pingyuege.com,0,🍁笔趣阁㊷①,https://www.pingyuege.com/,5,1,🍁笔趣阁㊷
m.csxsrc.com,0,长沙❤️💜,https://m.csxsrc.com,6,2,🍺 长沙小说|👾长沙小说
89wxw.com,0,🔰89文学网,https://www.89wxw.com/,6,1,🍺 89文学网
ibiqudiao.com,0,🍁笔趣阁㊺①,http://www.ibiqudiao.com/,5,1,🍁笔趣阁㊺
m.babayu.com,0,巴巴鱼,https://m.babayu.com/,6,3,巴巴鱼|🌸 巴巴鱼m|✾+巴巴鱼
m.kybook.com,0,💦科源小说①,http://m.kybook.com/,6,2,♜-科源小说 #破冰1101|🍺 科源小说
zjhzfw.cc,0,🍁笔趣阁⑤②,http://www.zjhzfw.cc/,5,1,🍁笔趣阁⑤②
dengbi.cc,0,💦灯笔小说网,https://www.dengbi.cc/,5,1,🍺 灯笔小说
kubiji.org,0,🎊小刀阅读# 酷笔记,https://www.kubiji.org/,5,2,✔︎㊝ 酷笔记✦ ♛♛♛ kubiji.|🍺 酷笔记
yidu.la,0,🎉 易读小说,https://www.yidu.la,6,1,🎉易读小说
fuximiye.net,0,🍁笔趣阁⑥②,http://www.fuximiye.net/,5,1,🍁笔趣阁⑥②
readbook8.com,0,🎉读书吧,https://www.readbook8.com/,5,1,🍺 读书吧
biqudi.cc,0,🍁笔趣阁⑥⑥,http://www.biqudi.cc/,5,1,🍁笔趣阁⑥⑥
37zw.la,0,🍺 三七中文,https://www.37zw.la,6,1,🔰三七中文①
flshuwu.com,0,🍺 飞卢书屋[仅发现],https://www.flshuwu.com,6,2,👍 飞卢书屋|🔰飞卢书屋③
wangyuxs.com,0,🍁笔趣阁⑦②,http://www.wangyuxs.com/,5,1,🍁笔趣阁⑦②
m.360wxw.com,0,🍺 360文学[仅发现],http://m.360wxw.com,6,1,🍺 360文学
bqg5.cc,0,🍺 笔趣阁②,https://www.bqg5.cc,5,1,👍笔趣阁⑤②
biquge002.com,0,🍁笔趣阁⑰⓪,http://www.biquge002.com/,6,3,🍁笔趣阁⑪②|🍁笔趣阁⑰⓪|🍁笔趣阁⑪②
biqugeg.com,0,👍笔趣阁⑧⑤,https://www.biqugeg.com/,5,1,👍笔趣阁⑧⑤
ddbiquge.cc,0,👍笔趣阁⑧⑦,https://www.ddbiquge.cc/,5,1,👍笔趣阁⑧⑦
m.69zw.com,0,📃69中文网②,https://m.69zw.com,6,1,📃69中文网②
biqiugege8.com,0,👍笔趣阁⑩④,https://www.biqiugege8.com/,5,1,👍笔趣阁⑩④
biquge0.cc,0,笔趣阁,https://www.biquge0.cc/,7,1,🍁笔趣阁⑭③
bqgdu.com,0,🍁笔趣阁⑯⑨,https://www.bqgdu.com/,6,1,🍁笔趣阁⑯⑨
97parse.com,0,👍 97阅读①,https://www.97parse.com,5,1,🍺 97阅读
biyunjiangmu.com,0,🎉碧云将暮①,http://www.biyunjiangmu.com/,6,1,🍺 碧云将暮
biqidu.com,0,🍁笔趣阁⑰②,https://www.biqidu.com/,6,1,🍁笔趣阁⑰②
bqgreed.com,0,♜✎笔趣阁⑰③ #pb,http://www.bqgreed.com/#♤pb,6,2,🍁笔趣阁⑰③|🍁笔趣阁⑰③
biqugla.com,0,🍁笔趣阁⑰④,http://www.biqugla.com/,6,1,🍁笔趣阁⑰④
67shu.net,0,🎉六七书吧①,https://www.67shu.net/,6,2,♜67书吧① #破冰1101|🍺 67书吧
m.xs63.com,0,🐑雪森冷色,http://m.xs63.com,5,5,✾+杰米哒|Ⓢ 杰米哒|✾.Ⓢ 杰米哒 #未月十八1001|✾杰米哒① #关耳|🌸杰米哒
xbqgxs.net,0,🍁笔趣阁⑰⑥,https://www.xbqgxs.net/,5,1,🍁笔趣阁⑰⑥
lyyww.com,0,🍁笔趣阁⑱⑥,http://www.lyyww.com/,5,1,🍁笔趣阁⑱⑥
shuhaiwu.com,0,💦书海屋小说,https://www.shuhaiwu.com/,6,2,🎉 书海屋|♜-书海屋 #破冰1101
syxfgov.cn,0,🍁笔趣阁⑱⑦,http://www.syxfgov.cn/,5,1,🍁笔趣阁⑱⑦
ggdownxs.co,0,🏀 格格党②,https://www.ggdownxs.co/,6,1,格格党⑦
m.33yq.org,0,🎉33言情①①,https://m.33yq.org/,6,1,33言情[m]
16zw.com,0,🎉一六中文网,https://www.16zw.com/,5,1,🍺 一六中文网
boy5.com,0,🔰笔趣阁⑫④,https://www.boy5.com/,5,1,🔰笔趣阁⑫④
m.biqudu.net,0,🔖笔趣阁b10,https://m.biqudu.net/,5,1,🔖笔趣阁b15
biquduge.com,0,🔰笔趣阁⑫⑦,http://www.biquduge.com/,5,1,🔰笔趣阁⑫⑦
173kxs.com,0,🧐173K小说♨️,https://www.173kxs.com/,5,3,173K小说阅读网|🎉一起上看小说|🌸 173K小说阅读网
farpop.com,0,🎉非主流中文网①,https://www.farpop.com/,6,2,🍺 非主流中文网|非主流中文网
chinayzxx.net,0,🍁笔趣阁⑲⓪,http://www.chinayzxx.net/,5,1,🍁笔趣阁⑲⓪
yueshuxsw.com,0,🎉阅书小说网,https://www.yueshuxsw.com/,6,1,🎉 阅书小说网①
x520xs.com,0,🎉新五二小说,https://www.x520xs.com/,5,2,📖 520 小说|♜新520小说 #破冰1101
ranwenw.com,0,🎉 燃文小说⑧,http://www.ranwenw.com,5,2,🎉燃文小说⑧|♜燃文小说⑧ #破冰1101
yqkbook.com,0,🎉一起看书,https://www.yqkbook.com/,5,1,🍺 一起看书
biqufu.com,0,♠ 笔趣阁㉒,http://www.biqufu.com/,5,1,♠ 笔趣阁㉒
m.biqugewx.com,0,笔趣阁文学网,https://m.biqugewx.com/,5,1,笔趣阁文学网
ucxsw.org,0,🎉UC小说网,http://www.ucxsw.org/,5,1,UC小说网
bquge7.com,0,🍁笔趣阁⑰①,http://www.bquge7.com/,6,2,♜✎笔趣阁⑰① #pb|🍁笔趣阁⑰①
ebqg.net,0,💯笔趣阁⑭,https://www.ebqg.net/,6,1,💯笔趣阁⑭
m.xdzxsw.com,0,🎉大众小说,https://m.xdzxsw.com/,6,1,🍺 大众小说
72wx.org,0,🎉72文学①,https://www.72wx.org/,5,1,🍺 72文学
scxs.pigqq.com,0,🐚笔趣阁,https://scxs.pigqq.com/,6,1,🐬笔趣阁
yxgxs.net,0,🎉云轩阁③①,http://www.yxgxs.net/,6,2,🍺 云轩阁③|♜云轩阁③ #破冰1101
38dushu.com,0,Ⓐ 三八读书,https://www.38dushu.com#未月十八改,5,3,Ⓐ 三八读书网|✾.Ⓐ 三八读书网 #未月十八1001|三八读书网
xbiquge520.com,0,🔰新笔趣阁,https://www.xbiquge520.com/,5,1,🔰新笔趣阁
siluke8.com,0,🍺 思路客⑩,http://www.siluke8.com,6,2,🎉思路客⑩①|♜思路客⑩ #破冰
siluke6.com,0,🎉思路客⑪,http://www.siluke6.com/,6,1,🍺 思路客⑪
biqugebang.com,0,笔趣阁,https://www.biqugebang.com/,5,1,笔趣阁
800txt.org,0,🎉八百小说④,https://www.800txt.org/,6,2,🍺 800小说④|♜800小说④ #破冰1101
biqusan.com,0,笔趣阁,https://www.biqusan.com/,7,2,笔趣阁|新笔趣阁①
byzw.cc,0,🍺 八一中文⑦,https://www.byzw.cc,6,1,🚄八一中文byzw.cc
tmwx.net,0,♠ 笔趣阁⑯,https://www.tmwx.net/,5,1,♠ 笔趣阁⑯
69zw.com,0,🎉69中文④①,https://www.69zw.com/,5,5,👑69中文网#1|✾♜69中文网① #未月十八|🐶Ⓐ 六九中文①🍒|Ⓐ 69中文网①|✾.Ⓐ 69中文网① #未月十八1001
m.16kzw.com,0,🔆16k中文🌱⭐,https://m.16kzw.com/,6,2,Ⓐ 一六中文|✾.Ⓐ 16k中文 #未月十八1001
westshu.com,0,🎉西子书院①,https://www.westshu.com/,5,1,🌸 西子书院
mdxs.com,0,🎉梦岛小说①,https://www.mdxs.com/,6,2,🎉 梦岛小说|♜梦岛小说 #破冰1101
nuoqiuu.com,0,🎉诺秋中文,https://www.nuoqiuu.com/,6,1,🍺 诺秋中文
23wx.io,0,顶点小说① #未月十八1001,http://www.23wx.io/,7,5,♜顶点小说㉓ #破冰|♜顶点小说㉓ #破冰|👍顶点小说㉒|顶点小说① #未月十八1001|🔖顶点小说①
xbxwx.cc,0,🎉新笔下文学②,https://www.xbxwx.cc/,6,1,🍺 新笔下文学②
bxwx520.com,0,🎉笔下文学⑤,https://www.bxwx520.com/,6,1,🍺 笔下文学⑤
bxwz9.org,0,笔下文学⑥,https://www.bxwz9.org,6,1,笔下文学
dingdiann.net,0,🎉顶点小说⑰,https://www.dingdiann.net/,6,2,🍺 顶点小说⑰|🎉 顶点小说youle
xaixs.org,0,🍺 星空小说网,https://www.xaixs.org,5,1,🎉星空小说网
xinqingdou.net,0,㊝ 新青豆小说 ♛♛♛♚ +,https://www.xinqingdou.net/,8,2,㊝ 新青豆小说 ♛♛♛♚ +|🍺 新青豆小说
qb520.cc,0,🍺 全本小说⑦,https://www.qb520.cc,6,1,🎉全本小说⑦
biqupao.com,0,🎉笔趣泡,https://www.biqupao.com/,5,1,🍺 笔趣泡
ptzw.com,0,🎉 飘天中文,https://www.ptzw.com,6,1,飘天中文
zaiduu.cc,0,🍺 再读中文,https://www.zaiduu.cc,5,2,🎉再读中文|♝再读中文 #破冰
xs222.cc,0,💦顶点小说⑧,https://www.xs222.cc/,6,2,👍 顶点小说⑧|♜-顶点小说⑧ #破冰1101
bkxsw.net,0,🎉博看小说①,https://www.bkxsw.net/,6,3,♜博看小说 #破冰|♜博看小说 #破冰1101|博看小说
23wxxx.com,0,顶点小说⑦,http://www.23wxxx.com/,6,3,♜-顶点小说⑦ #破冰1101|♜-顶点小说⑦ #破冰|顶点小说⑦
114zww.com,0,🍺 114中文网,https://www.114zww.com,6,1,🎉一四中文网
eshuba.org,0,🎉E书吧,http://www.eshuba.org/,5,2,♜E书吧 #破冰|E书吧
huashuge8.com,0,🎉华书阁,https://www.huashuge8.com/,5,1,🍺 华书阁
m.huanyue1234.com,0,🎉幻月书院①,http://m.huanyue1234.com/,6,1,🌸 幻月书院
2wxs.net,0,🎉我爱小说①,https://www.2wxs.net/,5,1,🍺 我爱小说①
3jzw.com,0,㊕三江中文网♜♜+ + 精校,http://www.3jzw.com/,5,2,三江中文网|♜三江中文网 #破冰1101
moyankanshu.com,0,🎉魔眼看书,https://www.moyankanshu.com/,5,1,🍺 魔眼看书
aiqu.la,0,爱去小说网②,https://www.aiqu.la,5,1,🎉爱去小说网②
27txt.org,0,爱去小说网,http://www.27txt.org/,5,1,🍺 爱去小说网③
iquxs.com,0,🎉爱去小说网,https://www.iquxs.com/,5,1,🍺 爱去小说网⑤
11889.net,0,👍 启迪小说,https://www.11889.net,6,2,♜ 启迪小说 #一程|♜ 启迪小说 #一程
qirexs.com,0,🎉奇热小说,https://www.qirexs.com/,6,2,♜奇热小说② #破冰1101|🍺 奇热小说②
866zw.org,0,🎉八六中文网,https://www.866zw.org/,5,1,🍺 八六中文网
5du5.org,0,🎉吾读网小说,http://www.5du5.org/,6,1,🍺 吾读网
19xs.com,0,🎉一九小说网,https://www.19xs.com/,6,1,🍺 19小说网
23zw.la,0,傲世中文,https://www.23zw.la/,7,1,🌸 傲世中文网①
m.sobenshu.com,0,搜本书,https://m.sobenshu.com/,6,1,搜本书
m.babk.net,0,📡 凤舞文学,https://m.babk.net/,5,1,凤舞文学
lewen001.com,0,乐文小说⑩,https://www.lewen001.com,5,1,🎉乐文小说⑩
9kmy.com,0,🍺 零点看书③,http://9kmy.com,6,1,🎉零点看书③
789xs.com,0,🎉789小说网,https://www.789xs.com/,5,1,🍺 789小说网
518xs.com,0,♜518小说网 #破冰1101,https://www.518xs.com/#pb1101,5,2,🎉518小说网|🍺 518小说网
999zw.net,0,🎉三九中文网,https://www.999zw.net/,6,1,🍺 三九中文网
bookbao.tw,0,🎉书包网③①,http://www.bookbao.tw/,5,1,🍺 书包网③
800xs.com,0,🎉八零小说⑥,https://www.800xs.com/,6,1,🍊 800小说网
800xs.org,0,🍺 800小说⑤,https://www.800xs.org,6,1,🎉800小说⑤
quanben.la,0,🍺 全本小说⑨,https://www.quanben.la,6,3,全本小说|♜全本小说⑨ #破冰1101|♜全本小说⑨ #破冰
lewenxs.com,0,🎉乐文小说⑧,https://www.lewenxs.com/,6,1,🍺 乐文小说⑧
kayege.net,0,✾♝卡夜阁,https://www.kayege.net/,7,3,✾♝卡夜阁|👍 卡夜阁|卡夜阁1#南笙21.0101
22mt.co,0,🎉 墨坛文学②,http://www.22mt.co,6,2,🎉墨坛文学②|♜墨坛文学② #破冰1101
nuomi99.com,0,🔆糯米小说🌱,https://www.nuomi99.com/,6,1,🍺 糯米小说
yefeiyexsw.com,0,🎉叶非夜小说,http://www.yefeiyexsw.com/,6,1,🍺 叶非夜小说
qk-tv.com,0,趣看小说,http://www.qk-tv.com,6,1,🎉趣看小说
mdxs123.com,0,🎉米读小说①,https://www.mdxs123.com/,6,3,🌸 米读小说|♜米读小说 #破冰|🔞 米读小说④
sckaichi.com,0,🏷️斋书苑,https://www.sckaichi.com/,6,1,🍺 斋书苑③
biqukan.la,0,🎉笔趣看③①,https://www.biqukan.la/,6,1,🍺 笔趣看③
booktxt.io,0,顶点小说,https://www.booktxt.io/,6,1,🍺 顶点小说㉒
aikantxt.co,0,🎉爱看小说①,https://www.aikantxt.co/,6,1,🍺 爱看小说
00xs.us,0,🎉00小说网②,https://www.00xs.us/,6,2,♜00小说网② #破冰1101|🍺 00小说网②
qushuba.net,0,趣书吧,https://www.qushuba.net/,5,1,🎉趣书吧
xuanshu6.com,0,🎉选书网②①,https://www.xuanshu6.com/,6,2,选书网[xuan]|♜选书网② #破冰1101
wmtxt.net,0,🎉无名小说网,https://www.wmtxt.net/,6,1,🍺 无名小说
18xs.cc,0,🎉一八小说②,https://www.18xs.cc/,5,1,🌸 18小说②
bsm-china.com,0,🍺 天籁小说②,https://www.bsm-china.com,5,1,🎉天籁小说②
tlxs.com,0,👍 天籁小说①,http://www.tlxs.com,6,3,🍺 天籁小说③|🎉天籁小说③|♜天籁小说③ #破冰1101
mt1988.com,0,🎉嘀嗒小说①,http://www.mt1988.com/,6,1,🍺 嘀嗒小说
kanshu521.com,0,Ⓑ 看书网,http://www.kanshu521.com/,5,2,♜看书网 #破冰1101|看书网
txtshuji.com,0,TXT书籍,http://www.txtshuji.com,5,2,🎉TXT书籍|♜TXT书籍 #破冰1101
epzw.org,0,🍺 一品中文网,http://www.epzw.org,5,1,🎉一品中文网
ranwenxs.com,0,🎉燃文小说⑩,https://www.ranwenxs.com/,6,1,🍺 燃文小说⑩
m.xbiqiwu.com,0,比奇屋(手机版),http://m.xbiqiwu.com,0,1,比奇屋~m.xbiqiwu.com
cdxiaoshuo.com,0,🔰超多小说,https://www.cdxiaoshuo.com/,5,1,🔰超多小说
52xiaoshuo.com,0,🎉无二小说①,https://www.52xiaoshuo.com/,6,1,🍺 52小说②
zwba.net,0,📜八一中文⑬,http://www.zwba.net/,6,1,🍺 八一中文⑬
xsiluke.com,0,优思路客,https://www.xsiluke.com,7,5,Ⓐ 思路客③|🎉思路客⑪①|Ⓐ 思路客③|🍺 思路客ⓧ|🎊 ⓧ思路客
xzwdu.com,0,📜八一中文⑭,https://www.xzwdu.com/,6,2,🍺 八一中文⑭|♜八一中文⑭ #破冰1101
txtbook.net,0,🍺 顶点小说㉗,https://www.txtbook.net,6,1,🎉顶点小说㉗
223wx.com,0,顶点小说,http://www.223wx.com/,6,1,🍺 顶点小说㉘
x222xs.com,0,顶点小说,https://www.x222xs.com/,6,1,🍺 顶点小说㉙
222book.com,0,🍺 顶点小说㉚,https://www.222book.com,6,1,🎉顶点小说㉚
dyzww.com,0,🎉第一中文网,http://www.dyzww.com/,6,2,♜第一中文网② #破冰|🍺 第一中文网②
x32xs.com,0,🎉乡村小说,http://www.x32xs.com/,5,1,🍺 乡村小说
23us.cc,0,🎉顶点小说①,https://www.23us.cc/,5,1,🎉 顶点小说㉜
zwduba.com,0,🍺 顶点小说㉝,https://www.zwduba.com,6,1,🎉顶点小说㉝
m.xintaihengqi.com,0,🍺 顶点小说㉞,http://m.xintaihengqi.com,5,1,🎉顶点小说㉞
pinshuw.la,0,品书居,http://www.pinshuw.la/,6,2,🍺 品书居|♜品书居 #破冰1101
kxs7.net,0,🍺 看小说去,https://www.kxs7.net,6,1,🎉看小说去
tieshuw.com,0,🍺 铁书网,http://www.tieshuw.com,6,2,♜铁书网 #破冰1101|🎉铁书网
yyxsw.org,0,🍺 烟雨小说网,https://www.yyxsw.org,6,2,🎉烟雨小说网|♜烟雨小说网 #破冰1101
m.33xs.cc,0,🎉三三小说①,https://m.33xs.cc/,6,1,🍺 33小说
nbxwx.com,0,🎉笔下文学⑪,https://www.nbxwx.com/,5,1,🍺 笔下文学⑪
wtlbook.com,0,🎉梧桐落小说,https://www.wtlbook.com/,6,3,📖 梧桐落网|梧桐落|♜梧桐落 #破冰
wap.2kzhongwen.com,0,书趣阁,https://wap.2kzhongwen.com/,5,1,书趣阁
qf-xs.com,0,🍺 千帆小说,http://www.qf-xs.com,6,1,🎉千帆小说
piaoyuxuan.com,0,🎉飘雨轩小说,https://www.piaoyuxuan.com/,6,4,♜飘雨轩 #破冰1101|🍺 飘雨轩|♜飘雨轩 #破冰|飘雨轩
88dushuw.com,0,🍺 八八读书网,http://www.88dushuw.com,6,2,♜八八读书网 #破冰1101|🎉八八读书网
ziyouge.org,0,🎉紫幽阁,http://www.ziyouge.org/,5,2,xx♜紫幽阁 #破冰|🍺 紫幽阁
shumilou.com,0,书迷楼③,https://www.shumilou.com,6,2,🎉书迷楼③①|♜书迷楼③ #破冰1101
shuwulou.cc,0,🍺 书屋楼,https://www.shuwulou.cc,6,1,🎉书屋楼小说
xsiluke.net,0,🐶思路客⑬🍒,https://www.xsiluke.net/,5,2,思路客⑦|♜思路客⑬ #破冰1101
m.txtbook.org,0,🎉电子书,https://m.txtbook.org/,6,1,🍺 电子书
52du.net,0,🎉我爱读小说,https://www.52du.net/,5,1,🔰 我爱读小说
remenxs.org,0,🍺 热门小说②,https://www.remenxs.org,5,2,🎉热门小说②|♜热门小说② #破冰1101
qbyqxs.com,0,🎉全本言情①,http://www.qbyqxs.com/,6,2,🌸 全本言情|♜全本言情 #破冰1101
ggdown8.com,0,🎉格格党②①,https://www.ggdown8.com/,5,2,🌸 格 格 党 |🔥 格格党
biquze.com,0,88中文,http://www.biquze.com/,5,2,🍺 88中文网|♜88中文网 #破冰1101
m.ujxs.com,0,悠久小说,http://m.ujxs.com/,6,2,🍺 悠久小说|♜悠久小说
miz5.com,0,🎉书林文学①,http://www.miz5.com/,6,2,🍺 书林文学|♜书林文学 #破冰1101
wxg7.com,0,🎉给力文学③,http://www.wxg7.com/,6,2,♜给力文学③ #破冰1101|🍺 给力文学③
ytzww.com,0,🎉倚天中文网,http://www.ytzww.com/,5,1,🍺 倚天中文网
lianxs.com,0,🎉恋小说网,https://www.lianxs.com/,6,1,恋小说网
shuyue.la,0,🎉书阅小说网,http://www.shuyue.la/,6,1,🍺 舒阅网
61ww.net,0,🎉无限小说网④,https://www.61ww.net,6,1,🎉无限小说网④
fqzw.net,0,番茄中文,https://www.fqzw.net,5,3,🎉番茄中文|番茄小说|♜番茄中文 #破冰1101
m.rmxs8.net,0,🎉热门小说③,https://m.rmxs8.net/,6,2,🌸 热门小说③|㊝ 热门小说m ♛♛
bjkj66.com,0,🍺 有书楼,https://www.bjkj66.com,6,1,🎉有书楼
book.xiaoshuocms.com,0,🌸 小说CMS,http://book.xiaoshuocms.com,6,2,🎉小说CMS|🌸 小说CMS
25zw.com,0,🍺 25中文网①,http://www.25zw.com,6,2,🎉25中文网①|♜25中文网 #破冰1101
1dwxw.com,0,🎉一点文学①,https://www.1dwxw.com/,5,1,🍺 一点文学
kbwang.com,0,康贝小说（发现）,https://www.kbwang.com,6,3,♜康贝小说网 #破冰|康贝小说网|♜康贝小说网 #破冰1101
lbxzw.com,0,🎉老百姓中文,https://www.lbxzw.com/,6,1,🍺 老百姓中文
paoshubaxs.com,0,🎉泡书吧①①,http://www.paoshubaxs.com/,6,3,🎉 泡书吧网|♜泡书吧① #破冰|♜泡书吧① #破冰1101
paoshudu.com,0,🎉泡书读,http://www.paoshudu.com/,6,1,🍺 泡书读
69shu8.com,0,🎉69书吧⑤①,http://www.69shu8.com/,6,2,🍺 69书吧⑤|♜69书吧⑤ #破冰1101
xs1234.com,0,🎉小说1234①,https://www.xs1234.com/,5,1,🍺 小说1234
txthui.com,0,🎉小说汇小说,https://www.txthui.com/,5,1,🍺 小说汇
piaotianwx.com,0,♜飘天文学⑥ #破冰1101,http://www.piaotianwx.com/#pb1101,6,2,🍺 飘天文学⑥|🎉飘天文学⑥
jdxsw.net,0,🎉经典小说网,https://www.jdxsw.net,6,1,🎉经典小说网
bcxsw.com,0,🎉白菜小说,https://www.bcxsw.com/,5,1,🍺 白菜小说
minishuwu.net,0,🍺 迷你书屋,https://www.minishuwu.net,6,1,🎉迷你书屋
harenliu.com,0,🍺 豆豆小说,http://www.harenliu.com,6,1,🎉豆豆小说
piaotianw.com,0,🍺 飘天文学③,http://www.piaotianw.com,6,1,飘天文学
kuwenxs.com,0,酷文小说,http://www.kuwenxs.com/,6,1,🍺 酷文小说
liehuoshuba.com,0,🍺 烈火书吧,https://www.liehuoshuba.com,6,1,🔰烈火书吧
yisouwx.com,0,🍺 宜搜文学,https://www.yisouwx.com,6,1,🔰宜搜文学
shangshu.cc,0,🎉上书库小说,https://www.shangshu.cc/,5,1,🍺 上书库
haishuwang.com,0,🎉海书网小说,https://www.haishuwang.com/,5,1,🍺 海书网
jieqi.pw,0,杰奇书屋①,https://www.jieqi.pw/,6,3,杰奇书屋|杰奇书屋 |♜杰奇书屋 #破冰
87sk.com,0,🍺 八七玄幻,http://www.87sk.com,5,2,🎉八七玄幻|♜八七玄幻 #破冰1101
biquwu.com,0,🍺 笔趣屋,https://www.biquwu.com,5,1,🎉笔趣屋
biqukan8.com,0,🍺 笔趣看④,http://www.biqukan8.com,6,1,🎉笔趣看④
75dr.com,0,🍺 75小说,https://www.75dr.com,6,1,🎉75小说
bookjia.com,0,🍺 书家文学,https://www.bookjia.com,6,1,🎉书家文学
m.biqugee.com,0,🍺 笔趣阁,https://m.biqugee.com,6,1,🍇笔趣阁
m.xinremenxs.com,0,💦新热门小说,https://m.xinremenxs.com/,6,3,🍺 新热门小说|👍 热门小说|🍺 新热门小说
m.suyueg.com,0,🍺 速阅阁,https://m.suyueg.com,5,2,👍 速阅阁|🏵️ 速阅阁
72wxw.com,0,🎉七二文学②,http://www.72wxw.com/,5,3,🍺 72文学②|♜-72文学② #pb|♜-72文学② #pb
xianyukanshu.com,0,🍺 咸鱼看书,https://www.xianyukanshu.com,6,1,咸鱼看书<搜索验证码>
yaoyuexs.com,0,🍺 邀月小说,http://www.yaoyuexs.com,6,1,🔰邀月小说
cjwxw.com,0,🍺 长江文学网,http://www.cjwxw.com,5,3,♜长江文学网 #破冰1101|🎉长江文学网|♜长江文学网 #破冰
xnwxw.com,0,♜仙女文学网 #破冰1101,http://www.xnwxw.com/#pb1101,5,3,🍺 仙女文学网|🎉仙女文学网|♜仙女文学网 #破冰
41xsw.com,0,🍺 四一小说网,http://www.41xsw.com,5,3,♜四一小说网 #破冰1101|🎉四一小说网|♜四一小说网 #破冰
jsxsw.com,0,绝世小说网,http://www.jsxsw.com/,5,3,🍺 绝世小说网|♜绝世小说网 #破冰1101|♜绝世小说网 #破冰
rzwxw.com,0,🎉日照文学网,http://www.rzwxw.com/,5,3,🎉 日照文学网|♜日照文学网 #破冰1101|♜日照文学网 #破冰
82wxw.com,0,八二文学网,http://www.82wxw.com/,5,3,🍺 八二文学网|♜八二文学网 #破冰1101|♜八二文学网 #破冰
180xs.com,0,🎉一八零小说,http://www.180xs.com/,5,3,🍺 180小说|♜180小说 #破冰|♜180小说 #破冰1101
73txt.com,0,♜-七三电子书 #破冰,http://www.73txt.com/#pb1101,5,3,⚡️七三电子书|🍺 七三电子书|♜-七三电子书 #破冰
xywxw.com,0,咸鱼文学网,http://www.xywxw.com/,5,3,🍺 咸鱼文学网|♜咸鱼文学网 #破冰|♜咸鱼文学网 #破冰1101
ipxsw.com,0,🍺 IP小说网,http://www.ipxsw.com,5,1,🎉IP小说网
pmwxw.com,0,🍺 泡面文学网,http://www.pmwxw.com,5,3,♜泡面文学网 #破冰1101|🎉泡面文学网|♜泡面文学网 #破冰
xinshujy.com,0,🍺 书家园,https://www.xinshujy.com,6,1,🎉书家园
zilangwx.com,0,🔰紫琅文学,https://www.zilangwx.com/,6,1,🍺 紫琅文学
210book.com,0,🍺 顶点小说㊱,https://www.210book.com,5,1,🎉顶点小说㊱
lelebook.com,0,🎉乐乐小说,http://www.lelebook.com/,6,1,🍺 乐乐小说
shenshuxs.com,0,🍺 神书网shenshuxs,https://www.shenshuxs.com,6,2,🎉神书网|Ⓐ 神书网
xlwxsw.com,0,🎉 乐文小说网,https://www.xlwxsw.com,6,5,💎小刀阅读#乐文小说|乐文小说|💎 乐文小说#onede|🎉乐文小说⑪|⚡️乐文小说
4kxiaoshuo.com,0,🍺 4k小说网,https://www.4kxiaoshuo.com,6,1,🎉4k小说网
kuman5.com,0,酷漫屋-自用,http://kuman5.com,6,1,酷漫屋
wap.readfar.com,0,🍺 读远手机版🌱,https://wap.readfar.com,6,1,🎉 读远手机版
qq.hehuamei.com,0,🍺 笔趣阁,http://qq.hehuamei.com,6,1,Ⓢ 笔趣阁⑳
zaishuyuan.com,0,🍺 斋书苑,http://zaishuyuan.com,5,1,🍏 斋书苑
18sbook.com,0,🚬 爱巴士,https://www.18sbook.com,6,1,🎋爱巴士书房🎋
gzqiyuan.com,0,🍺 起源小说,https://www.gzqiyuan.com,6,1,起源小说
31xsw.net,0,💦一小说网②,https://www.31xsw.net/,6,3,♜-31小说网② #破冰1101|🎉 31小说网②|31小说网②
wap.2kzw.com,0,82小说,https://wap.2kzw.com/,5,1,🍺 2K中文
qududu.net,0,🔰 去读读,http://www.qududu.net,5,1,🔰 去读读
02shu.cc,0,🍺 零二书屋,http://www.02shu.cc,5,3,Ⓐ 02书屋|💦02书屋|🔰 02书屋
xiaoshuo240.com,0,🍺 笔趣阁①⑤②,https://www.xiaoshuo240.com,6,1,💫笔趣阁❶❺❷
qubook.cc,0,♛趣書,https://www.qubook.cc#一程md43,6,1,🐑趣书小说
qqxiaowo.net,0,千千小说①,http://www.qqxiaowo.net,5,1,千千小说①
doulaidu.com,0,🔰 都来读,https://www.doulaidu.com/,5,1,🍺 都来读
ranwen.com,0,Ⓐ 燃文小说①,https://www.ranwen.com,7,3,♠ 燃文小说③|♜-燃文小说① #破冰|Ⓐ 燃文小说①
diwuxs.com,0,🎉第五小说网,https://www.diwuxs.com/,5,1,🎉 第五小说网
zibibi.com,0,🎉 紫笔文学,https://www.zibibi.com,5,2,👑紫笔文学|⚡️紫笔文学
wujiuwenxue.com,0,🔰伍九文学,https://www.wujiuwenxue.com/,6,1,🎉 伍九文学
m.xiaoyanwenxue.com,0,小燕文学##修复净化,https://m.xiaoyanwenxue.com/,6,3,Ⓒ 小燕文学|Ⓒ 小燕文学|🎉 小燕文学
bqg26.com,0,🍁笔趣阁⑨⑤,https://www.bqg26.com/,6,1,🎉 笔趣阁#6
xiaoshuo7.net,0,🍺 小说旗,https://www.xiaoshuo7.net,6,1,🎉小说旗①①
m.wanbentxt.net,0,Ⓒ 完本神站,http://m.wanbentxt.net/#onede,5,2,🎉 完本神站|🔆完本神站m.wanbentxt.net
qgqy.com,0,🎉青果小说①,http://www.qgqy.com/,5,1,🎉 青果小说
m.zjxsfm.com,0,🎉 知己,https://m.zjxsfm.com,5,1,🎉 知己
xbiquge6.com,0,🎉 笔趣阁⑨,http://www.xbiquge6.com,5,1,笔趣阁 6
m.xinremenxs.net,0,🎉 新热门小说[仅发现],https://m.xinremenxs.net,6,1,🏷️新热门小说🌱
i7wx.com,0,🎉 爱奇文学,http://www.i7wx.com,5,1,爱奇文学[🔰]
tongshu.net,0,🎉 桐树小说网,https://www.tongshu.net,5,3,🎉桐树小说网|♜桐树小说网|♜桐树小说网
biquge.com,0,👍 笔趣阁 biquge,http://www.biquge.com,5,2,🎉 笔趣阁|🎉笔趣阁㊹
m.biquge.com,0,🎉 笔趣阁②,https://m.biquge.com,6,2,♠ 笔趣阁②|🎉 笔趣阁移动版[仅发现]
biquge.lol,0,♠ 笔趣阁⑧,https://www.biquge.lol/,5,1,♠ 笔趣阁⑧
5666xs.com,0,566小说网#玄奇21.0202,http://www.5666xs.com#玄奇21.0202,6,1,🎉 566小说网
shukeba.com,0,🎉 书客吧,https://www.shukeba.com,5,1,书客吧
siheds.com,0,🎉 四合读书[仅发现],http://www.siheds.com,6,1,四合读书（修复发现）
bqg99.cc,0,🍁笔趣阁㊸①,https://www.bqg99.cc/,6,2,笔趣阁131|笔趣阁
dingdiann.com,0,🎉 顶点小说⑮,https://www.dingdiann.com,5,2,👍顶点小说⑥|顶点中文②
zwwx.com,0,💦中文文学网,https://www.zwwx.com/,6,2,🌸 中网文学|🎉 中网文学
biquya.com,0,💦追书网③,http://www.biquya.com/,6,1,🎉 追书网①
xxbiquge.com,0,🎉 笔趣阁X,http://www.xxbiquge.com,5,1,🎉 新笔趣阁②
mangg.net,0,🎉 追书网②,https://www.mangg.net,5,1,🏀 追书网②
qqxs5200.com,0,🎊千千小说⑦,https://www.qqxs5200.com/,6,2,🎉 千千小说②|千千小说网④
37zw.net,0,👍 三七中文,https://www.37zw.net#一程,6,3,🎉 三七中文|👍三七中文①|三七中文
d586.com,0,🔰D586小说网,https://www.d586.com/,6,1,🎉 D586小说网
qktxt.com,0,🎉 去看书网[仅发现],https://www.qktxt.com,6,1,🔰去看书网
m.zw0000.com,0,🎉紫薇中文①,https://m.zw0000.com/,5,1,⚡紫薇小说网
72wx.com,0,🎉 七二文学™九天之狼,http://www.72wx.com,5,2,🎉72文学|72文学网
m.72wx.com,0,🎉 72文学,https://m.72wx.com,5,1,七二文学
m.5858xs.com,0,🎉 58小说网[仅发现],http://m.5858xs.com,6,1,58小说网①5858xs.com#玄奇2
xsbiquge.com,0,🎉 新笔趣阁,https://www.xsbiquge.com,5,1,笔趣阁
m.xs63.org,0,小说路上,https://m.xs63.org,5,1,小说路上⊙
qizi01.com,0,🎉 棋子小说,https://www.qizi01.com,5,2,棋子小说|棋子小说#南笙21.0101
kpwxw.com,0,🎉 鲲鹏文学网,http://www.kpwxw.com,5,3,🎉鲲鹏文学网|♜鲲鹏文学网 #破冰1101|♜鲲鹏文学网 #破冰
m.wenxuesk.com,0,无限小说网⑨,https://m.wenxuesk.com,6,1,🚬 无限小说网[修]
shusvip.com,0,🎉 唯品书阁shusvip,https://www.shusvip.com,6,1,🔆唯品书阁
sulage.com,0,🎉 苏拉格[仅发现],http://www.sulage.com,6,1,♠ 书拉阁
gaobi.net,0,🎉 笔下文学gaobi[仅发现],https://www.gaobi.net,6,1,笔下文学gaobi
xs7.co,0,🎉 小说旗co,https://www.xs7.co,5,1,小 说 旗
fansg.cc,0,翻书阁,https://www.fansg.cc/,6,1,翻书阁
zh.usa1lib.org,0,💬Zlibrary,https://zh.usa1lib.org/,6,1,💬Zlibrary
m.ranwen52000.com,0,🎉燃文小说④,https://m.ranwen52000.com/,6,1,🎉 燃文小说
6mzw.com,0,🎉 六毛中文,https://www.6mzw.com,5,1,六毛阅读
m.22ff.org,0,🔖爱书网①,https://m.22ff.org,5,1,无弹窗小说网[📱]~22ff.org
b520.org,0,🔆笔趣阁❽❸,http://www.b520.org/,8,1,🎉 笔趣阁❽❸
csgbook.com,0,藏书阁,http://www.csgbook.com/,5,1,📖 藏书阁网
m.ixs.cc,0,🍻 爱小说,https://m.ixs.cc,5,1,🔆爱小说
kukaxx.com,0,酷看小说,http://www.kukaxx.com,6,1,🎉酷看小说
mianhuatang.co,0,🎉 棉花糖小说②[仅发现],https://www.mianhuatang.co,6,2,💦棉花糖小说②|棉花糖小说①
m.x81zw.com,0,八一中文①,https://m.x81zw.com,5,1,八一中文
sanyewu.com,0,🎉 三叶屋[仅发现],https://www.sanyewu.com,6,2,🎉三叶屋|三叶屋#南笙21.0101
m.aiqingxs.com,0,🎉 爱情小说[仅发现],https://m.aiqingxs.com,6,1,🍺 爱情小说手机版
shuquxs.com,0,💯思路客小说,https://www.shuquxs.com/,6,5,思路客①|㊝ 思路客① ♜♜|🎉 思路客①[仅发现]|Ⓑ 思路客①|🍺 书趣小说
as16.me,0,🎉 AS16ME[仅发现],http://www.as16.me,6,1,🔰 16号书库
xsxu.net,0,🎉 小说续,http://www.xsxu.net,5,1,💫小说续
see023.com,0,🎉 快眼看书[仅发现],https://www.see023.com,6,1,快眼~see023.com
23txt.com,0,👍 天籁小说[仅发现],http://www.23txt.com,6,3,🎉 天籁小说[仅发现]|天籁小说|💯天籁小说
jsls1.com,0,🎉 溜书网[仅发现],http://www.jsls1.com,6,1,溜书网
3zmmm.com,0,🎉 优·三掌门™,https://www.3zmmm.com,5,1,👍三掌门
bifeige.com,0,🎉 笔趣阁㉗[仅发现],https://www.bifeige.com,6,1,🔆笔趣阁❽❶
tingshuge.com,0,🎉 笔趣阁㉘,https://www.tingshuge.com,6,3,♻️笔趣阁❶❸|🎉大神吧小说|🍺 大神吧小说
bqgxx.com,0,🎉 笔趣阁㉙,https://www.bqgxx.com,6,1,笔趣阁
biquge.vip,0,🎉 笔趣阁⑨⑤,https://www.biquge.vip,6,2,🍁笔趣阁⑨⑤|🎉 笔趣阁MM
biquger.com,0,🎉 笔趣阁⑩③,http://www.biquger.com,6,4,🍁笔趣阁⑩③|♻️笔趣阁❺|笔趣阁 biquger|🎉笔趣阁③
hananke.com,0,🎉 笔趣阁⑩⑧,https://hananke.com,6,3,🔆笔趣阁❻❹🌱⭐|👍 笔趣阁hananke|🎉笔趣阁⑩⑦
biqugewu.com,0,🎉 笔趣阁⑫⓪,https://www.biqugewu.com,6,1,🍁笔趣阁⑥⓪
1kzw.com,0,🍁笔趣阁⑭①,http://www.1kzw.com/,6,1,🎉 笔趣阁⑭①
qianqianxsw.com,0,🎉 千千看书,https://www.qianqianxsw.com,5,1,🔰千千看书
2baob.com,0,🍁笔趣阁⑧②,http://www.2baob.com/,6,1,🎉 笔趣阁
xinbook5.com,0,🌸 新书小说网,https://www.xinbook5.com,5,1,新书小说网
txtbook.org,0,🎉 电子书,https://www.txtbook.org,6,1,💫电子书
axxsw.com,0,🎉 傲轩小说网,http://www.axxsw.com,6,1,🎉 傲轩小说
biqugeq.com,0,🍁笔趣阁⑬⑧,https://www.biqugeq.com/,6,1,🎉 笔趣阁
m.yssm.info,0,🎉幼狮书盟①,http://m.yssm.info/,5,1,🎉 幼狮书盟
35wx.com,0,💦三五文学网,https://www.35wx.com/,6,1,🎉 三五文学网
m.x999xs.net,0,九灵小说,https://m.x999xs.net##@尐哖,8,1,九灵小说
dingdianorg.com,0,🎉 顶点小说,https://www.dingdianorg.com,6,1,💦顶点小说⑪
m.shudai.org,0,💦书呆网小说,https://m.shudai.org/,6,1,🎉 书呆网
dushuge.net,0,🔆读书阁,https://www.dushuge.net/,6,1,🎉 读书阁
m.rmxsba.net,0,🎉 热门小说[仅发现],https://m.rmxsba.net,6,1,💦热门小说②
whtxt.com,0,🎉 武魂小说[仅发现],https://www.whtxt.com,6,1,💦武魂小说
qb50.com,0,🪵 全本小说,https://www.qb50.com,6,1,💦全本小说②
biqugeu.net,0,笔趣阁,https://www.biqugeu.net/,6,1,🎉 笔趣阁
3wwd.com,0,🎉 我的书城[仅发现],http://www.3wwd.com,6,1,我的书城
x23us.us,0,顶点小说,http://www.x23us.us,5,3,🔖顶点小说|顶点二三|🎉顶点小说㉑
xxqb5200.com,0,💯全本小说①,https://www.xxqb5200.com/,6,1,🎉 全本小说
kanshu5.la,0,💯看书啦小说,https://www.kanshu5.la/,6,1,🎉 看书屋[仅发现]
fbxsw.com,0,💯58小说①,http://www.fbxsw.com/,6,1,🎉 58小说
xinbxwx.net,0,🎉 笔下文学[仅发现],https://www.xinbxwx.net,6,1,🏷️笔下文学③🌱
m.kubiji.org,0,🎉 小说酷笔记[仅发现],https://m.kubiji.org,6,1,🎉酷笔记💜💜💜
m.shouda8.com,0,🎉 手打吧,https://m.shouda8.com,6,1,手打吧
m.xinshuhaige.org,0,🎉 书海阁[仅发现],https://m.xinshuhaige.org,6,1,书海阁
9biquge.com,0,笔趣阁,https://www.9biquge.com/,8,1,笔趣阁d07
tianxiabachang.cn,0,🍁笔趣阁⑧,https://www.tianxiabachang.cn/,6,3,🍁笔趣阁⑧|🎉 笔趣阁|笔趣阁㊲
yanmoxuan.org,0,🎉 衍墨轩,https://www.yanmoxuan.org,5,1,🎉衍墨轩③
paoshuzw.com,0,笔趣阁,http://www.paoshuzw.com,7,1,📖 新笔趣阁
m.xtxtrar.com,0,🎉 酷书网xtxtrar[仅发现],http://m.xtxtrar.com,6,1,酷书网xtxtrar(手机版)
xarsd.com,0,瑞思达,https://www.xarsd.com/,6,1,🤶瑞  思  达
yanmuer.com,0,烟幕小说,http://www.yanmuer.com/,5,1,🎉 烟幕小说
6co.cc,0,🎉 六酷小说网,https://www.6co.cc,5,1,六酷小说网
pinshuku.com,0,🎉 品书库,https://www.pinshuku.com,5,1,品书库
m.aiazw.com,0,爱爱中文网,https://m.aiazw.com/,5,1,🎉 爱爱中文网
qianfanxs.com,0,千帆小说,https://www.qianfanxs.com,7,2,千帆小说|Ⓒ 千帆小说
ywggzy.com,0,🎉笔下文学⑥,http://www.ywggzy.com/,5,1,🎉 笔下文学
m.wed2010.com,0,🎉 笔趣阁,http://m.wed2010.com,5,1,🍩 笔趣阁
weishijing66.com,0,🎉 笔趣阁 weishijing,http://www.weishijing66.com,5,1,笔趣阁 weishijing66
m.wqge.cc,0,🎉 笔趣阁,https://m.wqge.cc,6,1,🍏 笔趣阁
bxxk.org,0,🎉 笔下星空,https://www.bxxk.org,5,1,笔下星空
m.kbiquge8.com,0,📖 看书吧网,https://m.kbiquge8.com,6,2,📖 看书吧网|🔰 看书吧
230book.com,0,㊝ 顶点小说 ♜♜♜ 230book,https://www.230book.com/,6,2, 230book|👍顶点小说💙💙💙230book🅰#南笙
m.linovelib.com,0,哔哩轻小说,https://m.linovelib.com,8,2,🎈 哔哩轻小说|🎈 哔哩轻小说
biqujia.com,0,🍁笔趣阁㊽,http://www.biqujia.com/,6,2,🎉 笔趣阁㊽|🎉 笔趣阁
280xs.com,0,📃顶点小说①,https://www.280xs.com/,6,3,🎉 顶点小说①|👍 顶点①|👍 顶点①
23us.net,0,🎉顶点小说⑳,https://www.23us.net/,5,1,🔰 顶点小说23us
jiyaetuomaoji.com,0,🎉 88读书③,https://www.jiyaetuomaoji.com,6,2,🍹 88读书网|Ⓑ 88读书
dzs5.com,0,💊 电子书屋,https://www.dzs5.com,5,1,电子书屋
suquge.com,0,🎉书趣阁②,https://www.suquge.com/,6,1,🎉 书趣阁②[仅发现]
amxs.cc,0,🎉 艾米小说[仅发现],https://www.amxs.cc,6,1,艾米小说
e1w.net,0,🎉 顶点小说㉖,https://www.e1w.net,6,1,🎉顶点小说㉖
qianbitxt.com,0,🎉 铅笔小说②[仅发现],https://www.qianbitxt.com,6,1,🎉铅笔小说②
qiyuanxs.com,0,🎉起源小说①,https://www.qiyuanxs.com/,6,2,💊 起源小说|♜起源小说 #破冰1101
biqugecc.cc,0,💦爱小说,https://www.biqugecc.cc/,6,1,🎉 爱小说
qqwmx.com,0,千千小说,http://www.qqwmx.com,8,1,千千小说[qqwmx]
xqb5200.com,0,全本小说,https://www.xqb5200.com/,6,2,🍊 全本小说①|♜-全本小说③ #破冰1101
biqushuo.com,0,💦笔趣说①①,https://www.biqushuo.com/,6,1,🎉 笔趣说①
58160.com,0,💦欧巴小说网,https://www.58160.com/,6,1,🎉 欧巴小说网
ztv.la,0,梧州中文台 ztv,https://www.ztv.la/,7,5,o🎉 梧州中文台𖤓#一介20.0831慢|🐶梧州|🐶梧州中文𖤓|梧州中文|梧州中文
shuchong.info,0,  b💯书虫💜全部▪分类▪💜💜💜🔎bak,https://www.shuchong.info,8,11,🧐书虫中文网|  b💯书虫💜全部▪分类▪💜💜💜🔎bak|🧐SCIF♨️|a💯书虫▪完结/连载▪💜💜💜🔎(原斋书苑|  b💯书虫💜全部🔎 #edit3 ba
m.slzww.org,0,💦新思路中文网,https://m.slzww.org/,6,2,♜-新思路中文网 #破冰|🎉 新思路中文网
97ub.org,0,㊝幽冰中文♜♜+ 精校,http://www.97ub.org/,5,1,🎉 幽冰中文
xiumb.net,0,🎉 秀书网①,https://www.xiumb.net,6,1,💦秀书网①
89shu.com,0,🎉 顶点小说⑩,http://www.89shu.com,6,1,💦顶点小说⑩
chaofanxs.com,0,超凡小说,https://www.chaofanxs.com/,6,1,小刀阅读#超凡小说
biquduu.com,0,💦笔趣读①,https://www.biquduu.com/,6,1,🎉 笔趣读①
8v8v.org,0,Ⓢ 第三中文网,https://www.8v8v.org,7,2,Ⓢ 第三中文网|💦第三中文网
jjshu.com,0,燃文小说,https://www.jjshu.com/,6,1,🎉 燃文小说⑤
lmxsw.com,0,💦追书网②,https://www.lmxsw.com/,6,1,🎉 追书网②
biquwo.net,0,♜-蜡笔小说 md #破冰 ▼列表书少 qu-la.com,http://www.biquwo.net/,8,2,⚡蜡笔小说|♜-蜡笔小说 md #破冰 ▼列表书少 
biquwoo.com,0,💦笔趣窝,http://www.biquwoo.com/,5,1,🎉 笔趣窝
klxs.vip,0,💦可乐小说①,https://www.klxs.vip/,6,1,🎉 可乐小说①
23usb.com,0,💦顶点小说⑬,https://www.23usb.com/,6,1,🎉 顶点小说⑬
xiaoshuoya.com,0,💦小说涯,http://www.xiaoshuoya.com/,5,4,💫小说涯|♜-小说涯 #破冰1101|♜-小说涯 #破冰|小说涯.xiaoshuoya#玄奇21.
biquabc.com,0,📜笔趣ABC,http://www.biquabc.com/,6,3,笔趣ABC|♜-笔趣ABC w #破冰 m列表|🎉笔趣abcd①
35booktxt.com,0,💦三五文学网,https://www.35booktxt.com/,6,1,🎉 三五文学网
lwread.org,0,青州,https://www.lwread.org,6,1,【⚚⋆乐文阅读】
wangshugu.com,0,🎉 望书阁,https://www.wangshugu.com,5,2,💦望书阁|💦望书阁
xsw5.com,0,💦小说屋②①,https://www.xsw5.com/,6,1,❄️  小说屋②
52bqg.cc,0,🍁笔趣阁①①,https://www.52bqg.cc/,6,1,🎉 笔趣阁①
ibswtan.com,0,🍁笔趣阁②,https://www.ibswtan.com/,6,3,👍 笔趣阁|📖 笔趣阁1|笔趣阁②
biquwx.la,0,🔰 笔趣阁,https://www.biquwx.la/,6,1,🔰 笔趣阁
wqge.net,0,🍁笔趣阁⑱①,http://www.wqge.net/,6,2,♜ ✎笔趣阁⑱ #破冰|🎉 笔趣阁⑱
60734.com,0,🎉 笔趣阁⑳,https://www.60734.com,6,1,笔趣阁
dbiquge.com,0,🍁笔趣阁㉑①,https://www.dbiquge.com/,6,1,🎉 笔趣阁㉑
jid5.com,0,🍁笔趣阁㉓①,https://www.jid5.com/,6,1,💊 笔趣阁㉓
m.xindingdianxsw.com,0,🎉顶点小说⑬,https://m.xindingdianxsw.com/,6,3,🔆新顶点m.xindingdianxsw|🎉 顶点|📚顶点小说#美波21.0126
bqgxxx.com,0,🍁笔趣阁㉙,https://www.bqgxxx.com/,6,1,🎉 笔趣阁㉙
xxbiquge.net,0,🍁笔趣阁㉜,https://www.xxbiquge.net/,6,1,🎉 笔趣阁㉜
m.zhaishuyuan.com,0,🧐斋书苑⑤,https://m.zhaishuyuan.com/            ,6,5,斋书苑|🧐斋书苑③💯|💯斋书苑①|🌸 斋书苑|📚斋书苑#美波21.0126
biquge.top,0,🍁笔趣阁㉞①,https://www.biquge.top/,6,1,🎉 笔趣阁㉞
bqge.org,0,🍁笔趣阁㊴①,http://www.bqge.org/,6,1,🌸 笔趣阁⑭
ibiqiuge.com,0,笔趣阁③,https://www.ibiqiuge.com/,6,1,📃笔趣阁㊶
vbiquge.cc,0,笔趣阁,https://www.vbiquge.cc/,6,1,🎉 笔趣阁㊾
biquge2.com,0,🍁笔趣阁⑤①,https://www.biquge2.com/,6,1,🎉 笔趣阁⑤①
xxbqg.com,0,🍁笔趣阁⑤②,https://www.xxbqg.com/,6,1,♻️笔趣阁③🌱
longteng2.org,0,🔞 龙腾小说②📖,http://www.longteng2.org,6,2,🔞 龙腾小说②|📒龙腾小说#美波21.0126
vipkanshu.com,0,🍁笔趣阁⑥②,https://www.vipkanshu.com/,6,1,🎉 笔趣阁⑥②
biqugezw.net,0,笔趣阁,http://www.biqugezw.net/,8,1,💊 笔趣阁⑥⑦
bqg11.com,0,🍁笔趣阁⑥⑧,https://www.bqg11.com/,6,1,🎉 笔趣阁⑥⑧
bqg.org,0,笔趣阁,https://www.bqg.org,6,1,🍁笔趣阁⑮⑦
biquge.co,0,📃笔趣阁⑦⑨,https://www.biquge.co,6,3,♜ ✎笔趣阁|♜ ✎笔趣阁⑦⑨ #破冰|笔趣阁⑭
xbiqugexsw.net,0,笔趣阁,http://www.xbiqugexsw.net/,6,1,🎉 笔趣阁⑧①
biqugetw.com,0,🍁笔趣阁⑩⑥,https://www.biqugetw.com/,6,1,🎉 笔趣阁⑩⑥
biqukele.com,0,💫笔趣阁❶❹❺,https://www.biqukele.com/,5,1,🎉 笔趣阁⑪⓪
xugongping.com,0,💫笔趣阁❶❹❻,https://www.xugongping.com/,5,1,🎉 笔趣阁⑪①
bqg74.com,0,🍁笔趣阁⑪②,https://www.bqg74.com/,6,1,🎉 笔趣阁⑪②
bqg27.com,0,🍁笔趣阁⑪③,https://www.bqg27.com/,6,1,🎉 笔趣阁⑪③
biquchong.cc,0,笔趣阁,http://www.biquchong.cc/,6,1,🎉 笔趣阁⑪⑧
biquok.com,0,🍁笔趣阁⑯⑦,http://www.biquok.com/,6,1,🎉 笔趣阁⑪⑨
cyewx.com,0,🎉 笔趣阁⑫②,https://www.cyewx.com,6,1,🍁笔趣阁⑫②
dvdspring.com,0,🔆笔趣阁❷🌱,http://www.dvdspring.com/,6,1,🎉 笔趣阁⑫③
biqu321.com,0,🍁笔趣阁⑫④,http://www.biqu321.com/,6,2,♜ ✎笔趣阁⑫④ #破冰 m列表|🎉 笔趣阁⑫④
cnhxfilm.com,0,🍁笔趣阁⑫⑥,http://www.cnhxfilm.com/,6,2,🎉 笔趣阁⑫⑥|♜ ✎笔趣阁⑫⑥ #破冰
gxlztc.net,0,🍁笔趣阁⑫⑦,http://www.gxlztc.net/,5,1,🎉 笔趣阁⑫⑦
lebangyimin.com,0,🔰 笔趣阁,http://www.lebangyimin.com/,5,1,🎉 笔趣阁⑫⑨
cc148.net,0,🍺 笔趣阁⑬⓪,https://www.cc148.net,6,1,🍁笔趣阁⑬⓪
biquge.so,0,📃笔趣阁⑬①,https://www.biquge.so/,6,1,📃笔趣阁⑬①
biquge98.com,0,笔趣阁132,https://www.biquge98.com/,6,2,♜-✎笔趣阁⑬② #破冰|🌸 笔趣阁⑬②
236n.cn,0,🔆笔趣阁❻⓿,https://www.236n.cn/,6,1,🎉 笔趣阁⑬③
biqugedi.com,0,🎉 笔趣阁⑬⑤,https://www.biqugedi.com,6,1,🍁笔趣阁⑬⑤
biqugw.com,0,🎉 笔趣阁⑬⑦,http://biqugw.com,6,1,🍁笔趣阁⑬⑦
x27gu.com,0,🎉 笔趣阁⑭③,http://www.x27gu.com,6,1,🍁笔趣阁⑭③
biquexs.com,0,🍁笔趣阁⑭⑦,http://www.biquexs.com/,6,1,🎉 笔趣阁⑭⑦
biqugev.com,0,🎉 笔趣阁⑭⑧,http://www.biqugev.com,6,1,🍁笔趣阁⑭⑧
xinbiqugew.com,0,笔趣阁,https://www.xinbiqugew.com/,6,2,🎉 笔趣阁⑮⑥|♜ ✎笔趣阁⑮⑥ #破冰
xbqg.buzz,0,🎉 笔趣阁⑮⑦,http://www.xbqg.buzz,6,1,🍁笔趣阁⑮⑦
xxbequge.com,0,🍁笔趣阁⑮⑧,https://www.xxbequge.com/,5,1,🎉 笔趣阁⑮⑧
fubooks.org,0,腐书网,https://www.fubooks.org/,6,1,🎉 腐书网
danteng123.com,0,🧐蛋疼小说网♨️,https://www.danteng123.com/,6,1,🎉 蛋疼小说网
fqx.com,0,♛F&Q.男生,https://fqx.com,8,2,♛F&Q.男生|♛F&Q.女生
zhuiwen.org,0,🎉 追文小说,https://www.zhuiwen.org,6,1,🔰追文小说
baolaixsw.com,0,⚖️ 宝来小说网📥,https://www.baolaixsw.com/,8,2,⚖️ 宝来小说网📥|🎉 宝来小说
heikexs.com,0,🎉 黑客小说,https://www.heikexs.com,6,1,🔰黑客小说
5ilrc.com,0,🔰我爱小说,https://www.5ilrc.com/,6,1,我爱小说网  少敏感字
pashuxs.com,0,🔰爬书小说,https://www.pashuxs.com/,6,1,🎉 爬书小说
xyrwx.com,0,🔰新野人文学,https://www.xyrwx.com/,6,1,🎉 新野人文学
aiqingxs.com,0,🎉 爱情小说,https://www.aiqingxs.com,6,2,🔰爱情小说|🍺 爱情
tlxiaoshuo.com,0,🔰天籁小说④,https://www.tlxiaoshuo.com/,6,1,🎉 天籁小说④
chunqiuxs.com,0,春秋小说,https://www.chunqiuxs.com/,6,1,🎉 春秋小说
rqshuwu.com,0,🎉 若晴书屋,https://www.rqshuwu.com,6,1,🔰若晴书屋
2000xs.com,0,世纪小说,http://www.2000xs.com/,6,1,🎉 世纪小说网
kuaikanxs.com,0,快看小说,https://www.kuaikanxs.com/,6,1,🎉 快看小说
yuexs.com,0,🎉 阅小说网,https://www.yuexs.com,6,1,🔰阅小说网
suimengxs.com,0,🔰随梦小说②,http://www.suimengxs.com/,6,1,🎉 随梦小说
youshixs.com,0,幼狮小说,https://www.youshixs.com/,6,1,🎉 幼狮小说
hanyanxs.com,0,韩延小说,https://www.hanyanxs.com/,6,1,🎉 韩延小说
mengyanzw.com,0,蒙眼中文,https://www.mengyanzw.com/,6,1,🎉 蒙眼中文
shuguanxs.com,0,🔰书馆小说,https://www.shuguanxs.com/,6,1,🎉 书馆小说
zimoxs.com,0,紫陌小说,https://www.zimoxs.com/,6,1,🎉 紫陌小说
tkxiaoshuo.com,0,天空小说,https://www.tkxiaoshuo.com/,6,1,🎉 天空小说
trxiaoshuo.com,0,同人小说,https://www.trxiaoshuo.com/,6,1,🎉 同人小说
mingchaoxs.com,0,🔰明朝小说,https://www.mingchaoxs.com/,6,1,🎉 明朝小说
mengyanxs.com,0,梦魇小说,https://www.mengyanxs.com/,6,1,🎉 梦魇小说
duyiduxs.com,0,读一读,https://www.duyiduxs.com/,6,1,🎉 读一读小说
mishuwx.com,0,谜书文学,https://www.mishuwx.com/,6,1,🎉 谜书文学
wumingwx.com,0,🎉 无名中文,https://www.wumingwx.com,6,1,🔰无名中文
haoduxs.com,0,🧐好读小说♨️,https://www.haoduxs.com/,6,1,🎉 好读小说
gpxiaoshuo.com,0,🎉 鬼片小说,https://www.gpxiaoshuo.com,6,1,🔰鬼片小说
tianxixs.com,0,天下小说,https://www.tianxixs.com/,6,1,🎉 天下小说
qingtxt.com,0,🧐青青小说♨️,https://www.qingtxt.com/,6,1,🎉 青青小说
canghaixs.com,0,灿海小说,https://www.canghaixs.com/,6,1,🎉 灿海小说
heikesw.com,0,🔰黑客书屋,https://www.heikesw.com/,6,1,🎉 黑客书屋
caowuxs.com,0,草屋小说,http://www.caowuxs.com/,6,1,🎉 草屋小说
xinbixs.com,0,🎉 新笔小说,https://www.xinbixs.com,6,1,🔰新笔小说
shuhaixs.com,0,书海小说,https://www.shuhaixs.com/,6,1,🎉 书海小说
lingdixs.com,0,🔰零点小说,https://www.lingdixs.com/,6,2,🎉 零点小说|♞零点小说 #破冰1101
yiyunzw.com,0,医雲中文,http://www.yiyunzw.com/,6,2,🎉 医雲中文|♞医雲中文 #破冰1101
tingshuxs.com,0,🔰听书小说,https://www.tingshuxs.com/,6,1,🎉 听书小说
dianzixs.com,0,🔰电子小说,https://www.dianzixs.com/,6,1,🎉 电子小说
mwxiaoshuo.com,0,美文小说,https://www.mwxiaoshuo.com/,6,1,🎉 美文小说
jiukuxs.com,0,🔰九库小说,https://www.jiukuxs.com/,6,1,🎉 九库小说
ljxiaoshuo.com,0,六九小说,https://www.ljxiaoshuo.com/,6,2,🎉 六九小说|♞六九小说 #破冰1101
39xsw.com,0,三九小说网,https://www.39xsw.com/,6,1,🎉 三九小说网
bxwx520.org,0,🔰笔下文学520,https://www.bxwx520.org/,6,1,🎉 笔下文学520
lanshanwx.com,0,阑珊文学,https://www.lanshanwx.com/,6,1,🎉 阑珊文学
guoduxs.com,0,🎉 国度小说,https://www.guoduxs.com,6,1,🔰国度小说
yitingxs.com,0,一听小说,http://www.yitingxs.com/,6,2,🎉 一听小说|♞一听小说 #破冰1101
ranchenzw.com,0,染尘中文,https://www.ranchenzw.com/,6,1,🎉 染尘中文
sihexs.com,0,四合小说,https://www.sihexs.com/,6,1,🎉 四合小说
lieqixs.com,0,猎奇小说,https://www.lieqixs.com/,6,1,🎉 猎奇小说
piaomiaoxs.com,0,缥缈小说,https://www.piaomiaoxs.com/,6,1,🎉 缥缈小说
heilongxs.com,0,黑龙小说,https://www.heilongxs.com/,6,1,🎉 黑龙小说
biduxs.com,0,必读小说,https://www.biduxs.com/,8,1,🎉 必读小说
txshuku.la,0,📚 天下书库 ,http://www.txshuku.la,6,1,📚 天下书库 
rqxiaoshuo.com,0,若晴小说,https://www.rqxiaoshuo.com/,6,1,🎉 若晴小说①
ruoqingxs.com,0,🔰若晴小说②,https://www.ruoqingxs.com/,6,1,🎉 若晴小说②
shouxs.com,0,🔰搜小说④,http://www.shouxs.com/,6,1,🎉 搜小说④
bsshuwu.com,0,🎉 百年书屋,https://www.bsshuwu.com,6,1,🔰百年书屋
ypxiaoshuo.com,0,🔰一品小说②,http://www.ypxiaoshuo.com/,6,1,🎉 一品小说
ksw8888.com,0,久久名著,https://www.ksw8888.com,6,2,久久名著|📚 久久名著 💡
993xs.com,0,993小说,https://www.993xs.com/,6,1,🎉 993小说
xbyshuwu.com,0,🎉 新八一书屋,https://www.xbyshuwu.com,6,1,🔰新八一书屋
sikuxs.com,0,四库小说,https://www.sikuxs.com/,6,1,🎉 四库小说
cnsyhz.com,0,🔰三月中文,https://www.cnsyhz.com/,6,1,🎉 三月中文
csg99.com,0,藏书阁,http://www.csg99.com,6,2,🔰 藏书阁|藏书阁#南笙21.0101
biquge.lu,0,🎉 笔趣阁⑥⓪,https://www.biquge.lu,5,2,笔趣阁|笔趣阁②
sukucc.com,0,📜速酷小说,http://www.sukucc.com/,6,1,🎉 速酷小说
zzzyq.net,0,🎉 最言情,https://www.zzzyq.net,6,1,🔰 最言情
bkxs.net,0,🎉博看小说②,https://www.bkxs.net/,6,2,🎉 博看小说|👍 博看小说网
630book.com,0,🎉恋上你看书,https://www.630book.com/,5,3,🎉 恋上你看书④|㊝ 恋上你① ♜♜ 630book.co|👍 恋上你①
biquwowo.com,0,🎉 笔趣窝,http://www.biquwowo.com,5,1,💦笔趣窝
zaidu.la,0,🎉 再读中文,https://www.zaidu.la,5,1,再读中文
fuwenh.com,0,🍑 腐文H,https://www.fuwenh.com,6,1,🔥 腐文H
kandashuw.com,0,🎉看大书网,http://www.kandashuw.com/,5,1,🎉 看大书网
m.qianrenge.cc,0,🎉 钱人阁,https://m.qianrenge.cc,5,1,钱人阁
wshulou.com,0,🔰万书楼,https://www.wshulou.com/,6,2,🎉 万书楼③|万书楼
lwxs9.com,0,🎉 乐文小说⑫[仅发现],https://www.lwxs9.com,6,1,🎉乐文小说⑫
xunlingol.com,0,🎉 书荒小说网,https://www.xunlingol.com,6,1,书荒小说网
lesbl.com,0,🔥 lesbl腐书,https://www.lesbl.com,6,1,🔥 lesbl腐书
zhujiwu.org,0,🎉主机屋小说,https://www.zhujiwu.org/,5,2,🍺 主机屋|♜主机屋 #破冰1101
wkxsw.com,0,♜悟空小说② #破冰,http://www.wkxsw.com/#♤pb,5,3,🎉悟空小说②|♜悟空小说② #破冰1101|🎉 悟空小说②
m.cn3k5.com,0,三千五,https://m.cn3k5.com/,6,2,📝三千五|🎉 三千五中文网①
tlai.cc,0,🎉 天籁小说cc,https://www.tlai.cc,5,1,天籁小说cc
trxs.org,0,👍 同人小说,http://www.trxs.org,6,1,🔥 同人小说
bagzw.com,0,八哥小说,https://www.bagzw.com,6,1,🎊八哥小说
biqutv.com,0,🍁笔趣阁⑯④,http://www.biqutv.com/,5,1,🎉 笔趣阁⑯④
m.shudai.xyz,0,🎉 书呆网,https://m.shudai.xyz,6,1,💦书呆网
m.soshuwu.org,0,💦搜书网小说,https://m.soshuwu.org/,6,1,🎉 搜书网③
amp.52dus.net,0,爱读小说网,https://amp.52dus.net/,7,2,🎉 爱读小说网|爱读小说网
hebao520.com,0,🔞 荷包小说,http://www.hebao520.com,6,1,🔞 荷包小说
fengyuxs.com,0,💊 风雨小说②,https://www.fengyuxs.com,6,2,风雨小说|🎉 风雨小说网②
yqbiqu.com,0,🎉 言情小说,https://www.yqbiqu.com,5,1,言情小说
m.bxwx.io,0,👍 笔下文学,https://m.bxwx.io,6,1,🎉 笔下文学⑤
xiaoqiangla.net,0,🔞 小强小说 💡,http://www.xiaoqiangla.net,6,4,小强小说|小强小说|🚬 小强小说|🔞 小强小说
m.ggdxin.com,0,新格格党,https://m.ggdxin.com/,6,1,🎉 新格格党
m.yushuge.com,0,🎉 御书阁,https://m.yushuge.com,6,1,♤ 御书阁
fpzw.org,0,🎉 2K小说,https://www.fpzw.org,6,1,🎉2k小说网①
nonao.com,0,🔞 性艺私塾,https://www.nonao.com,6,1,🔞 性艺私塾
86zw.cc,0,🎉 八六中文网,https://www.86zw.cc,5,1,🎉八六中文网
m.mdxs.com,0,梦岛小说,https://m.mdxs.com/,6,1,🎉 梦岛小说
m.wuxbook.com,0,Ⓒ 无限小说,https://m.wuxbook.com/🐤,5,1,👍 无限小说
m.147xiaoshuo.com,0,147小说,https://m.147xiaoshuo.com,6,1,🎉 147小说[仅发现]
171xs.cc,0,171小说网,http://www.171xs.cc,6,1,🔰 171小说
m.qiduwx.com,0,💊 乐读窝,http://m.qiduwx.com,6,1,乐读窝
yshuge.com,0,👍 阅书阁[仅发现],https://www.yshuge.com,6,1,阅书阁
biqumo.com,0,🍁笔趣阁⑬⑧,https://www.biqumo.com/,6,1,👍笔趣阁③
m.zwdu.com,0,八一中文网,https://m.zwdu.com##1,6,2,👍 八一中文网|👍 八一中文网
uxiaoshuo.net,0,md♝+U小说 pb,https://www.uxiaoshuo.net/#pb,6,2,U小说|💦U小说
le77.com,0,👍 快搜小说网,http://www.le77.com,5,1,快搜小说网
m.vbiquge.com,0,👍 笔趣阁,https://m.vbiquge.com,5,1,笔趣阁
biqubao.com,0,笔趣阁,https://www.biqubao.com/,7,6,笔趣阁163|🔌 笔趣宝™六月|📖 笔趣宝网|✳️笔趣宝|笔趣宝备用™
bashuku.com,0,📖 无敌小说,http://www.bashuku.com,5,1,无敌小说网1
v114.net,0,👍 三江阁,http://www.v114.net,5,1,🔆三江阁
xiaqu.org,0,八月文学,http://www.xiaqu.org,6,1,👍 八月文学
xiaoshuo5.org,0,👍 全本小说[仅发现],https://www.xiaoshuo5.org,6,1,🎉全本小说⑧
xiagu.org,0,👍 峡谷小说,https://www.xiagu.org,6,1,🎉峡谷小说
m.shujy.com,0,Ⓒ 书家园,https://m.shujy.com#未月十八净化,5,2,👍 书家园|🌸书家园
shumilou.net,0,👍 书迷楼①,http://www.shumilou.net,6,2,💦书迷楼②|书迷楼②
liuxs.la,0,👍 五六书库,https://www.liuxs.la,6,1,👍 56书库[仅发现]
m.nvshenxs.com,0,👍 女神小说网[仅发现],https://m.nvshenxs.com,6,1,💫女神小说网
m.dijiubook.com,0,👍 第九中文[仅发现],https://m.dijiubook.com,6,1,第九中文网.dijiubook
shenpinwu.com,0,🎉 神品屋,https://www.shenpinwu.com#grid tr!0,5,2,🎉 神品屋|神品屋
baka.cc,0,👍 88读书网[仅发现],https://www.baka.cc,6,1,🎉88读书网③
17pxs.com,0,👍 一起品小说[仅发现],https://www.17pxs.com,6,2,🎉一起品小说|一起品小说
ltxs.me,0,🔰龙腾小说,http://www.ltxs.me/,6,1,龙腾小说网
ahzww.net,0,👍 爱好中文网[仅发现],https://www.ahzww.net,6,1,👍 爱好中文[仅发现]
4ktxt.com,0,👍 4k小说[仅发现],https://www.4ktxt.com,6,1,♠ 4k小说
cnziyuan.com,0,🎉奇书网⑤,https://www.cnziyuan.com/,6,1,👍 奇书网⑤[仅发现]
m.duoben.net,0,💦多本小说①,https://m.duoben.net/,5,2,👍 多本小说|💠 多本小说
biqutxt.com,0,👍 笔趣阁⑦⑧,http://www.biqutxt.com,5,1,🍁笔趣阁⑦⑧
fn54.com,0,👍 蜂鸟小说网,http://www.fn54.com,5,3,♜蜂鸟小说网 #破冰1101|🎉蜂鸟小说网|♜蜂鸟小说网 #破冰
xhxswz.com,0,👍 邂逅小说网,http://www.xhxswz.com,5,1,邂逅小说网
biqiugexsw.com,0,👍 笔趣阁㉙[仅发现],https://www.biqiugexsw.com,6,1,💦笔趣阁㉙
2meinv.com,2,🔥爱美女,https://www.2meinv.com/,6,1,💽 爱美女网
m.xinshuhaige.com,0,🎉书海阁,http://m.xinshuhaige.com/,5,3,🎉 书海阁|🔑书海阁|书海阁
m.rmxs8.com,0,🧐热门小说①,https://m.rmxs8.com/,6,1,👍 热门小说[仅发现]
m.ffbook.cc,0,👍 若晨文学[仅发现],https://m.ffbook.cc,6,1,若晨文学
79wx.com,0,79文学,https://www.79wx.com/,6,1,🌸 79文学
m.qishubook.com,0,📖 奇书网站,https://m.qishubook.com,6,1,🎉 奇书网
5200wxw.com,0,👍 5200文学网[仅发现],http://www.5200wxw.com,6,1,🎉 5200文学网[仅发现]
168xs.net,0,🎉一六八小说,http://www.168xs.net/,5,2,🔰 168小说|♜168小说 #破冰1101
jininggeyin.com,0,✐   笔下看书,https://www.jininggeyin.com/,5,2,🔰 笔下看书[防盗字体]|💎 笔下看书①#onede
wap.dulaidw.com,0,🔰 读来读往[仅发现],https://wap.dulaidw.com,6,1,读来读往
xuanhutang.com,0,玄葫堂,https://www.xuanhutang.com,2,1,玄葫堂②
wap.bxwenku.com,0,笔下文学[bxw],https://wap.bxwenku.com,5,1,笔下文学
m.87xh.com,0,🔰 八七玄幻[仅发现],https://m.87xh.com,6,1,八七玄幻
m.wawaguai.cc,0,🔰 娃娃乖,https://m.wawaguai.cc,2,1,娃娃乖小说网
ouoou.com,0,ou中文网,http://www.ouoou.com/,5,1,🔰 ou中文网
aisou8.com,0,🎉爱搜吧,http://www.aisou8.com/,6,1,🔰 爱搜吧
zongcaixiaoshuo.com,0,🔰 总裁小说,https://www.zongcaixiaoshuo.com,6,1,总裁小说网🔞
m.bsl666.com,0,🔰 百书楼[仅发现],https://m.bsl666.com,6,1,百书楼m
dingdian.la,0,🔰 顶点小说⑳,http://www.dingdian.la,5,1,🔰 顶点小说
23xsww.com,0,🔰 爱尚小说网,https://www.23xsww.com,6,1,👍爱尚小说网
m.luoqiu.cc,0,💯落秋中文②,https://m.luoqiu.cc/,6,2,🔰 落秋中文②[慢]|🎊 落秋③
haitang123.biz,0,🔖海棠书屋①,https://haitang123.biz,6,1,🚬 海棠书屋②
cjudfcg.net,0,✐    随梦小说,https://www.cjudfcg.net,6,3,✐  随梦小说 ✐|Ⓢ 随梦小说|Ⓢ 随梦小说
api.fankan.wang,0,♜海纳免费小说APP,http://api.fankan.wang,6,1,Ⓢ 微微免费小说
bookben.net,0,🎉书本网小说,https://www.bookben.net/,6,2,✈ 书本网 bookben|Ⓢ 书本网
5atxt.com,0,🍁笔趣阁⑤⑥,https://www.5atxt.com/,6,2,笔趣阁  5atxt|Ⓢ 笔趣阁⑪
xiashu9.com,0,💊 下书网,https://www.xiashu9.com,6,3,下书久久|Ⓢ 下书网②|Ⓢ 下书网②
99xiyue.com,0,🐳歪歪小说,https://www.99xiyue.com,6,2,Ⓢ 歪歪小说|🔰 歪歪小说[防盗字体]
m.tu93.com,0,Ⓢ 兔九三,http://m.tu93.com,7,2,Ⓢ 兔九三|Ⓒ 兔九三
m.lwxs00.com,0,乐文小说,https://m.lwxs00.com,5,1,Ⓢ 乐文小说②
scjld.net,0,📃笔下文学①,https://www.scjld.net/,6,1,👍笔下文学
m.lewen.cc,0,乐文小说,https://m.lewen.cc,5,1,Ⓢ 乐文小说③
ireader.com,0,🔰 掌阅书城,http://www.ireader.com,8,3,💰 掌阅|掌阅出版💯|掌阅出版💯
m.yunxibook.com,0,Ⓐ 云溪小说网,https://m.yunxibook.com#未月十八改,5,2,Ⓐ 云溪小说网|云溪小说网
bqg34.com,0,笔趣阁191,https://www.bqg34.com,6,2,笔趣阁173|Ⓐ 笔趣阁④
llwx.net,0,Ⓐ 啦啦文学,https://www.llwx.net,7,4,Ⓐ 啦啦文学|Ⓐ 啦啦文学|🎉啦啦文学网|啦啦文学网
xbiquge.so,0,♛新笔趣阁so md #一程▼分类列表书少,https://www.xbiquge.so#md-yc1101,6,7,♜ 新笔趣阁① #一程|md♛ 新笔趣阁so  #一程|笔趣阁|新笔趣阁|📦 新笔趣阁
tushu360.com,0,Ⓐ 360小说,http://www.tushu360.com,7,4,♜360小说网② #破冰1101|Ⓐ 360小说|🎉360小说网|✾.Ⓐ 360小说网 #未月十八1001
m.rmipoz.com,0,✐   汝慕小说,http://m.rmipoz.com/,6,2,Ⓐ 汝慕小说|🍒 汝慕小说
swangwx.com,0,神藏小说网,http://www.swangwx.com,5,2,神藏小说网|Ⓐ 神藏小说网
m.yushubo.com,0,御书网,https://m.yushubo.com/,6,3,💊 御书网|Ⓐ 御书网|Ⓐ 御书网②
suanniannian.com,0,🎉算年年小说,https://www.suanniannian.com/,6,6,📖 算年年网|♜算年年|♜算年年 #破冰|🍺 算年年|Ⓐ 算年年
88xdushu.com,0,🐑八八读书,http://www.88xdushu.com,6,4,八八读书网|🎉八八读书网|Ⓐ 八八读书|八八读书网
laoqu123.net,0,Ⓐ 第八区,https://www.laoqu123.net#未月十八改,5,1,Ⓐ 第八区
duyidu.net,0,💯读一读小说,http://duyidu.net/,6,6,md♜+读一读n #破冰|🔰 读一读网|♛读一读 #Namo|Ⓐ 读一读|🎉 读一读①duyidu.net#玄奇2
feiszw.com,0,飞速中文,https://www.feiszw.com,6,2,🎉飞速中文网|Ⓐ 飞速中文
biquge.win,0,笔趣阁W,https://www.biquge.win,5,1,Ⓐ 笔趣阁㉒
m.paozw.com,0,笔趣阁,https://m.paozw.com,6,1,Ⓐ 笔趣阁⑲
biquge9.cc,0,🔆笔趣阁❼❽⭐🌱,https://www.biquge9.cc/,6,2,笔趣阁166|Ⓐ 笔趣阁㉙
23qb.net,0,💯铅笔小说①,https://www.23qb.net/,6,3,🛠️ 铅笔小说网[仅发现[无正文]|🎐铅笔小说|Ⓑ 铅笔小说【需登录】
zhuishu.com,0,💦追书网文学,https://www.zhuishu.com/,6,5,md♝-追书网①  #破冰|o追书网.zhuishu#玄奇21.02|🎉追书网#嘚嘚21.0201|Ⓑ 追书网|🎉 追书网
0dkk.com,0,🔖零点书院,http://0dkk.com,5,1, 零点书院 #未月十八1001
1114txt.com,0,✐   一世书城,https://www.1114txt.com,5,1,Ⓒ 一世书城
qxtxt.com,0,Ⓒ 武侠小说网【分卷】,http://www.qxtxt.com,7,1,Ⓒ 武侠小说网【分卷】
qianyezw.com,0,🐶千叶中文💯,https://www.qianyezw.com,7,3,🐶千叶中文💯|Ⓒ 千叶中文|千叶中文
diexia.com,0,蝶侠小说,https://www.diexia.com,6,1,Ⓒ 蝶侠小说网
74wx.vip,0,👍笔趣阁,https://www.74wx.vip,6,1,📖 74文学网
m.xuebiw.com,0,📜 学笔网,https://m.xuebiw.com,6,1,✐   学笔网
m.5ilrc.com,0,💐我爱小说 5ilrc.com,https://m.5ilrc.com/,6,1,我爱小说网
novel.riji8.com,0,RIJI8,https://novel.riji8.com,5,1,Ⓐ 日记本
qqxsw.la-by dark,0,👍 Ⓐ 千千小说网①,https://www.qqxsw.la-By Dark,5,1,Ⓐ 千千小说网①
jipinzw.cc,0,🔞极品小说📖,https://www.jipinzw.cc,6,1,Ⓐ 极品小说
ewenxue.org,0,㊝ E文学 ♜♜ ewenxue.org,http://ewenxue.org#🇨🇳Namo,6,2,E 文 学|Ⓐ E文学
zhuishuku.com,0,Ⓑ 追书库,https://www.zhuishuku.com,5,1,🎉追书库
bxzww.com,0,📃笔下中文网,https://www.bxzww.com/,6,4,笔下中文网|Ⓑ 笔下文学③|Ⓑ 笔下中文网|✾.Ⓑ 笔下中文网 #未月十八1001
chataowanjia.com,0,高辣肉文小说③,http://www.chataowanjia.com,6,1,Ⓑ 茶桃玩家
zaohuatu.com,0,🎉 造化图,https://www.zaohuatu.com,6,2,✐  造化图|Ⓒ 造化图
jingwuhotel.com,0,㊝ 精武小说网 ♜♜♜,http://www.jingwuhotel.com,6,3,🎉精武小说网|Ⓒ 精武小说|🔰 精武小说
xunsilu.cc,0,Ⓒ 新丝路文学,https://www.xunsilu.cc#未月十八repair,5,2,🍑 新丝路文学|🎉 新思路
m.yushuge.me,0,御书网,http://m.yushuge.me,6,1,御书网
49us.com,0,👍顶点小说,https://www.49us.com,5,1,🎉顶点小说⑰
dingdiann.org,0,顶点小说（发现）,https://www.dingdiann.org/,8,1,🎉 顶点小说
rsilu.com,0,💊 丝路小说,https://www.rsilu.com,6,2,丝路小说|丝路文学<搜索验证码>
kuaishuku.com,0,🎉 快书库,https://www.kuaishuku.com,6,1,快书库w
guanxs.com,0,小说馆,https://www.guanxs.com/,6,1,🌼 小说馆
xhtxt.cc,0,邂逅小说网,http://www.xhtxt.cc/,5,1,邂逅小说网
yunxiaoge.net,0,云霄阁吧,https://www.yunxiaoge.net,8,2,🎉云霄阁小说|云霄阁
yilagu.com,0,幻想小说网,https://www.yilagu.com/,7,1,幻想小说网
gfnormal05at.com,0,📖 笔趣阁网,https://gfnormal05at.com,6,3,新笔趣阁|👍笔趣阁|笔趣阁gfnormal05at
60355.net,0,🐑凉麓岁雾,https://www.60355.net,5,3,♻️六零文学②|♝六零文学② #破冰|♝六零文学② #破冰
meiguixsw.com,0,♜玫瑰小说 #md,https://www.meiguixsw.com/,8,4,🍺 玫瑰小说 |玫瑰小说|♜玫瑰小说 #md|♻️玫瑰小说🌱📊
mituyuedu.com,0,🥕有兔阅读（慢）,https://www.mituyuedu.com#edit,6,1,有兔阅读💯
xibiquge.com,0,⚡笔趣阁c20,http://www.xibiquge.com,6,1,👍新笔趣阁
abcxs.net,0,🔰ABC小说网#温暖满怀▼搜索不可用,https://www.abcxs.net#温暖满怀,6,2,ABC小说|ABC小说
ujxs.net,0,🎉悠久小说网①,https://www.ujxs.net/,6,1,🎉 悠久小说网
piaotian5.com,0,🏷️飘天文学①,https://www.piaotian5.com/,6,2,📚 飘天文学|飘天文学
m.ruochenwx.com,0,🐑若晨文学,https://m.ruochenwx.com,6,4,🏷️若晨文学🌱|♠ 若晨文学|🌸 若晨|🌸若晨文学
m.398xs.com,0,398小说,https://m.398xs.com,6,1,🔆398小说🌱⭐
a6ksw.com,0,✐   爱豆看书,https://www.a6ksw.com,6,1,🔆爱豆看书
m.280xs.com,0,顶点小说[m280xs],https://m.280xs.com,6,1,🔆顶点小说
lightapp-bookstore.cread.com,0,中文书城,http://lightapp-bookstore.cread.com,5,1,中文书城#温暖满怀
banzhul.com,0,🚬 第二版主网,https://www.banzhul.com,6,1,第二版主网
m.8v8v.org,0,第三中文网,https://m.8v8v.org,6,1,💫第三中文
kygnew.com,0,💫新卡夜阁,https://www.kygnew.com#温暖满怀,6,1,新卡夜阁
xuanshu.com,0,💯选书小说①,https://www.xuanshu.com/,6,3,📖选书网|💫选书网①|🍺 选书网
lsesx.net,0,💫流星小说网,https://www.lsesx.net/,6,1,👍 流星小说网
jingpin-book.qm989.com,0,💳七猫小说大全,http://jingpin-book.qm989.com/,6,1,7猫A
xibige.com,0,笔趣阁,http://www.xibige.com/,6,4,♜✎笔趣阁⑭②|🎊小刀阅读# 筆趣閣|🎉 笔趣阁③|👍笔趣阁💙💙💙xibige#南笙21.0
biquge.tv,0,💫笔趣阁❶❸❽,http://www.biquge.tv/,6,3,🎉 笔趣阁⑧|笔趣阁TV|🎉笔趣阁⑥①
longtanshuw.net,0,龙坛书网,https://www.longtanshuw.net,8,4,龙坛书网[net]|龙坛书网|♜龙坛书网|♜龙坛书网④ #破冰1101
wqge.cc,0,👍笔趣阁③#温暖满怀,https://www.wqge.cc,7,2,🔆笔趣阁❽❽|👍笔趣阁③#温暖满怀
biqugenew.com,0,笔趣阁,http://www.biqugenew.com/,6,1,👍 笔趣阁⑯
ltoooo.com,0,🍁笔趣阁⑲①,http://www.ltoooo.com/,6,1, 笔趣阁（2）
qinxiaoshuo.com,0,🗨️群星水辞,http://www.qinxiaoshuo.com,6,6,亲小说|📃亲小说qinxiaoshuo|📗亲小说|📖亲小说#嘚嘚21.0201|亲小说APP
xdingdian.com,0,新顶点小说,https://www.xdingdian.com,5,1,🔆新顶点小说
m.7jie.com,0,七界小说,https://m.7jie.com,6,1,🔆七界小说🌱⭐
m.suyingwang.net,0,奇书网,http://m.suyingwang.net/,7,3,🎉奇书网④|Ⓢ 奇书网|✾.Ⓐ 奇书网 #未月十八1001
m.9biquge.com,0,笔趣库,https://m.9biquge.com/,6,1,御书网
api.69xinshu.com,0,69书吧,https://api.69xinshu.com/,6,1,🍊 龙脊雪山
api.whhaxfjc.com,0,🌟 晚星封藏,https://api.whhaxfjc.com,6,1,妙阅小说
biqukun.la,0, 笔趣阁⓫,https://www.biqukun.la,6,1,笔趣阁④
1biqug.com,0,⚡笔趣阁c28,http://www.1biqug.com,6,3,笔趣阁⑤|笔趣阁⑤|⚡笔趣阁c29
ixuanshu.org,0,选书网吧（发现）,https://www.ixuanshu.org,6,1,选书网[ixuan]
m.17kxsw.com,0,♜17k小说网 #破冰,https://m.17kxsw.com/,7,1,♜17k小说网 #破冰
juzixs.com,0,文学迷吧,https://www.juzixs.com/,6,1,📖 文学迷网
wap.youzibook.cc,0,♜-柚子小说 #破冰,https://wap.youzibook.cc/,7,1,♜-柚子小说 #破冰
iyoule.com,0,💰 有乐中文,http://www.iyoule.com#一程,6,4,有乐中文网| ⚡️⚡️有乐中文|㊣ 有乐中文 #一程|㊣ 有乐中文 #一程1101
zw69.com,0,💦六九中文①,https://www.zw69.com/,6,4, 六九中文|♜▪︎69中文② #一程1201|♜69中文|♜-69中文① #破冰1101
m.zhaishuyuan.org,0,💯斋书苑小说,https://m.zhaishuyuan.org/,6,1,🌸 斋书苑②
99mk.la,0,鸟书网,https://www.99mk.la/,6,1,🍺 鸟书小说
uuxs.tw,0,衣服小说,http://www.uuxs.tw/,8,3,🍺 UU小说|♜-UU小说网 #破冰1130|♜-UU小说网 #破冰
kenshuzw.com,0,啃书网1,http://www.kenshuzw.com/,6,1,啃书网
nso92.xsafetech.com,0,笔趣阁❷,https://nso92.xsafetech.com/,6,1,新笔趣阁
m.slyqw.com,0,⚡️⚡️笔趣阁,https://m.slyqw.com,5,2,📖 笔趣阁网|笔趣阁
bixiawenku.com,0,笔下文学[bixi],https://www.bixiawenku.com/,6,1,笔下文学[bixi]
api.rcwk.net,0,大河小说,https://api.rcwk.net/,5,1,大河小说
yuenov.com,0,爱上阅读,http://yuenov.com:15555/,6,1,爱上阅读
api.miquxiaoshuoapp.com,0,米趣小说,https://api.miquxiaoshuoapp.com/,6,2,米趣小说|📖米趣小说
qingking.hyhyn.com,0,青瓜看书,https://qingking.hyhyn.com,5,1,青瓜看书
qqxsnew.com,0,千千小说①,https://www.qqxsnew.com/,6,1,🌸 千千小说①
dingdian555.com,0,顶点小说④,https://www.dingdian555.com/,6,1,👍 顶点小说③
s.xcfcch.com,0,值得阅读3,https://s.xcfcch.com#,6,9,🌟 值得阅读|🔖值得阅读1|西宸翡翠|值得阅读3|🖤♜值得阅读▪︎男生▪︎API✘  by
shuquge.com,0,💯书趣阁①①,https://www.shuquge.com/,6,3,书趣阁①|💯书趣阁①|📚 书趣阁
00kxs.com,0,零零看书（发现）,http://www.00kxs.com/,8,2,💊 零零看书|♜+零零看书 #破冰1101
bqg33.com,0,♜ ✎笔趣阁⑪④ md #破冰,https://www.bqg33.com/#md-pb16,6,3,✎ 笔趣阁|🔀笔趣阁源🔀|♜ ✎笔趣阁⑪④ #破冰1101
miaoshuzhai.net,0,💦妙书斋小说,https://www.miaoshuzhai.net/,6,1,⚡ 妙书斋
fansg.com,0,💯翻书阁小说,http://www.fansg.com/,6,3,○♛翻书阁 md #一程|♜+翻书阁 #破冰1101|翻书阁网
1718k.com,0,起困小说（发现）,https://www.1718k.com/,6,1,📖 一七一八
22mt.com,0,💯墨坛文学吧,https://www.22mt.com/,6,1,👍 墨坛文学
m.kubiji.net,0,小说酷笔记,https://m.kubiji.net/,6,2,✔︎㊝ 酷笔记✦ ♛♛♛ kubiji.|小说酷笔记
duanqingsi.com,0,💯断青丝小说,https://www.duanqingsi.com/,6,2,🎉 断青丝duanqingsi|👍 断青丝小说网
xzhaishuyuan.com,0,💯斋书苑小说,https://www.xzhaishuyuan.com/,6,2,斋书苑xzhaishuyuan.com|斋书苑ⓧ
mm.kubiji.org,0,💯小说酷笔记,https://mm.kubiji.org/,6,1,酷笔记m①(感谢3.0大佬的书源)
118book.com,0,顶点小说[118book],https://www.118book.com,6,3,💯顶点小说③|♜-顶点小说118|♜+顶点小说118
babayu.com,0,💯巴巴鱼小说,https://www.babayu.com/,6,5,🐣碧白银纹|bak♜+巴巴鱼 #破冰|巴巴鱼#一程|♜+巴巴鱼 #破冰1101|Ⓢ 巴巴鱼
9taoxs.com,0,Ⓢ 九桃小说,http://www.9taoxs.com,8,4,💯九桃小说|🌾九桃小说|Ⓢ 九桃小说|Ⓢ 九桃小说②
m.shouda88.com,0,💯手打吧小说,https://m.shouda88.com/,6,1,☘️手打吧☘️
xqqxs.com,0,🔰 千千小说,https://www.xqqxs.com,6,2,💯千千小说②|🔰 千千小说
lewenxsw.com,0,💯乐文小说③,http://www.lewenxsw.com/,6,1,Ⓐ 乐文小说⑤
1666xs.com,0,💯一六小说①,https://www.1666xs.com/,6,1,👍 166小说
22ff.vip,0,💯爱书网小说,http://www.22ff.vip/,6,1,🎉 爱书网
piaotianzw.com,0,💯飘天中文①,https://www.piaotianzw.com/,5,1,飘天中文①
180.76.103.51,0,💯看书助手,http://180.76.103.51/,6,1,看书助手
m.soxscc.cc,0,💯搜小说⑥,https://m.soxscc.cc/,6,1,搜小说②
wangshuge.com,0,💦望书阁小说,https://www.wangshuge.com/,5,1,望 书 阁
xinqingdou.cc,0,♠ 青豆小说cc,https://www.xinqingdou.cc,6,3,青豆小说|💦青豆小说①|㊝ 青豆小说 ♜♜♜
newbixia.cc,0,💦新笔下文学②,https://www.newbixia.cc/,6,1,♜新笔下文学①
999xs.com,0,⚡22中文网,https://www.999xs.com,6,2,⚡22中文网2|💦22中文
qududu.cc,0,💦去读读小说,https://www.qududu.cc/,5,1,🧾去 读 读 
longtanshuwang.com,0,💦龙坛书网②,https://www.longtanshuwang.com/,6,1,龙坛书网
aaaks.cc,0,💦爱看书①,https://www.aaaks.cc/,6,1,🎉 爱看书
m.yanqing888.org,0,💦言情八小说,https://m.yanqing888.org/,6,2,🌾月秋日歌|❀ 言情888 ♜♜♜♚
zbzw.la,0,着笔中文网,https://www.zbzw.la,5,2,💦着笔中文网|#着笔中文网~zbzw.la
lqbook.com,0,落秋中文,https://www.lqbook.com,6,1,💦落秋中文③
xiaoshuo588.com,0,💦小说屋①①,http://www.xiaoshuo588.com/,5,1,🎉 小说屋①
71wx.com,0,💦清逸文学①,https://www.71wx.com/,5,3,👍 清逸文学网|清逸文学|♜-清逸文学 #破冰1101
fanfanzw.com,0,👍 饭饭中文,https://www.fanfanzw.com,6,3,饭饭中文℡备用|🎉饭饭中文#嘚嘚21.0201|饭饭中文#南笙21.0101
xuesoo.com,0,章鱼阅读,http://www.xuesoo.com,6,1,🍁笔趣阁⑰①
bqg.tw,0,Ⓐ 笔 趣⑨,http://www.bqg.tw,7,2,🍁笔趣阁㊳①|Ⓐ 笔 趣⑨
fyrsks.com,0,🍁笔趣阁㊶①,http://www.fyrsks.com/,5,1,🍺 笔趣阁㊶
biquge.biz,0,🍁笔趣阁㊻①,https://www.biquge.biz/,6,2,㊝ 笔趣阁㊻ ♜♜|笔趣阁biz
biquyue.com,0,🍁笔趣阁㊼①,https://www.biquyue.com/,6,1,笔趣阁①
maokanshu.com,0,🐣猫猫看书,https://www.maokanshu.com,6,2,⚡️猫看书|🎉猫看书#嘚嘚21.0201
m.qianjinge.com,0,🍺 免费小说,http://m.qianjinge.com,5,1,☘️免费小说☘️
haitang123.top,0,🚬 海棠书屋③,https://www.haitang123.top#修复,6,1,🔞 海棠书屋⑤
biquxsw.com,0,📃笔趣阁⑥③,https://www.biquxsw.com,6,2,🍁笔趣阁⑥③|♜ ✎笔趣阁⑥③ #破冰1101
xuanjiezhimen.org,0,🧾笔 趣 阁 ,http://www.xuanjiezhimen.org,6,1,🍁笔趣阁⑥④
biquge.com.cn,0,🍁笔趣阁⑥⑥,https://www.biquge.com.cn/,5,4,📖 笔趣阁②|📖 笔趣阁①#onede|🎉笔趣阁biquge.com.cn|笔趣阁㉟
xbqg8.com,0,🍁笔趣阁⑥⑨,https://www.xbqg8.com/,6,1,笔趣阁
qbiqu.com,0,笔趣阁①,https://www.qbiqu.com,6,2,✨笔趣阁1️⃣🎉💻|👍 笔趣阁
bbiquge.net,0,💊 笔趣阁⑨②,https://www.bbiquge.net,6,2,🍁笔趣阁⑨②|♜ ✎笔趣阁⑨② #破冰
biduowu.com,0,🍁笔趣阁⑨⑨,http://www.biduowu.com/,6,1,笔趣阁
beqege.cc,0,笔趣阁,https://www.beqege.cc,7,3,贝切阁 |贝切阁 |🍁笔趣阁⑩②
333uu.net,0,三优无错,http://www.333uu.net,6,1,三优
bbtxt8.com,0,🍁笔趣阁⑩⑦,https://www.bbtxt8.com/,6,1,📖 笔趣阁⑤
sobqg.com,0,🎉 笔趣阁⑪①,https://www.sobqg.com,5,1,🍁笔趣阁⑪①
znlzd.com,0,🍁笔趣阁⑪⑤,https://www.znlzd.com/,5,1,笔趣阁
lylcrc.cn,0,🐑兰音离茶,https://www.lylcrc.cn,5,1,🍁笔趣阁⑫⑧
bqg789.com,0,笔趣阁50（发现）,https://www.bqg789.com/,6,1,💊 笔趣阁⑥⑥
quge7.com,0,🍁笔趣阁⑮②,https://www.quge7.com/,5,1,笔趣阁
22ff.org,0,🔰 爱书网,https://www.22ff.org,5,7,♛ 爱 书 网 #Namo1101|🎉爱书网|爱 书 网|爱 书 网|爱 书 网
newbiquge.com,0,🍁笔趣阁⑮⑤,http://www.newbiquge.com/,6,1,笔趣阁
ybiqu.com,0,🍁笔趣阁⑰⑤,https://www.ybiqu.com/,6,1,易笔趣
kb4.cc,0,👍 笔趣阁④,http://www.kb4.cc,6,1,🍁笔趣阁⑰⑦
biqule.org,0,笔趣阁⑱②,http://www.biqule.org/,5,3,🐻笔趣阁⑱②|♜✎笔趣阁-套⑱② #pb|🍁笔趣阁⑱②
tycqxs.com,0,🌸 天域小说网,https://www.tycqxs.com,6,3,💯天域小说网|天域小说网|💯天域小说网
147xsw.com,0,🌸 147小说网②✈,http://www.147xsw.com,6,1,📜147小说网②
washuge.com,0,💦望书阁,https://www.washuge.com/,5,1,♜望书阁
m.soshuw.com,0,💦搜书网小说,https://m.soshuw.com/,6,3,✔︎㊝ 搜书网✦ ♛♛♛ soshuw.|搜书网|♜-搜书网② #破冰1101
biqudao.net,0,💦笔趣岛,https://www.biqudao.net/,6,1,笔趣岛biqudao.net
3qxs.cc,0,奇葩小说,http://www.3qxs.cc/#pb1101,8,3,起来小说 |三青小说|神奇小说
m.rmxsba.com,0,📜热门小说①,https://m.rmxsba.com/,6,1,热门小说
xsxs520.com,0,💦笔趣说②①,https://www.xsxs520.com/,6,1,💊 笔趣说②
b520.net,0,🍺 笔趣阁㉚,http://www.b520.net,5,1,笔趣阁⑭
53zw.net,0,53中文网,https://www.53zw.net#🇨🇳Namo,6,5,53中文网|53中文|🌸五三中文|五三|五三中文小说
zgbdfkfw.com,0,🍁笔趣阁⑦①,http://www.zgbdfkfw.com/,5,1,♝✎笔趣阁⑦①
xquge.com,0,🎉 新笔趣阁,https://www.xquge.com,6,2,笔趣阁|♜✎笔趣阁⑧⑨
biqugexsw.org,0,🍁笔趣阁⑮④,http://www.biqugexsw.org/,5,1,♝✎笔趣阁⑮④
qimizi.com,0,🎉 笔趣阁⑤,http://www.qimizi.com,6,1,🍁笔趣阁⑮④
70shu.com,0,🎉齐林书院①,https://www.70shu.com/,5,1,齐林书院
58xs.la,0,🔰 58小说,http://www.58xs.la,6,3,🎉58小说②|58小说|🎉 58小说②
siluke5.com,0,🎉思路客⑧①,https://www.siluke5.com/,5,3,🍺 思路客⑤|思路客小说网|🎊 思路客⑤
aixswx.com,0,🎉星空小说网,https://www.aixswx.com/,5,1,星空小说网
pinshu.cc,0,🎉品书网小说,https://www.pinshu.cc/,6,1,品书网
clewxc.com,0,🎉醋溜儿文学,https://www.clewxc.com/,6,1,醋溜文学1
xslou.com,0,💠 小说楼,http://www.xslou.com,7,3,🎉小说楼|？？㊝ 小说楼 ♛♛♛♚|小说楼
fjspaq.com,0,🎉爱去小说网②,http://www.fjspaq.com/,5,1,♜爱去小说网②
cv148.com,0,🍁笔趣阁㉕①,https://www.cv148.com/,5,3,笔趣阁|♜ ✎笔趣阁㉕ #破冰|♜ ✎笔趣阁㉕ #破冰1101
kanshu58.cc,0,🎉58看书网①,https://www.kanshu58.cc/,6,3,♜58看书网①|🎉 58看书网①|58看书网
m.dmzj.com,0,🌵动漫之家🌵,https://m.dmzj.com/,6,3,🎨 动漫之家-M|动漫之家₃-M|动漫之家₁-M
zhuishudashi.com,0,🎉追书大师,https://www.zhuishudashi.com/,6,1,追书大师
motanku.com,0,🎉墨坛库,https://www.motanku.com/,6,1,墨坛库~motanku.com
rjnk.net,0,🎉燃文小说⑩,http://www.rjnk.net/,5,1,♜燃文小说⑩
m.81zw.net,0,🐶八一中文🍒,https://m.81zw.net/s.php,5,1,☘️八一中文网☘️
leduzw.com,0,🔰乐读中文,http://www.leduzw.com/,6,1,乐读中文
kui168.com,1,🐳酷爱听书,https://www.kui168.com/,6,1,📻 酷爱听书
kkkxs.com,0,🎉三k小说网,https://www.kkkxs.com/,6,1,🍺 三k小说网
3zm.la,0,🎉 三掌门,https://www.3zm.la,5,1,🎉 三掌门
wap.97wz.net,0,97中文手机版,http://wap.97wz.net,8,1,97中文
m.aikanshuba.cc,0,爱看书吧3.0,https://m.aikanshuba.cc/,6,1,爱看书吧
iqb5.com,0,免费全本小说,https://www.iqb5.com,6,1,全本小说~iqb5.com
biqugenl.com,0,🚬 笔趣阁,https://www.biqugenl.com,6,1,📖 笔趣阁网
es.bookan.com.cn,1,🎧 博看网™,https://es.bookan.com.cn,8,1,🎧 博看网™
site.douban.com,0, 豆瓣·小站,https://site.douban.com/194593/widget/notes/11784332,6,1,豆瓣·小站 需登录
gitee.com,0,666,https://gitee.com/,3,1,666
m.fryutong.com,0,☯芙蓉小说网(m),http://m.fryutong.com/,6,1,芙蓉小说网
qqxs.la,0,📦 千千小说,https://www.qqxs.la,6,5,○♜ 千千小说 md #一程|♜▪︎千千小说① #一程1201|㊝ 千千小说 ♛♛|♜千千小说⑧|🔖千千小说b2
77xsw.cc,0,千千小说网,https://www.77xsw.cc,6,1,🎊千千小说⑩
iuban.com,0,💰 有伴小说,http://www.iuban.com#一程,6,1,有伴小说网
m.wodeshucheng.com,0,我的书城,https://m.wodeshucheng.com/,6,1,🍒 我的书城wodeshucheng
kwting.com,1,📻 酷我听书,https://www.kwting.com,6,3,📻 酷我听书|📻 酷我听书1|🎧酷我听书
56tingshu.com,1,🐳56听书网②,https://www.56tingshu.com/,6,2,📻 56听书网②|📻 56听书网②
tac.cc,1,🎧 畅悦听书,http://www.tac.cc/,6,1,📻 畅悦听书
m.malatingshu.com,1,🐳麻辣听书,https://m.malatingshu.com/,6,1,📻 麻辣听书
myshuge.org,0,🚬 我的书阁[仅发现],https://www.myshuge.org,6,1,我的书阁(仅发现)
vipxs.la,0,笔趣阁,http://www.vipxs.la/,5,1,🎉 笔趣阁
biqumiao.com,0,笔趣喵,https://www.biqumiao.com,5,1,👍笔趣喵
xs26.com,0,🎉 乐文小说,https://www.xs26.com,6,2,♠ 乐文小说|👍 乐文①
m.tianlaixsw.org,0,🧐天籁小说♨️,https://m.tianlaixsw.org,6,1,📜 天籁小说网
diyibanzhu3.me,0,🚬 第一版主[仅发现],http://www.diyibanzhu3.me,8,1,第一版主
new.kyxsapp.com,0,ʚɞ 开阅小说 ʚɞ,http://new.kyxsapp.com,6,1,开阅小说app #渊呀3.17
txtnovel.top,0,💫 书香门第#乃星714  书评,http://www.txtnovel.top#乃星714,6,1,ʚɞ 书香门第 ʚɞ
szsdjh.com,0,✐  第八区,https://www.szsdjh.com//,6,1,🌸 第八区
sanhaiwu.com,0,㊝三海屋 ♜♜,http://www.sanhaiwu.com#渊呀81,6,1,✐  三海屋
powanjuan.cc,0,破万卷,http://www.powanjuan.cc/,6,1,🌐 破万卷网
m.9txs.com,0,🌸九桃小说,https://m.9txs.com,5,1,  b💯九桃小说🅰🔎com#关耳 bak
x23qb.com,0,"a🎉铅笔小说💙💙▼网站不稳定,打不开就刷新",https://www.x23qb.com/,8,4,"铅笔小说|a🎉铅笔小说💙💙▼网站不稳定,打不开就刷|🐳铅笔|🎉 铅笔小说备用™烏雲"
zwda.com,0,㊝ E小说 ♛♛♛ zwda 精校,https://www.zwda.com/,6,3,E小说|🎉 E小说💜💜💜|E小说②
m.piaotian5.com,0,✐ 飘天文学,https://m.piaotian5.com,5,1,🌸飘天文学🅰💜💜💜
ybdu.me,0,一本读,http://www.ybdu.me,6,5,🎉一本读💙💙💙#嘚嘚21.0201|一本读|👍 一本读|一本读#南笙21.0101|👍 一本读
lwwxw.com,0,🎉 乐文文学网💙💙💙网页危险警告,https://lwwxw.com,6,1,🔰 乐文文学网(可看图)
tsxsw.net,0,💯吞噬小说①,http://www.tsxsw.net/,6,3,【吞噬小说】|🐳吞噬小说 |🎉吞噬小说🅰💜💜💜
booktxt.com,0,👍 顶点②💙💙💙,https://www.booktxt.com#result-item#芜恙,5,3,🌸顶点小说②|顶点小说 booktxt|👍 顶点②
biquge.cn,0,👍笔趣阁ⓒⓝ💙💙💙,http://www.biquge.cn#bookbox#芜恙,5,2,🎉笔趣阁④|🎉笔趣阁④
m.xinwanben.com,0,🔎完本神站手机 ▼搜索不可用,https://m.xinwanben.com,6,1,新完本神站<搜索验证码>
xiaoshuowawa.com,0,🎉 小说娃,https://www.xiaoshuowawa.com#sitembox dl#芜恙,5,4,小说娃3.0|🎉小说娃小说|小说娃|🐶 小说娃
meiriyiwen.com,0,🔖每日一文,https://meiriyiwen.com,1,1,💠 每日一文#onede
biduo.cc,0,♻️笔趣阁biduo.cc🔸女频快,https://www.biduo.cc/,6,2,📖 笔趣阁③#onede|📖 笔趣阁④
sksxsw.com,0,💦四库书,http://www.sksxsw.com/,5,2,🔰 四库书|❄️ 四库书#onede
m.xqianqian.com,0, 千千小说,https://m.xqianqian.com/,5,2, 千千小说#onede|🌸 千千小说
4gxsw.com,0,🎉 4G小说网#onede,http://www.4gxsw.com#onede,5,2,🎉 4G小说网|👍 4G
553wx.com,0,🎉 斗罗大陆网#onede,http://www.553wx.com#onede,5,1,🎉 斗罗大陆网
xmkanshu.com,0,💯熊猫看书#温暖满怀,https://www.xmkanshu.com,7,2,💯熊猫看书#温暖满怀|🎉熊猫看书
sgxs.cc,0,⁉️㊝ 搜狗小说 ♛♛♛,https://www.sgxs.cc/#pb,6,3,🎉搜狗小说|👍搜狗小说#温暖满怀|🌸搜狗小说
wenxuemi6.com,0,🎉文学迷,https://www.wenxuemi6.com/,5,3,🔰文学迷#温暖满怀|🎉 文学迷|👍 文学迷
m.bz01.cc,0,🚬 第一版主01,http://m.bz01.cc,8,1,第一版主
api.81zwapp.com,0,八一,https://api.81zwapp.com,6,2,🎉八一中文▪APP🔞💜💜💜🔎速|八一中文APP#haxc
cbiqu.com,0,🎉笔趣阁⑨⑧,https://www.cbiqu.com/,5,1,🚬 笔趣阁cbiqu.com
lread.net,0,乐阅读,https://www.lread.net,6,1,乐阅读
m.eyagu.com,0,雅谷中文,http://m.eyagu.com,5,1,雅谷中文
yayayd.com,0,🌟 丫丫读书,https://www.yayayd.com,6,2,丫丫阅读|👍 丫丫
qb5.tw-by dark,0,🎉全本小说网,https://www.qb5.tw-By Dark#嘚嘚21.0201,5,1,💎 全本小说网🅰️
ziyouge.com,0,紫幽阁,https://www.ziyouge.com,6,1,🎉 紫幽阁
shouda8.com,0,手打吧②,https://www.shouda8.com,6,2,👍 手打吧|👍 手打吧
xbxwx.net,0,💯新笔下文学①,https://www.xbxwx.net/,6,2,新笔下文学xbxwx.net|🍺 新笔下文学
m.yayayd.com,0,🌁 丫丫阅读,https://m.yayayd.com,5,1,丫丫
800txt.net,0,🎉800小说⑤,https://www.800txt.net/,6,1,800小说③
yuedule.cn,0,初心小说,https://www.yuedule.cn,6,1,🔰初心小说
tvbts.com,0,🔰 tvbts,https://www.tvbts.com,0,1,🔰 tvbts
ffbook.cc,0,💎若尘文学,https://www.ffbook.cc,6,1,🌸若尘文学3.0
wap.92k.cc,0,92K小说网,https://wap.92k.cc/,6,1,92K小说网
m.jushuku.com,0,聚书库,https://m.jushuku.com,8,1,🍺 聚书库
m.mengshengxs.com,0,👾梦生小说,http://m.mengshengxs.com/,5,1,🍺 梦生小说
api.chenggua.com,0,📄 橙瓜网▪数据,http://api.chenggua.com,6,1,橙瓜网▪数据
huanbige.com,0,🎉幻笔阁小说,https://www.huanbige.com/,5,1,幻笔阁
m.9itan.com,0,🌸 就爱谈,https://m.9itan.com,7,2,🌸 就爱谈|⚡️就爱谈
ppskw.com,0,👍 56书库,http://www.ppskw.com,6,1,👍 56书库
bsl666.com,0,㊝ 百书楼 ♜♜♜ ,https://www.bsl666.com#md,5,2,🍺 百书楼 ♜♜♜ |百书楼
m.loveyuedu.com,0,爱阅读📱,https://m.loveyuedu.com,6,1,🍺 爱阅读[仅发现]
m.slzww.com,0,新思路中文网,https://m.slzww.com/,6,2,👍 思路|🔰 新思路中文网
m.euyue.com,0,👾优阅读书,http://m.euyue.com/,5,1,🍺 优阅读书
m.kanshu55.com,0,🍺 看书屋,http://m.kanshu55.com,5,1,看书屋
m.banzhu1.org,0,🚬 自制第一版主,https://m.banzhu1.org,8,1,自制第一版主
mc18.cc,0,🍈 凤18小说,http://www.mc18.cc,6,1,🍈 凤18小说~发现写好了~很简单的啊
76kanshu.com,0,❄️  76小说网,http://76kanshu.com,6,3,♜76小说网 #Namo|🍺 76看书|76小说网
m.zhuishushenqi.com,0,追书神器⭐#南笙21.0101,https://m.zhuishushenqi.com,8,4,追书排行💯|💵 追书神器|追书神器⭐#南笙21.0101|追书排行💯
freeapk.ggbook.cn,0,💵 3G书城,http://freeapk.ggbook.cn:80,6,1,免费读书
xrzww.com,0,🔰息壤中文,https://www.xrzww.com,6,2,🎉 息壤中文网|🧐息壤中文网
zhaishuyuan.com,0,🎉 斋书苑,https://www.zhaishuyuan.com#,6,8,📡 斋书苑ⓒ|斋书苑|🍺 斋书苑|🔥斋书苑|æä¹¦è
rouzhaiwu.com,0,🚬 肉宅屋,https://www.rouzhaiwu.com,6,1,👔 肉宅屋
api.moonreader.cn,0,📄 隔壁大师,http://api.moonreader.cn,1,1,隔壁大师▪数据 特殊
dswx.cc,0,都市文学,https://www.dswx.cc,6,1,🌸 都市文学
m.chenxixiaoshuo.net,0,🌸 晨曦小说[仅发现],http://m.chenxixiaoshuo.net,6,1,🌸 晨曦小说
hxsk.net,0,🔰华夏书库,https://www.hxsk.net/,6,1,🌸 华夏书库™
ruochenwx.com,0,若尘文学3.0,https://www.ruochenwx.com/,6,1,🍺 若晨文学[仅发现]
wap.138txt.com,0,138阅读网(手机版),https://wap.138txt.com/,6,1,🍺 138阅读网
m.mijiashe.com,0,38看书,https://m.mijiashe.com,6,1,38看书
skyzww.com,0,🎉神书网,http://www.skyzww.com/,6,1,🍺 神书网™
23us.us,0,💦顶点小说⑪,https://www.23us.us/,5,1,🍺 23us顶点
m.ttshu8.org,0,天天书吧,http://m.ttshu8.org/,5,1,🍺 天天书吧
ajnnan.com,0,🍺 无极小说,https://ajnnan.com,6,1,🍺 无极小说ajnnan
lkong.net,0,🍄 龙空[论坛],http://www.lkong.net,1,2,📑 龙的天空|é¾ç©º
m.shubaowang123.cc,0,🚬 第二书包网 ,http://m.shubaowang123.cc,6,1,🚬 第二书包网123
c9txt.com,0,久久文学,https://www.c9txt.com,5,1,海棠线上
pingshuku.com,0,56书库,http://www.pingshuku.com,6,1,五六书库⭐#南笙21.0101
366xsw.com,0,366,http://www.366xsw.com,6,1,🚬 366
m.nuancaiwx.cc,0,🔞 暖才文学📱,http://m.nuancaiwx.cc/,6,1,🚬 暖才文学
m.xiaoqiangla.net,0,小强小说,http://m.xiaoqiangla.net/,6,1,🚬 小强小说
wap.ttd3.cn,0,📚 天天读书网,http://wap.ttd3.cn,6,1,📚 天天读书网
jjxsxzw.com,0,久久小说③,http://www.jjxsxzw.com,6,1,🎈久久小说
swang8.com,0,神藏小说_正文加载错,http://www.swang8.com,5,1,神藏小说
idzs.cc,0,🎯爱电子书,http://www.idzs.cc/,5,1,🎉 爱电子书
9shu.cc,0,🚬 久书网,https://www.9shu.cc,6,1,久书网
jnshuba.com,0,👍 金牛书吧,http://www.jnshuba.com,6,1,🧐金牛书吧
gzbpi.com,0,👍 瓜子小说sm搜,https://www.gzbpi.com,6,1,瓜子小说sm搜
xinxingxiangzhifa.com,0,高辣肉文小说（bushi）,https://www.xinxingxiangzhifa.com/,8,1,👍 爱久久
fanshukan.com,0,翻书看,https://www.fanshukan.com,5,1,🎯翻书看
29shuwu.com,0,🎉二九书屋①,https://www.29shuwu.com/,6,1,💊 二九书屋
seeol.com,0,📚 古典小说,http://www.seeol.com,6,2,📚 古典小说|古典小说📖#南笙21.0101
jingcaiyuedu.com,0,👍 精彩小说网,https://jingcaiyuedu.com,5,1,精彩小说网
m.ishuyin.com,1,爱书音,https://m.ishuyin.com,6,1,📻 爱书音
kuwx.net,0,👍 系统小说,https://www.kuwx.net,6,1,🎉系统小说
m.ztv.la,0,梧州中文,https://m.ztv.la,5,1,💦梧州中文台
qu.la,0,♠ 笔趣阁⑩,https://www.qu.la/,5,1,笔趣阁
lucifer-club.com,0,🏷️ 露西弗城,https://www.lucifer-club.com,6,2,🌾 露  西  弗|🌼 露西弗
shulinw.com,0,书林文学,http://www.shulinw.com/,5,1,🎉 书林网
ixs.la,0,爱看小说网,http://www.ixs.la,6,1,爱小说啦
m.jiezhong.org,0,杰众文学,http://m.jiezhong.org/,6,1,🔰 杰众文学
19xsf.com,0,🔰 19小说,http://www.19xsf.com,6,1,🍺 19小说
diyibanzhu555.com,0,🚬 第一版主④[仅发现],http://www.diyibanzhu555.com,8,1,🚬 第一版主555[仅发现]
yc.ireader.com.cn,0,掌阅书城,https://yc.ireader.com.cn,6,2,💰 iReader|⚡ 掌阅书城
wap.fushucun.com,0,☘️福书网☘️,https://wap.fushucun.com,6,1,📜 腐书村
mtslash.me,0,🏷️ 随缘曦居,http://www.mtslash.me,6,2,🐣随缘|💵 随缘居
1biquge.net,0,🔖笔趣阁b51,https://www.1biquge.net,6,2,✎ 笔趣阁|♜笔趣阁⑦⑤ #pb
aabook.work,0,🔞 疯情书库,https://www.aabook.work,6,1,疯情书库~aabook
qingoo.cn,0,青果破解,http://www.qingoo.cn#myself,6,2,💋青果阅读|🍺 青果阅读
7dsw.com,0,七度书屋#玄奇21.0202,https://www.7dsw.com#玄奇21.0202,6,2,🎉 七度书屋[仅发现]|七度书屋
wnacg.com,2,🎨 绅士漫画,http://wnacg.com,6,1,🚀 绅士漫画
m.qiushubang.me,0,求书帮,http://m.qiushubang.me,6,1,求书帮
dishuge.com,0,🎉帝书阁小说,http://www.dishuge.com/,5,3,帝书阁|♜帝书阁 #破冰|♜帝书阁 #破冰1101
diyibanzhu4.in,0,第一版主4,http://www.diyibanzhu4.in,8,2,第一版主自制|第一版主cc
diyibanzhu3.in,0,第一版主③,https://diyibanzhu3.in,8,3,第一版主③|第一版主|👍 第一
m.readnovel.com,0,💰 阅读,https://m.readnovel.com,7,1,💰 阅读
yisouxsf.com,0,🚬 宜搜小说网[仅发现],http://www.yisouxsf.com,6,1,宜搜小说网
mayitxt.com,0,蚂蚁阅读,http://www.mayitxt.com,5,1,🎉蚂蚁阅读#嘚嘚21.0201
api.qingoo.cn,0,🧐青果阅读①,http://api.qingoo.cn/,8,5,青果阅读⭐#南笙21.0101|青果阅读💯|青果阅读⭐#南笙21.0101|🍺 青果阅读|青果阅读
avouo.com,0,🚬 就是要爱,https://avouo.com,6,1,🔞 就是要爱
shubao33.org,0,🚬 第二书包,https://www.shubao33.org,6,1,🚬 第二书包网
longteng52.com,0,🎉 龙腾5200,http://www.longteng52.com,6,1,🚬 龙腾5200
m.myshuge.org,0,🔞 我的书阁,http://m.myshuge.org,6,1,🚬 我的书阁①
m.duozhekan.com,0,🚬 躲着看,http://m.duozhekan.com,6,1,如屋
qqbook.co,0,🔞 敌敌畏,https://qqbook.co,6,1,🔞 青青书屋
qishus.com,0,优·奇书网④™,http://www.qishus.com,6,1,📥 奇书网
qidian.com           ,0,🧐起点①💯,https://www.qidian.com           ,6,1,💵 起点中文
msxf.cn,0,💗陌上香坊,http://www.msxf.cn,6,1,💵 陌上香坊
shireyishunjian.com,0,湿热一瞬💯,https://shireyishunjian.com/,8,2,💵 湿热一瞬间|湿热一瞬💯
lianzai.com,0,🧐连载阅读,https://www.lianzai.com,6,2,💵 连载阅读♀|💵 连载阅读♂
api.lemengfun.com,0,⭐全民追书,http://api.lemengfun.com,5,1,全民追书#南笙21.0101
m.exsw.cc,0,🔖网阅,https://m.exsw.cc/,6,1,🔖网阅
apiuser.yueduyun.com,0,阅路,https://apiuser.yueduyun.com/,6,2,📖🔰阅路小说🅰🔖|💰阅路💯
mbook.km.com,0,🎋七猫中文网🎋,https://mbook.km.com/,5,1,📡 贰叁肆伍[榜单]
m.zhuiwenxsw.com,0,追文,https://m.zhuiwenxsw.com/,5,1,🎉 追文
m.yunxuange.org,0,🎉云轩阁①,https://m.yunxuange.org/,6,1,📡 云轩阁[仅发现]
8wenku.com,0,8文库,https://www.8wenku.com/,6,2,8文库|🔖8文库
79zw.org,0,🎉79中文网①,http://www.79zw.org/,6,1,🎉 79中文网
zhuaji.org,0,🏀 爪机书屋,https://www.zhuaji.org/,6,2,🍺 爪机书屋[仅发现]|🎉 爪机书屋
m.xs84.me,0,小说巴士,http://m.xs84.me/,5,1,🍺 小说巴士
fenxbook.com,0,👍 八八,https://www.fenxbook.com,7,3,封推中文|👍 八八|🐶八八
m.19wo.com,0,👾19楼文学,http://m.19wo.com/,5,1,🍺 19楼文学
m.3yzw.com,0,👾三月中文,http://m.3yzw.com/,5,1,🍺 三月中文
m.ishuse.com,0,爱 书 屋,https://m.ishuse.com,6,2,🎉爱书屋|🍺 爱书屋
m.djychina.com,0,👾笔趣阁中国,http://m.djychina.com/,5,1,🍺 笔趣阁中国
ggdownxs.cc,0,📚 格格党网,https://www.ggdownxs.cc,5,1, 格格党①
m.yq-888.com,0,💦言情888小说,https://m.yq-888.com/,6,1,🍺 言情888
wllda.com,0,🏀 燃文小说④,http://www.wllda.com/,5,1,🍺 燃文小说④
i7q8.com,0,🏀 爱奇小说,https://www.i7q8.com/,5,1,🍺 爱奇小说
du7.la,0,♠ 读趣网,http://www.du7.la/,6,1,读趣网
yqzww.la,0,🏀 言情中文网①,https://www.yqzww.la/,5,1,🍺 言情中文网①
m.aikanshu8.com,0,🍺 爱看书吧m,https://m.aikanshu8.com,6,2,🎗️爱看书吧|👍 爱看书吧
siluke123.com,0,思路客,https://www.siluke123.com,5,2,👍思路客⑫|🍺 思路客①②③
siluke.so,0,🍺 思路客ⓢⓞ,https://www.siluke.so,7,1,🍺 思路客ⓢⓞ
api.ibookstar.com,0,乐看阅读#南笙21.0101,http://api.ibookstar.com:80#南笙21.0101,5,2,🍺 阅读星②|🎉 乐看阅读
m.d586.com,0,🎋D586小说网🎋,https://m.d586.com/,5,1,D586小说
m.52bqg.com,0,🍺 52笔趣阁①,https://m.52bqg.com,6,1,🍺 52笔趣阁①
m.itangyuan.com,0,📚汤圆创作 #关耳,http://m.itangyuan.com#guaner,6,3,💰 汤圆创作|汤圆创作#玄奇21.0202|汤圆创作💯
ohmanhua.com,0,🎨 OH漫画,https://www.ohmanhua.com,6,1,♠ OH漫画
nfydd.com,0,🎨滴滴漫画,https://www.nfydd.com,6,1,🎨 滴滴漫画
m.171xs.cc,0,171小说,http://m.171xs.cc,5,1,⚡️171小说
v3api.dmzj.com,0,🎨 动漫之家v3₁ #Haxc1107,http://v3api.dmzj.com#Haxc1107,6,3,🎨 动漫之家v3₁ #Haxc|动漫之家|🎨 动漫之家V3
gufengmh8.com,0,🎨古风漫画,https://www.gufengmh8.com,6,1,🎨 古风漫画网
qxswk.com,0,🎉 书农,http://www.qxswk.com,7,1,🎉 书农
16kxsw.com,0,🎉 16K小说网,https://www.16kxsw.com,6,1,16K小说网
lwxsw.cc,0,乐文小说,https://www.lwxsw.cc/,6,4,♜乐文小说⑪ #破冰1101|乐文小说④|👍 乐文②|👍 乐文②
aszw6.com,0,🔰 爱上中文,https://www.aszw6.com,6,1,🎉 爱上中文
m.yueshuhai.com,0,阅书海小说网🐌,https://m.yueshuhai.com/,5,1,🎉 阅书海小说网
x69zw.com,0,🎊69中文③,http://www.x69zw.com/,5,1,🎉 69中文③
xs52.org,0,🎉 52小说,https://www.xs52.org,5,2,52小说|52小说网
caimoge.org,0,采墨阁ⓞ,https://www.caimoge.org,7,3,🎉采墨阁②|采墨阁ⓞ|🎉 采墨阁③
shuquge.cc,0,♠ 书趣阁,http://www.shuquge.cc/,5,1,🎉 书趣阁
qingkanshu.cc,0,♠ 请看书,https://www.qingkanshu.cc/,5,1,🎉 请看书
88dshuw.com,0,♠ 88读书②,http://www.88dshuw.com/,6,1,🎉 88读书②
eastshu.com,0,🎉 万书楼小说,https://www.eastshu.com,5,1,♠ 万书楼小说
17zw.org,0,言情中文,http://www.17zw.org/,6,1,💊 言情中文网②
81zw.cc,0,🎉 八一中文③,https://www.81zw.cc,6,1,🎊八一中文⑰
m.imitui.com,2,🗒 米推漫画,https://m.imitui.com,6,1,🗒 爱米推网
m.xs82.net,0,🔆小说82m,https://m.xs82.net,5,1,🎉 小说82
m.qinqinxsw.com,0,👍 亲亲小说网,https://m.qinqinxsw.com,6,1,亲亲小说
92dus.com,0,🎉 92读书,http://www.92dus.com,6,1,🔰 92读书™
m.cibige.com,0,🎉 词笔阁,https://m.cibige.com,6,1,🎉 词笔阁
m.daomengren.com,0,🎉 盗梦人小说网,http://m.daomengren.com,5,1,盗梦人小说网
yanjintoys.com,0,顶点龙腾,https://www.yanjintoys.com/,5,1,🎉 顶点龙腾
biqugeu.com,0,✎ 笔趣阁23,http://www.biqugeu.com,5,1,👍笔趣阁⑨Ο
m.jiacuan.com,0,加窜小说#南笙21.0101,http://m.jiacuan.com#南笙21.0101,5,1,🎉 加窜小说②
kubijixs.com,0,酷笔记,https://www.kubijixs.com/,6,1,🎉 酷笔记①
m.kubijixs.com,0,♠ 小说酷笔记,https://m.kubijixs.com/,6,1,酷笔记
11111s.info,0,🎉 五一小说网[仅发现],http://www.11111s.info,6,1,🎉 五一小说网[仅发现]
07zw.com,0,🎉 零七中文网,https://www.07zw.com,5,1,🐶零七
yyun.net,0,🎊 烟云小说,https://www.yyun.net,5,1,🎉 烟云
sanjiangge.org,0,🔰 三江阁,https://www.sanjiangge.org,6,2,🎉 三江阁|三江阁
m.kshu08.com,0,🎉 17模板网②,https://m.kshu08.com,5,1,零八书屋手机站
52dus.net,0,♠ 爱读小说网,https://www.52dus.net/,5,1,🎉 爱读小说网
bctbook.com,0,🥈百草堂文学,https://www.bctbook.com,6,2,🎉 百草堂文学网|🎉百草堂文学
kanshula.com,0,🎉看书啦①,https://www.kanshula.com/,5,1,🎉 看书啦①
xs7.cc,0,🎉小说旗④①,http://www.xs7.cc/,6,4,🔖小说旗|♜小说旗④|♜ 小说旗 #一程|♜ 小说旗 #一程
59xs.com,0,59小说#南笙21.0101,http://www.59xs.com,7,2,59小说网|59小说#南笙21.0101
ddsge.com,0,👍顶点中文②,http://www.ddsge.com/,6,1,🎉 顶点中文④
sxy8888.com,0,🥉书香院,http://www.sxy8888.com#乃星,5,1,🥉书香院
kuxiaoshuo.com,0,👍笔趣阁⑧⑨,https://www.kuxiaoshuo.com/,5,1,🧾酷小说
liangyusheng.net,0,🎉 梁羽生,https://www.liangyusheng.net,6,1,⭕梁羽生
baijiaw.com,0,百家网,https://www.baijiaw.com,5,1,百家网
yunxuange.org,0,🔰云轩阁④,https://www.yunxuange.org/,6,2,🌸 云轩阁|o🎉云轩阁#嘚嘚21.0201
iqiwx.com,0,💯爱奇文学,http://www.iqiwx.com,6,2,👍爱奇文学|🎉 爱奇文学
amxsw.com,0,艾米,https://www.amxsw.com,5,1,🎉 艾米
m.shupu.org,0,🎉 流星小说网,https://m.shupu.org,5,1,🌸 流星
aikantxt.la,0,🎉爱看小说,https://www.aikantxt.la/,5,4,爱看TXT|爱看小说网|爱看小说网XPath~aikantxt.|爱看小说网①
caimoge.com,0,🌟 采墨阁网,https://www.caimoge.com/,5,7,🌸 采墨阁|采墨阁|💯采墨阁|采墨阁ⓒ|🎉 采墨阁
shubaoan.com,0,第二书包网,https://www.shubaoan.com,5,1,🔓第二书包网
zgpingshu.com,1,🎧 中国评书,http://www.zgpingshu.com,6,1,📻 中国评书网1
m.pingshu365.com,1,📻 天天评书网,https://m.pingshu365.com,7,1,📻 天天评书网
api.micromsc.net,1,📻 快听™,https://api.micromsc.net,6,1,📻 快听1
520tingshu.com,1,📻 520听书,http://www.520tingshu.com#,6,1,520听书
ting22.com,1,📻 22听书1,https://www.ting22.com#,6,1,听书网
fm.qq.com,1,📻 企鹅FM,https://fm.qq.com,1,1,📻 企鹅FM
m.pingshu8.com,1,📻 评书吧,https://m.pingshu8.com,6,1,评书吧
qktsw.com,1,📻 乾坤听书,https://www.qktsw.com,6,1,📻 乾坤听书
ifish.fun,1,📻 洛奇,https://ifish.fun,1,1,洛奇Town
kanjianmusic.com,1,🎼 看见音乐1,https://www.kanjianmusic.com,8,1,🎼 看见音乐1
sbkk88.com,0,📚 古今经典[仅发现],https://www.sbkk88.com/gujinjingdian,6,3,📚 武侠名家[仅发现]|📚 随便看看[仅发现]|随便看看
9itan.com,0,🌸就爱谈,https://www.9itan.com#关耳,5,1,就爱谈小说网
92gushi.com,0, 🔖 就爱故事网(故事会),https://www.92gushi.com#,6,1,📚 就爱故事网[仅发现]
m.guidaye.com,0,👻 鬼大爷故事,https://m.guidaye.com#,6,1,鬼大爷故事
m.lwwxw.com,0,乐文文学网#玄奇21.0202,https://m.lwwxw.com#玄奇21.0202,5,1,乐文文学网
xuehong.co,0,🐶血红小说①🍒,http://www.xuehong.co/,5,3,♜血红小说 详情|🍺 血红小说①|♜血红小说
novel.crazyideal.com,0,🎈 我的轻小说,https://novel.crazyideal.com/,6,1,🎈 我的轻小说
yushuwen.com,0,🌸御书文,https://www.yushuwen.com,6,1,🌸御书文
123xiaoqiang.me,0,🚬 小强小说②[仅发现],http://www.123xiaoqiang.me,6,1,🚬 小强小说[仅发现]
m.87shuwu.com,0,霸气书屋🔥,https://m.87shuwu.com,6,1,🚬 霸气书屋™备用
682684.net,0,🚬 新小说阅读网,http://www.682684.net,5,1,新小说阅读网🔞
youwuxs.com,0,🚬 尤物小说[仅发现],http://www.youwuxs.com,6,1,尤物小说
17books.net,0,🚬 17book[仅发现],http://www.17books.net,1,1,🚬 17book[仅发现]
m.ixpsge.com,0,包爱读书,https://m.ixpsge.com,8,1,爱读书
hxspp.com,0,🚬 H小说吧,http://hxspp.com,6,1,H小说吧🔞
m.yqxs.net,0,🍒 言情小说,http://m.yqxs.net,5,1,🍒 言情小说
bookbao99.net,0,👍 书包网,http://www.bookbao99.net,5,1,书包网②
m.huanyue123.com,0,🎉幻月书院,http://m.huanyue123.com/,6,1,👍 幻月书院
m.pilibook.com,0,霹雳书坊,https://m.pilibook.com,6,2,✾.Ⓒ 霹雳书坊 #未月十八1001|霹雳书坊
5200.net,0,🏀 5200小说网,https://www.5200.net/,5,1,👍 5200小说
lltxt.com,0,👍 楼兰,https://www.lltxt.com,7,1,👍 楼兰
62326.net,0,👍 格格党免费[仅发现],https://www.62326.net,6,1,"格格党ggd,缺页"
vodtw.la,0,👍 品书,https://www.vodtw.la#booklist dl,5,1,👍 品书网
m.iqishu.la,0,🔥 奇书网,http://m.iqishu.la,5,1,👍 奇书
zhuxian2.net,0,🔰 诛仙2,https://www.zhuxian2.net,6,1,👍 诛仙
ailingyi.com,0,💫爱灵异ailingyi,https://www.ailingyi.com,6,1,👍 爱灵异
zwdu.com,0,🥈八一中文网②,https://www.zwdu.com,5,2,💯八一中文①|👍 八一
5vcd.com,0,👍 品书网,https://www.5vcd.com,5,1,👍 品书网
m9xs.com,0,💮梦九小说,http://www.m9xs.com,8,1,♠ 梦九小说网
81new.net,0,🔰新八一中文③,https://www.81new.net/,6,1,🚬 新八一中文网
lwxs0.com,0,🎉乐文小说⑧,https://www.lwxs0.com/,5,1,👍 乐文小说网⓪
3xiaoniao.com,0,时空小说#南笙21.0101,https://www.3xiaoniao.com#南笙21.0101,5,1,👍 时空小说
88dushu.cc,0,👍 八八读书,http://www.88dushu.cc,6,1,👍 八八读书
bl9z.com,0,👍 9z书屋[仅发现],http://www.bl9z.com,1,1,9z书屋
wubenshu.com,0,五本书小说,https://www.wubenshu.com/,6,3,五本书|五本书|♜五本书 #破冰1101
s6uu.com,0,悠悠小说网,https://www.s6uu.com/,5,2,🔰 悠悠小说网|悠悠小说
m.xshubao.org,0,🔰 小书包,https://m.xshubao.org,5,1,小书包网
81zw.la,0,👍 八一中文①,http://www.81zw.la,5,1,🎉八一中文⑪
m.baijiaw.com,0,🔰 百家网[仅发现],https://m.baijiaw.com,6,1,🔰 百家网
m.yuanzun888.com,0,元尊小说,https://m.yuanzun888.com,5,1,元尊小说网
m.vodtw.com,0,品书小说（优）,https://m.vodtw.com,7,1,品书网
hunhun520.com,0,混混小说网,http://www.hunhun520.com,2,1,#混混小说网~hunhun520.com
aishuxs.com,0,🔰 19楼书包网,http://www.aishuxs.com/,6,2,🔰 19楼书包网[仅发现]|飛豆小說
114zw.la,0,♠ 114中文网,https://www.114zw.la/,6,1,🔰 114中文
cbxs.net,0,📚 赤壁小说 💡,https://www.cbxs.net,6,1,📖赤壁小说
m.biquge.tv,0,🔰 笔趣阁⑬[无分段],http://m.biquge.tv,5,1,笔趣阁www.biquge.tv
m.mengzeda.cn,0,🔰 百文择,https://m.mengzeda.cn,5,1,🔰 百文择
bjhanyang.com,0,📖汉扬居,http://www.bjhanyang.com,6,1,📖汉扬居
63xs.com,0,🔰 63小说,http://www.63xs.com,5,1,🔰 63小说
tsxs.org,0,🎊吞噬小说②,https://www.tsxs.org/,5,1,吞噬小说网②
kanxia.org,0,🔰 看下小说网,http://www.kanxia.org,5,1,看下小说网
ygbqtl.com,0,七猫读书网,https://www.ygbqtl.com/,6,1,🔰 七猫读书
tianyabooks.com,0,天涯书库,https://www.tianyabooks.com,6,3,天涯书库|📚天涯书库[tian]|📖天涯书库
siluke.com.tw,0,🎊 思路客ⓣⓦ,http://www.siluke.com.tw,7,2,🎊 思路客④|🎊 思路客ⓣⓦ
ibooktxt.com,0,💦顶点小说⑥,https://www.ibooktxt.com/,6,1,顶点小说
ciyuxs.com,0,辞鱼小说,https://www.ciyuxs.com/,8,1,辞鱼小说
126shu.org,0,💦奇书网②,https://www.126shu.org/,6,1,奇书网②
xk9l.com,0,💦想看就来,https://www.xk9l.com/,5,2,想看就来小说网|想看就来小说网
xs123.net,0,🌸 小说123,https://www.xs123.net,5,1,💦小说123
ldksw.cc,0,零点✘ so.biqusoso▼列表书少,https://www.ldksw.cc,7,1,零点✘ so.biqusoso▼列表书少
yawen8.la,0,雅文言情,http://www.yawen8.la/,6,1,✐   雅文小说
77xs.com,0,🎉千千小说⑩,https://www.77xs.com/,6,1,♻️千千小说❼
35zw.com,0,🎉三五中文网,http://www.35zw.com/,6,1,👍 三五中文
m.62ru.com,0,美文书屋🙈#南笙21.0101,https://m.62ru.com#南笙21.0101,6,1,🔞肉色屋
agxs.net,0,🎉人人小说,http://www.agxs.net/,6,2,人人小说|人人小说
m.25zw.com,0,25中文,http://m.25zw.com,6,1,🎉25中文网
baowen8.net,0,🔞 宝文吧,https://www.baowen8.net,6,1,🔞 宝文吧
uubiqu.com,0,笔趣阁③,https://www.uubiqu.com/,6,1,📖 笔趣阁⑬
m.luochu.com,0,"落初文学,付费",https://m.luochu.com/,5,1,📚 落初文学
biquwu.cc,0,笔趣屋[ucc],https://www.biquwu.cc/,5,1,📖 笔趣屋网
biqu6.com,0,🍁笔趣阁⑩④,http://www.biqu6.com/,6,1,笔趣阁_6月
biquge7.com,0,🍁笔趣阁⑩⑦,https://www.biquge7.com/,6,2,🎉笔趣阁⑩⑧|笔趣阁biquge7
52shukuwang.com,0,哇爱书库,https://www.52shukuwang.com,8,2,五二书库|㊕ 五二书库 #一程
souzhon.com,0,🌸 书趣馆,https://www.souzhon.com,5,1,书趣馆
api.255zw.com,0,🐬忽忽小说,https://api.255zw.com/,6,2,忽忽小说|✔︎㊝ 忽忽小说API ♛♛
biquku.la,0,笔趣阁①,http://www.biquku.la,6,2,💯笔趣阁②|🎉精品笔趣库
m.shoujixs.net,0,🍺 手机小说,https://m.shoujixs.net,6,1,【⚚⋆手机小说】
php06.com,0,漫画LOVE,http://www.php06.com,6,1,漫画love
app.duread8.com,0,独阅读吧,https://app.duread8.com,5,3,🔖独阅读|♛ 独阅读▪︎APP #渊呀|♛ 独阅读▪︎APP #渊呀
jqbh.net,0,快眼书海,https://www.jqbh.net,5,2,快眼书海#南笙21.0101|快眼书海小说
qqxs.cc,0,🛠️ 千千小说②[无正文],https://www.qqxs.cc,6,1,♠ 千千小说①
dswx.me,0,都市文学,https://www.dswx.me,5,1,都市文学
yuan.mumuceo.com,0,💵 起点榜单,http://yuan.mumuceo.com/起点中文网by木木,1,28,起点数据网|橙瓜网|起点女生网|创世中文网|云起书院
xinshubao.net,0,新书包网📎,https://www.xinshubao.net,5,1,🎉 新书包网
kuaiyankanshu.net,0,快眼看书,http://www.kuaiyankanshu.net,5,1,快眼看书
bxwx.tw,0,笔下文学（字体替换）,https://www.bxwx.tw,5,1,🎉 笔下文学
downnovel.com,0,🔖Noveldl,http://downnovel.com#乃星,5,2,🐑东望南路|📥 Noveldl
motie.com,0,磨铁中文网,http://www.motie.com,6,1,磨铁中文网
ggdowns.net,0,📡 格格党小说网,http://www.ggdowns.net/,6,1,👍 格格党小说
100huts.com,0,百草堂文学网②,https://www.100huts.com,6,1,📡 百草文学
m.71wx.net,0,📡 清逸文学网①,http://m.71wx.net,6,1,🔰 清逸文学
99lib.net,0,📚 99藏书,http://99lib.net,6,3,99藏书网|99藏书网|99藏书网
4wxw.com,0,思文文学网™MaxKing,http://www.4wxw.com,5,1,思文小说
bijibaba.com,0,🪐海棠书房,https://www.bijibaba.com,6,1,🪐海棠书房
52kshu.com,0,🎉吾爱看书,http://www.52kshu.com,5,1,🚬 吾爱看书
50xsf.com,0,🚬 小说坊,http://www.50xsf.com,5,1,小说坊🔞
laosijixs.com,0,🔞 老司机小说 国内,http://www.laosijixs.com,6,1,🚬 老司机小说
m.sanhao1.com,0,🚬 三好小说网,http://m.sanhao1.com,6,1,三好小说🙈#南笙21.0101
maydayfans.com,0,🌸 摘 书 网,http://www.maydayfans.com,5,1,✨闲书网🎉💻
v2.api.dmzj.com,0,🎈 动漫之家[仅发现],https://v2.api.dmzj.com,6,1,🎨 动漫之家
dongman.la,0,动漫啦❕,http://www.dongman.la/manhua,6,1,动漫啦
cartoonmad.com,0,🎨动漫狂,https://www.cartoonmad.com,6,2,动漫狂📱🌐|动漫狂[用繁体搜索]
comicool.cn,0,可米酷,https://comicool.cn,6,1,可米酷
yqhy.org,0,🍒 言情花园,https://www.yqhy.org,5,1,🍒 言情花园(新)
m.ucshuku.com,0,♜ UC书库,http://m.ucshuku.com,8,1,♜ UC书库
pdazw.com,0,掌上中文,http://www.pdazw.com,0,1,掌上中文
htubook.com,0,河图文化☯,https://www.htubook.com/,8,2,河图文化☯|河图文化
m.htubook.com,0,河圖文化▪繁体,https://m.htubook.com/,6,2,🚬 河圖文化▪繁体|河图文化M☯
siluke.org,0,🎉 思路客小说网,http://www.siluke.org,5,1,🎉 思路客⑤ S
58daixiu.com,0,🎉五八小说④,http://www.58daixiu.com/,5,2,♜58小说④|♜58小说④ md pb
bqg5200.com,0,🎉 笔趣阁㊷,http://www.bqg5200.com,5,1,笔趣阁
yunyue.cc,0,🔰 云阅小说,https://www.yunyue.cc,5,1,🎉 云阅小说
77xs.org,0,脾会说网,http://www.77xs.org,8,2,旗旗小说（发现）|♜77小说网 #pb▼列表书少
m.nuomi9.com,0,🎉 糯米小说,https://m.nuomi9.com/,6,1,糯米小说
dzzzw.com,0,🔰电子中文网,https://www.dzzzw.com/,6,2,♝电子中文网 pb|♝电子中文网 pb
m.38kanshu.com,0,38看书,http://m.38kanshu.com,6,1,🎉 38看书网
quledu.net,0,🎉 无错小说网quledu.net,https://www.quledu.net,6,1,🎉 无错小说网
cx.ikanshu.cn,0,🎉 免费追书,https://cx.ikanshu.cn,5,1,爱看书
api.zhuishushenqi.com,0,追书,https://api.zhuishushenqi.com/,8,7,追书排行榜|追书[同类推荐]|My176|My176|★烏雲716™★
m.bqg11.com,0,笔趣阁bqg11,https://m.bqg11.com,5,1,笔趣阁
m.abcxs.com,0,🎉 ABC小说,http://m.abcxs.com,5,1,🎉 ABC小说网手机版 abcxs.co
yiqiba520.com,0,一起看书吧,https://yiqiba520.com,5,1,一起吧
m.uu234w.com,0,UU小说网㈡,https://m.uu234w.com,6,1,UU小说网
m.zibibi.com,0,🛠️ 紫笔[缺页],http://m.zibibi.com,5,1,紫笔
m.quge7.com,0,笔趣阁,https://m.quge7.com,6,1,♜ 笔趣阁③ #一程
semorn.com,1,📻 清沫电台,http://www.semorn.com,1,1,📻🎶清沫电台1
i.qingting.fm,1,📻 蜻蜓FM1,http://i.qingting.fm#,6,1,🎶蜻蜓FM
bilibili.com,1,🎼 哔哩音乐,https://www.bilibili.com/audio,7,1,🎼 哔哩音乐
music.taihe.com,1,🎼 千千音乐1,http://music.taihe.com,8,2,🎼 千千音乐1|🎶 千千
m.txt80.com,0,八零电子书,http://m.txt80.com/,3,1,八零电子书
getconfig-globalapi.yyhao.com,0,爱优漫🅰,https://getconfig-globalapi.yyhao.com:443,6,1,漫画台🅰
m.23dushu.net,0,爱上乐文,https://m.23dushu.net,5,1,爱上乐文读书网
m.3rzw.com,0,3Z小说,http://m.3rzw.com,6,1,🔰 3Z小说网™备用
xiaoqiangla.cc,0,🚬 小强小说①,http://xiaoqiangla.cc/ - 夏一,6,1,🚬 小强小说②
siluke.tv,0,🎉 思路客𖤓,https://www.siluke.tv,6,1,🎊 思路客ⓣⓥ
qsw.la,0,🎉奇书网③①,https://www.qsw.la/,5,1,🔰 奇书网
lvzhuxs.com,0,㊕✾♝绿竹小说 md #关耳,http://www.lvzhuxs.com/,8,2,㊕✾♝绿竹小说 md #关耳|♝绿竹小说 #关耳
vbiquge.com,0,💦笔趣阁㉜,https://www.vbiquge.com/,6,1,📖 笔趣阁⑮
qxs.la,0,💯全小说①,https://qxs.la/,5,1,全 小 说
1kanshu.cc,0,💦要看书,https://www.1kanshu.cc/,6,1,要看书
wap.dzxsw.net,0,大众小说,https://wap.dzxsw.net,6,2,🎉大众小说|大众小说网
01zw.com,0,🎉灵异中文网,https://www.01zw.com/,6,3,🧐灵异中文♨️|♝灵异中文 #破冰|灵异中文
du7.org,0,🏀 读趣网②,http://www.du7.org/,5,1,读趣网
18xs.org,0,🏀 18小说,https://www.18xs.org/,6,1,18小说①
34zwen.com,0,🏀 34中文②,https://www.34zwen.com/,5,1,👍 34中文网
qushuba.com,0,🏀 趣书吧,http://www.qushuba.com/,5,1,趣书吧
xpaoshuba.cc,0,🏀 泡书吧,http://www.xpaoshuba.cc/,6,1,泡书吧①
duwenzu.com,0,读文族,http://www.duwenzu.com,5,1,💠 读文族
viviyzw.com,0,💯微微中文网,http://www.viviyzw.com/,6,2,📖 微云中文|♜微微云中文网✘ #破冰
mingshuwu.com,0,🎃名书屋,http://www.mingshuwu.com,5,1,名书屋
m.xialashimanhua.com,0,[阿玖·AJiu]下拉式漫画,https://m.xialashimanhua.com/,5,1,🎨下拉式漫画
qingquan.ren,0,♜清泉文学 #pb,https://www.qingquan.ren/#pb1101,6,2,♜清泉文学 #pb|🎉清泉文学
ijjjxs.com,0,久久小说,https://www.ijjjxs.com,8,1,久久小说[ij]
50zw.net,0,武林中文#南笙21.0101,https://www.50zw.net#南笙21.0101,5,2,🐶武林中文②|👍 武林中文②
hhhbook.com,0,🚀 3H淫书,http://hhhbook.com,6,1,3H淫書(沒弄好)
9sbook.com,0,🎉 九色书籍,http://www.9sbook.com,6,1,九色书籍
lsjxs.cc,0,第一版主,https://www.lsjxs.cc/,8,1,🚬 第一版主cc
diyibanzhu8.pro,0,第一版主,https://www.diyibanzhu8.pro/,8,2,🚬 第一版主8[仅发现]|🚬 第一版主cc
m.mcmssc.com,0,🍺 长乐歌,https://m.mcmssc.com,5,1,长乐歌
m.ezkanshu.com,0,🍑 EZ看书[仅发现],https://m.ezkanshu.com,6,1,EZ看书
5tps.com,1,🎧我听评书,https://www.5tps.com/,6,1,我听评书
dxmwx.net,0,👍 大熊猫,https://www.dxmwx.net,6,1,大熊猫文学网™
laoyao.org,0,🎉老幺小说,https://www.laoyao.org/,6,1,👍 老幺小说
56shuku.la,0,📖 五六书库,https://www.56shuku.la,6,1,56书库
fhxsz.com,0,🎊凤凰小说,https://www.fhxsz.com/,6,1,💗 凤凰小说
m.1114txt.com,0,🔞 一世书城📖,https://m.1114txt.com,6,1,🔞 一世书城
0335jjlm.com,0,新18小说,https://www.0335jjlm.com/,5,1,🌼新18
m.soxscc.com,0,🎉 搜小说,https://m.soxscc.com,6,1,♠ 搜小说
gequdaquan.net-kugou,1,📻 酷狗音乐,http://www.gequdaquan.net-kugou,1,1,🎶 歌曲大全-酷狗
m.aaaks.com,0,🎉 爱看书M,https://m.aaaks.com,5,1,爱看书
qbxs520.com,0,全本小说[qbxs520],https://www.qbxs520.com/,6,1,全本小说[qbxs520]
damoke.cc,0,大漠阁,https://www.damoke.cc,6,1,大漠阁
m.dianwxw.com,0,🎉 殿行说,http://m.dianwxw.com,6,1,殿行说移动版
999wx.com,0,999文学,https://www.999wx.com,6,1,999文学网
baishuzhai.com,0,#百书斋~baishuzhai.com,https://baishuzhai.com,0,1,百书斋
xs98k.com,0,💗段友小说,http://xs98k.com,8,1,段友小说
11txt.com,0,♜凤凰小说网 md #破冰,http://www.11txt.com/#mdpb,6,3, 凤凰小说|🎉凤凰小说网|♜凤凰小说网 #破冰1101
wlzw.net,0,武林中文（发现）,http://www.wlzw.net,8,1,武林中文
syt2008.com,0,🐣二八书库,https://www.syt2008.com/,5,1,28书库
api.wnreader.com,0,🧐免费小说◾️♨️,https://api.wnreader.com/,6,1,免费小说大全(感谢酷安大佬的提供)
51vba.com,0,♝51书吧 #pb,http://www.51vba.com/,8,1,♝51书吧 #pb
axxsw.net,0,傲轩小说,https://www.axxsw.net/,6,1,🌸 傲轩小说(测试)
booktxt.net,0,🎉 顶点小说,https://www.booktxt.net,5,2,📖 顶点小说|顶点小说⑥
gfriend.online,0,💗GFriend小说,http://www.gfriend.online,6,1,GFriend小说网
sj.qubook.cc,0,趣书网手机版[分页],https://sj.qubook.cc,6,1,📥趣书网
whyxs.com,0,天天小说,http://www.whyxs.com/,5,1,天天小说
shujy.com,0,♠ 书家园,https://www.shujy.com/,5,1,书家园
m.babayu.tv,0,巴巴鱼,https://m.babayu.tv/,6,1,巴巴鱼
shubaoo.com,0,书包网,https://www.shubaoo.com/,6,1,书宝小说
fengyuan8.com,0,📒第一版主,http://www.fengyuan8.com,8,1,㊕ 第一版主② #一程
81zw.me,0,♠ 八一中文④,http://www.81zw.me/,6,1,81中文
booksky.org,0,🔰 快眼看书,https://www.booksky.org,6,2,快眼看书booksky|👍 快眼
m.9txs.org,0,📜 九桃小说,https://m.9txs.org,6,1,👑九桃小说网_By未月十八
yq-888.com,0,言情888,https://www.yq-888.com#sitembox dl,5,1,🔥 言情888
m.74wx.com,0,七四文学,https://m.74wx.com/,5,1,骑士文学网
m.kuaishuku.com,0,🍊 梦洲声茶,https://m.kuaishuku.com,5,1,🐑梦洲声茶
yczw.com,0,🧐叶辰中文网,https://www.yczw.com/,6,2,♜叶辰中文网 #破冰1101|叶辰中文
m.xiaoxs.com,0,小小说,https://m.xiaoxs.com/,6,1,小小说
aidusk.com,0,🔖求书网,http://www.aidusk.com/,5,1,🍺 求书网
izhaishu.com,0,🎉爱摘书小说,http://www.izhaishu.com/,5,2,♜爱摘书 #破冰|爱摘书
9ku.com,1,九酷音乐,http://www.9ku.com,6,1,[MUSIC]九酷音乐
13zw.com,0,一三中文,https://www.13zw.com/,6,2,一三中文|♜一三中文网 #破冰1101
wuxiaworld.com,0,武侠世界,https://www.wuxiaworld.com/,5,1,🌐 WuXia
m.60xiaoshuo.org,0,年小说网,https://m.60xiaoshuo.org/,8,1,🌸 60小说网
m.xsbbb.com,0,🚬 新书包网,http://m.xsbbb.com,6,1,新书包网
m.123ds.org,0,123读书网,https://m.123ds.org,5,1,123读小说网
360wxwxs.com,0,🎉 360文学网,http://www.360wxwxs.com,5,1,360文学网
5zwx.com,0,🔞 五洲文学,https://www.5zwx.com,6,2,五洲文學|🔞五洲文学（发现）
m.qilinchess.com,0,🎉 麒麟小说[仅发现],http://m.qilinchess.com,6,2,麒麟小说/仅发现|麒麟小说网
ncode.syosetu.com,0,🎈 ncode_syosetu(成为小说家吧),https://ncode.syosetu.com,6,1,ncode_syosetu(成为小说家吧
lingxuge.com,0,凌虚阁,https://www.lingxuge.com,6,1,🔞 凌虚阁📖
banzhu333.xyz,0,第一版主77(๑>؂<๑）,http://www.banzhu333.xyz/,8,1,🚬 第一版主77(๑>؂<๑）
zwdu.net,0,八一中文,http://www.zwdu.net,6,2,🎉八一中文⑫|♜八一中文⑫ #破冰1101
tyuetxt.com,0,🎉天阅小说网,https://www.tyuetxt.com/,6,2,婷阅读//仅发现//tyuetxt|天阅中文
m.sywtxt.com,0,书阅屋子（发现）,https://m.sywtxt.com/,8,1,👍 书阅屋
m2.yqxs.cc,0,言情小说笔趣阁,https://m2.yqxs.cc,5,1,📖 言情小说笔趣阁
m.nanshuni.com,0,📖 书迷网站,https://m.nanshuni.com,5,1,书迷
m.zwydw.org,0,☘️中文阅读网☘️,https://m.zwydw.org,7,1,☘️中文阅读网☘️
m.530p.com,0,☘️小说网1☘️,http://m.530p.com#响海,6,3,🍊 530小说|Ⓐ 530小说|530p无弹窗小说
m.51nm.cc,0,📖 五一看书 静白校验搬运其他渠道去除防伪,https://m.51nm.cc/,5,2,📖 五一看书|☘️新51看图书☘️
13xs.com,0,☘️13小说网☘️,https://www.13xs.com#响海,5,1,🔰13小说网
xiaoxs.com,0,🎉小小说文学,https://www.xiaoxs.com/,5,2,☘️小小说☘️|🎉 小小说
m.shengcang888.com,0,🎉 学笔网,https://m.shengcang888.com,6,1,☘️笔学网☘️
m.biqikan.com,0,笔趣看网,https://m.biqikan.com/,6,1,☘️笔趣看☘️
m.ajnnan.com,0,☘️戊戟武侠☘️,https://m.ajnnan.com##响海,5,1,🍺 戊戟武侠
m.xiaoshuo77.net,0,☘️读书族小说网☘️,https://m.xiaoshuo77.net,6,1,✐  读书族小说
wap.sobiquge.com,0,天籁小说[sobi],https://wap.sobiquge.com/,5,1,🚬 天籁小说
m.24kwx.cc,0,二四小说,https://m.24kwx.cc#未月十八改,5,1,🍊 二四小说
epxs.cc,0,🎉品小说网③,http://www.epxs.cc/,6,2,♜一品小说网③ #破冰|一品小说
dawen.org,0,🍺 达文小说,http://www.dawen.org,5,1,达文小说网
tywxw.la,0,📖 天翼文学,https://www.tywxw.la,6,1,天翼文学
scirym.club,0,米国度👿,https://www.scirym.club/,6,1,米国度👿
tbxsw.com,0,💯官术网小说,http://www.tbxsw.com/,6,1,🎉 官术网
m.0dkanshu.com,0,零点看书,https://m.0dkanshu.com,6,1,零点看书吧
m.bisoge.com,0,笔搜阁,https://m.bisoge.com,6,1,笔搜阁m
m.kaiyiwenxue.com,0,💗 凯翼文学,http://m.kaiyiwenxue.com,6,1,凯翼
wxsy.net,0,顶点小说[wxsy],https://www.wxsy.net/,5,1,🔰 顶点小说
masiro.me,0,🎐 真白萌,https://masiro.me,6,1,真白萌·需要登录·
m.ezkanshu.org,0,EZ看书手机站,https://m.ezkanshu.org,6,1,🤍EZ  看  书
wili7.com,0,笔趣阁⑥,http://www.wili7.com,6,1,笔趣阁
xbooktxtt.com,0,🍑 小宝小说网,http://www.xbooktxtt.com,5,1,小宝小说网
wenku8.net,0,轻小说文库.net,https://www.wenku8.net/index.php,8,3,轻小说文库2.0[免登录]|🎐轻小说文库|📖 轻小说文库
wutuxs.net,0,无图小说网,https://www.wutuxs.net,5,1,🔰 无图小说
niubishuwu.com,0,👍 牛逼书屋,http://www.niubishuwu.com,6,1,牛B书屋
m.xxshulou.com,0,🚬 小小书楼,http://m.xxshulou.com,6,1,小小书楼
xuebiw.com,0,学笔网,https://www.xuebiw.com,6,1,学笔网
m.wxgbiqu.com,0,📚 文学馆,https://m.wxgbiqu.com,6,1,文学馆
aikanshuba.net,0,🎉 爱看书吧①,https://www.aikanshuba.net,6,1,新爱看书[飞卢]
123du.cc,0,123读,https://www.123du.cc/,5,1,🎈123读
wencaijia.com,0,书荒啦•推书,http://www.wencaijia.com/,6,1,书荒啦•推书
m.liewen.la,0,猎文网,https://m.liewen.la,6,1,猎文网
580bk.com,0,锦绣文波,https://www.580bk.com/ ,1,1,锦绣文学
tzyibang.com,0,👍 泰州小说网,http://www.tzyibang.com,5,1,泰州小说网
m.beqiku.com,0,笔趣库,http://m.beqiku.com,6,1,笔趣库
m.xssilu.com,0,思路文学,https://m.xssilu.com/,5,1,丝路文学网m.xssilu.com
m.txtle.com,0,书朋网,https://m.txtle.com#,5,1,书朋网
m.xncwxw2.com,0,🎉 新暖才小说网,https://m.xncwxw2.com,6,2,新暖才小说网|新暖才文学网套的
xcxs4.com,0,🚬 乡村阅读-δ,http://www.xcxs4.com,6,1,👍 乡村小说
bdxnc.com,0,🔰 笔痴中文,https://www.bdxnc.com,5,1,笔痴中文
wap.cuiweiju777.com,0,🚬 翠微居,http://wap.cuiweiju777.com,6,2,👍 翠微居|👍 翠微居
xuehongxs.com,0,血红,https://www.xuehongxs.com,7,2,血红|🎉血红小说网②
m.read8.org,0,无错小说网,https://m.read8.org,5,1,无错小说网
m.juyit.com,0,166小说js,https://m.juyit.com/,6,1,166小说
boshisw.com,0,博士书屋,https://www.boshisw.com,5,1,博士书屋
hkshu.com,0,🎉 好看书吧[仅发现],https://www.hkshu.com,6,1,💫好看书吧⑩
htzyk.com,0,🎉 火推资源库,https://www.htzyk.com,6,1,火推资源库发『发现规则有点乱，将就用吧!
book.189dg.com,0,🎉 天翼中文,https://book.189dg.com/,5,1,天翼中文
biquwo.org,0,🎉 笔趣窝,http://www.biquwo.org,5,1,笔趣窝
thepoemforyou.com,1,为你读诗,https://www.thepoemforyou.com#,6,1,为你读诗
92dxs.com,0,就爱读小说,http://www.92dxs.com,5,1,#就爱读小说~92dxs.com
xsbk.cc,0,小说宝库,https://www.xsbk.cc,6,1,小说宝库
diyibanzhu3.pro,0,第一版主san,https://www.diyibanzhu3.pro,8,1,第一版主san
book48.com,0,书包小说网,https://www.book48.com/,5,1,书包小说网
m.diyibanzhu.me,0,第一版主④,http://m.diyibanzhu.me,7,1,🚀版主⚠️看注释
day66.com,0,天天中文,https://www.day66.com,5,1,天天中文
m.665txt.com,0,65TXT,https://m.665txt.com,5,1,65TXT小说
yytxt.com,0,歪歪书屋~yytxt.com,https://www.yytxt.com,2,1,歪歪书屋
m.dushuzhe.com,0, 读书者,https://m.dushuzhe.com,5,1,🔰 读书者
jfzw.com,0,教父中文,https://www.jfzw.com,5,1,教父中文
00sy.net,0,🎉零点书院,https://www.00sy.net/,6,2,👍零点书院|零点书院
quanshuwan.com,0,全本书屋,https://www.quanshuwan.com,5,1,全本书屋[朝阳]
17kxs.club,0,一起看, http://www.17kxs.club,5,1,一起看小说
yuedu8.cc,0,阅 读 吧,http://www.yuedu8.cc,5,1,阅读吧
wjshu.com,0,万卷书,http://www.wjshu.com,5,1,万卷书之玄幻小说精选
m.35xs.cc,0,🔰 35小说[网站不稳定],http://m.35xs.cc,6,1,35小说M
3wsw.com,0,三味书屋,https://www.3wsw.com,5,1,三味书屋
92k.cc,0,92k言情小说网,http://www.92k.cc,5,1,92k言情小说网
x23us.me,0,顶点小说8,https://www.x23us.me,5,1,顶点小说d7
prwx.org,0,飘柔文学,http://www.prwx.org,5,1,飘柔文学
webqxs.com,0,轻小说,http://www.webqxs.com,0,1,WEB轻小说
lewen.la,0,💯乐文小说网,https://www.lewen.la,5,1,乐文小说
m.2bqg.com,0,笔趣阁(2bqg),https://m.2bqg.com/,1,1,笔趣阁(2bqg)
2bqg.com,0,笔趣阁(2bqg),https://2bqg.com,5,1,💯新笔趣阁
zhaishuw.com,0,👍摘书网,https://www.zhaishuw.com/,6,1,🔰 摘书网
m.xiaoshuwo.cc,0,🎉小书窝小说,https://m.xiaoshuwo.cc/,5,1,👍 小书窝.m.xiaoshuwo.cc
jiukusy.com,0,🧐九库书院♨️,https://www.jiukusy.com,6,1,🔰九库书院
45zw.info,0,🎉四五中文网,https://www.45zw.info/,6,1,📃四五中文网②
ucxs.cc,0,🎉UC小说网①,http://www.ucxs.cc/,5,1,♜UC小说网
67xiaoshuo.cc,0,🎉67小说网①,http://www.67xiaoshuo.cc/,5,1,♜67小说网
bqxiashu.com,0,🎉笔趣下书①,https://www.bqxiashu.com/,5,2,笔趣下书①|♜笔趣下书 #pb
x56xs.com,0,🎉56小说①①,http://www.x56xs.com/,5,1,♜-56小说① #破冰1130
tuofa.org,0,🎉七猫小说①,http://www.tuofa.org/,5,1,🎉七猫精品小说
tushumi.com,0,🎉图书迷小说,http://www.tushumi.com/,6,1,💊 图书迷
tyxsw.org,0,🍺 天悦小说网,https://www.tyxsw.org,5,1,🎉天悦小说网
yipinzw.com,0,🎉一品中文①,http://www.yipinzw.com/,6,1,♜一品中文
xhxsw.org,0,🐶血红小说②🍒,https://www.xhxsw.org/,5,1,🍺 血红小说②
xiaoshuo77.net,0,🎉读书族小说,https://www.xiaoshuo77.net/,5,1,读书族
156xsw.com,0,🎉一五中文网,http://www.156xsw.com/,5,1,📖 156 中文
51cnlv.com,0,🎉五小说网①,http://www.51cnlv.com/,5,1,♜51小说网
512wine.com,0,🎉二小说①①,http://www.512wine.com/,5,1,♜52小说③
wabaihui.com,0,🎉小说屋③①,http://www.wabaihui.com/,5,1,♜小说屋③
mlls.net,0,🎉书迷楼⑥①,http://www.mlls.net/,5,1,♜书迷楼⑥
lyrouniu.com,0,🎉零点看书⑤,http://www.lyrouniu.com/,5,1,♜零点看书⑤
lzbp.net,0,🎉落秋中文③,http://www.lzbp.net/,5,1,♜落秋中文③
mishe.cc,0,🎉米社书屋①,http://www.mishe.cc/,5,1,♜米社书屋
hdongnet.com,0,🎉红豆小说网,http://www.hdongnet.com/,5,1,♜红豆小说网
jfrxs.com,0,🎉芙蓉小说网,http://www.jfrxs.com/,5,1,♜芙蓉小说网
huamuke.net,0,🎉言情花园①,http://www.huamuke.net/,5,1,♜言情花园
jysks.net,0,🎉精英小说网,http://www.jysks.net/,5,1,♜精英小说网
hhdxg.com,0,🎉哈哈文学网,http://www.hhdxg.com/,5,1,♜哈哈文学网
geree.net,0,🎉给力读书网,http://www.geree.net/,5,1,♜给力读书网
xlkuai.com,0,🎉快书网小说,http://www.xlkuai.com/,5,1,♜快书网
5y9y.com,0,🎉五九小说网,http://www.5y9y.com/,5,1,♜59小说网
caibaedu.com,0,🎉主流中文网,http://www.caibaedu.com/,5,1,♜非主流中文网②
rzsjedu.com,0,🎉追书网③①,http://www.rzsjedu.com/,5,1,♜追书网③
gwfcj.com,0,🎉无名小说网,http://www.gwfcj.com/,5,1,♜无名小说网②
zdxt88.com,0,🎉88小说网②,http://www.zdxt88.com/,5,1,♜88小说网②
hftianye.com,0,🎉伏天书屋①,http://www.hftianye.com/,5,1,♜伏天书屋
thxyyy.com,0,🎉海岸线小说,http://www.thxyyy.com/,5,1,♜海岸线小说网
19wxw.com,0,🔰19文学网,http://www.19wxw.com/,6,1,👍 19文学网
biququ.info,0,🎉笔趣趣②①,http://www.biququ.info/,5,1,📖笔趣趣⑤
xshujy.com,0,🎉书家园小说,https://www.xshujy.com/,6,1,书家园
ynqxs.com,0,🎉越年轻小说,https://www.ynqxs.com/,5,1,🍺 越年轻小说
ypyxs.com,0,🍺 一片云小说 女生,https://www.ypyxs.com,5,1,🎉一片云小说
71wxw.com,0,🎉71文学网①,http://www.71wxw.com/,5,1,🍺 71文学网
letnovel.com,0,🎉柠檬小说①,https://www.letnovel.com/,5,1,📖 柠檬小说
biquba.net,0,🎉笔趣吧小说,http://www.biquba.net/,5,1,🍺 笔趣吧
iwaimai.net,0,零点看书,https://www.iwaimai.net/,5,2,🎉零点看书③|🎉 零点看书④
ibiqu.org,0,🐼 笔趣阁⑤-🔖,http://www.ibiqu.org,5,1,笔趣阁[iorg]
fengzhiya.vip,1,🐳风之涯,http://www.fengzhiya.vip/,6,1,Ⓐ 风之涯
m.shumil.co,0,💦书迷楼,https://m.shumil.co,6,1,🎉书迷楼④
sacg.dmzj.com,0,动漫之家S₂🅰,https://sacg.dmzj.com,6,1,动漫之家s₃-A
s.acg.dmzj.com,0,动漫之家s₁️-A,http://s.acg.dmzj.com,6,1,动漫之家定制版™🅰
m.yqzw5.com,0,笔趣阁🔞,https://m.yqzw5.com,6,1,言情中文网①
m.qktsw.com,1,乾坤听书,https://m.qktsw.com,5,1,🎧 乾坤听书(无发现)
m.zwwx.com,0,中网文学,https://m.zwwx.com,5,1,中网文学
m.wanbentxt.com,0,🏵️完本TXT,https://m.wanbentxt.com/❀,6,2,完本神站备用™|完本神站[qa455355]
diyibanzhu999.com,0,第一版主,http://diyibanzhu999.com,8,1,第一版主🔥
jstnjt.com,0,诚信小说网,http://www.jstnjt.com,6,1,诚信小说网
laobizhai.net,0,老笔斋,http://www.laobizhai.net,6,1,老笔斋™九天之狼
oldtimes.cc,0,旧时光文学,https://www.oldtimes.cc,5,1,旧时光文学
bixiange.org,0,笔仙阁,https://www.bixiange.org,5,1,笔仙阁™
xncwxw.com,0,🚬 新暖才文学网~xncwxw.com,https://www.xncwxw.com,6,1,新暖才
m.webqxs.com,0,轻小说WEB版[手机版],http://m.webqxs.com,0,1,WEB轻小说
m.lzzxs.com,0,连载中小说阅读网,https://m.lzzxs.com,5,1,连载中小说™
xszww.com,0,小说中文网,https://www.xszww.com,0,1,小说中文网
kayege.com,0,卡夜阁①,http://www.kayege.com,5,1,卡夜阁③
shukeju.com,0,🎊书客居,https://www.shukeju.com/,5,1,书居客
m.yjxs8.com,0,遇见小说,http://m.yjxs8.com,0,1,遇见小说™
xy48.net,0,🎉星月书吧②,https://www.xy48.net/,5,2,星月书吧②|星月书吧
suimeng.la,0,随梦小说网,http://www.suimeng.la,2,1,随梦小说网
daai99.com,0,大爱小说,http://www.daai99.com,5,1,大爱小说
laiyetxt.com,0,来也小说,https://www.laiyetxt.com,5,1,来也小说
1909.tv,0,1909tv,https://www.1909.tv,2,1,1909.tv
77xs.co,0,千千小说网~77xs.co,https://www.77xs.co,2,1,千千小说网③
m.kayege.com,0,卡夜阁①,https://m.kayege.com,5,1,卡夜阁④
s4444.cc,0,🔞 四四小说网,http://s4444.cc,6,1,#四四小说网~s4444.cc 18
x69shu.com,0,新69书吧,http://www.x69shu.com,0,1,#69书吧~x69shu.com
lalawx.net,0,🎉啦啦文学网,https://www.lalawx.net/,5,1,🎉啦啦文学网
m.zhuaji.org,0,👍 爪机小说[仅发现],https://m.zhuaji.org,6,1,爪机书屋
sou.run,0,搜书,http://www.sou.run,5,1,搜读
rzlib.net,0,日照小说网,https://www.rzlib.net,0,1,日照小说网
suyuege.com,0,速阅阁~suyuege.com,http://www.suyuege.com,0,1,速阅阁
sanhao3.vip,0,三好小说🔞,http://www.sanhao3.vip,6,1,三好小说
diyibanz.com,0,第一版主网,https://www.diyibanz.com,8,1,#第一版主🔞~diyibanz.com
wanwenge.com,0,万文阁™叶子,http://www.wanwenge.com,5,2,万文阁™备用|万文阁™备用
suimengxiaoshuo.com,0,随梦小说网①™🔥,https://www.suimengxiaoshuo.com,5,1,随梦小说
img.yousuu.com,0,1、优书✳️新版 书评,http://img.yousuu.com:80,6,1,1、优书网
3qzone.com,0,3q中文网,https://www.3qzone.com,5,1,3Q中文网
bamaoxs.com ,0,八毛小说,http://www.bamaoxs.com ,6,1,八毛小说
m.dijiuzww.com,0,第九中文,https://m.dijiuzww.com,5,1,第九中文网
m.lewenxiaoshuo.com,0,👍 乐文小说④,https://m.lewenxiaoshuo.com,6,1,乐文小说
txt2016.com,0,TXT2016,https://www.txt2016.com,2,1,TXT2016
xs74.com,0,骑士小说网,https://www.xs74.com,2,1,骑士小说②
xiaoshuob.com,0,TXT小说免费下载,https://www.xiaoshuob.com,5,1,小说吧
biquge5.com,0,笔趣阁⑰,http://www.biquge5.com,0,1,#笔趣阁~biquge5.com
xiazailou88.com,0,🔞 下载楼,https://www.xiazailou88.com,6,1,下载楼
biquxs.cc,0,新笔趣阁,https://www.biquxs.cc,5,1,EC小说网
m.feizw.com,0,老三开车,https://m.feizw.com,5,1,飞速中文网
txtle.com,0,🎉书朋网②,https://www.txtle.com/,6,1,书朋网
miaobige.com,0,妙笔阁,https://www.miaobige.com,0,1,妙笔阁
m.shengxu3.com,0,凝香,https://m.shengxu3.com/s.php,5,2,凝香小说网|凝香小说网
2nunu.com,0,奴奴漫画,http://www.2nunu.com,6,1,奴奴漫画
nkcartoon.com,0,咔咪漫画,http://www.nkcartoon.com/comic,6,1,掌上漫画™⛅
biquge.cm,0,笔趣阁biquge.cm,https://www.biquge.cm,5,1,笔趣阁①
iduzw.com,0,💗爱读中文,https://www.iduzw.com,8,1,❄️爱读中文
xx31xs.org,0,31小说网,http://xx31xs.org:80,6,1,31小说网
haohaomao.com,0,好好猫,https://www.haohaomao.com,6,1,好好猫
kanshu.la,0,看书啦,https://www.kanshu.la,1,1,看书啦
lunbo.gdugm.cn,0,My176,http://lunbo.gdugm.cn,5,1,快读全本小说①™冷魅
6lk.net,0,⭐乐库小说网,http://www.6lk.net,6,1,🔥 乐库小说
voice.meiriyiwen.com,1,每日一声,http://voice.meiriyiwen.com,1,1,每日一声
pilishufang.com,0,霹雳书坊,http://www.pilishufang.com,2,1,👍霹雳书坊
pingshu8.com,1,评书吧,http://www.pingshu8.com,5,1,📻评书吧(无发现)
htqyy.com,1,轻音乐,http://www.htqyy.com#,6,1,听音乐™🐱
wksw.la,0,🔰悟空书屋,http://wksw.la,6,1,#悟空书屋~wksw.la
xinremenxs.com ,0,🎉 新热门小说叶子,https://www.xinremenxs.com ,5,2,新热门小说|新热门小说叶子
xsuimeng.com,0,新随梦小说网~xsuimeng.com,http://xsuimeng.com,6,1,新随梦小说网
changyedu.com,0,长夜读书,https://www.changyedu.com/,6,2,长夜读|长夜读
uctxt.com,0,UC书盟,http://www.uctxt.com,2,1,UC书盟
yunlaige.com,0,云来阁,https://www.yunlaige.com,5,1,云来阁小说⑭
aszw.org,0,爱上中文🔞,http://www.aszw.org,5,1,爱上中文
biquge.tw,0,笔趣阁,http://www.biquge.tw,5,1,笔趣阁⑨
dajiadu.net,0,大家读书院,http://www.dajiadu.net,5,1,大家读书院
gxwztv.com,0,🔰梧州,http://www.gxwztv.com,8,1,梧州中文台
api.hongshuo666.cn,0,换源神器,http://api.hongshuo666.cn:1952,6,2,👍 换源神器|🎉 红硕小说𖤓
yuetutu.com,0,👍 笔趣阁yuetutu,http://www.yuetutu.com,6,1,笔趣阁阅图
park521.com,0,花园,http://park521.com,6,1,花园(长篇小说专栏)
youyoukanshu.com,0,🎉呦呦看书①,https://www.youyoukanshu.com/,5,1,呦呦看书
sosoxs.org,0,🎉搜小说⑤,http://www.sosoxs.org/,5,2,♜搜小说⑤ #破冰1101|♜搜小说⑤ #破冰
gzqianlv.com,0,🎉千千小说⑥,http://www.gzqianlv.com/,5,2,♜千千小说⑥|♜千千小说⑥
yanxin56.com,0,🎉言心小说网,http://www.yanxin56.com/,5,1,♜言心小说网
91kxs.com,0,🎉就要看小说网,http://www.91kxs.com/,5,1,♜就要看小说网
m.dearzwxs.com,0,👾第二中文,http://m.dearzwxs.com/,5,1,👾第二中文
mtklw.com.cn,0,🎉ABC小说③,http://www.mtklw.com.cn/,5,1,♜-ABC小说③ #破冰1130
duduwo.com,0,🎉读读窝,https://www.duduwo.com/,5,2,♜-读读窝 #破冰|♜-读读窝 #破冰1130
wenxuemi.org,0,🎉文学迷②,http://www.wenxuemi.org/,5,1,♜-文学迷② #破冰1130
lewenn.com,0,🎉乐文小说⑬,https://www.lewenn.com/,6,1,乐文小说~lewenn.com
fsleike.com,0,🎉飞速中文网②,http://www.fsleike.com/,5,1,♜飞速中文网②
m.shucw.com,0,书城网,http://m.shucw.com/,5,1,书城网
22mta.cc,0,新墨坛文学,https://www.22mta.cc,5,1,🎉 墨坛
biqux.com,0,笔趣轩,http://www.biqux.com,5,1,🎉 笔趣轩™
dusuu.com,0,🎉读书网,https://www.dusuu.com,6,1,读书网
cuiweiju7.com,0,🔞翠微居520,http://www.cuiweiju7.com/,6,1,🚬 翠微居520
iove.net,0,🔰 宜小说网,https://www.iove.net,5,1,📖 宜小说网
kxdt.net,0,云书阁,https://www.kxdt.net/,6,1,📖 云书阁网
m.ranwen.la,0,💊 燃文小说 ,https://m.ranwen.la,6,1,md♛+✾燃文小说m✘
m.guigs01.com,0,🎉 桂花小说,http://m.guigs01.com,5,1,✾.Ⓑ 桂花小说 #未月十八1001
m.mofaxs.com,0,魔法小说,https://m.mofaxs.com,5,1,魔法小说
seqing001.com,0,🪐涩情0 0 1,https://seqing001.com,6,1,👔 色情 001
m.wurexs.com,0,4020电子书①,http://m.wurexs.com,6,1,🔰 wurexs
88shuge.com,0,♤ 88书阁,https://www.88shuge.com/,6,1,♠ 88书阁
v63xs.com,0,👍630小说,https://www.v63xs.com/,5,1,63小说
hetu3.com,0,🔞 河图小说,http://www.hetu3.com/,6,1,河图小说
h5.imiaobige.com,0,📜🧾妙笔阁,https://h5.imiaobige.com,6,1,✨妙笔阁🎉📱
m.txt909.com,0,✨久久小说🎉📱,https://m.txt909.com/,6,1,久久小说
shg.tw,0,✨书海阁🎉💻,http://www.shg.tw/,6,1,✐   书海阁
rouman5.com,0,ROM5,https://rouman5.com,6,1,肉漫屋🔞
mm39.cc,0,🔰桃花岛mm39.cc,https://mm39.cc,5,1,有色小说网
biqulin.com,0,👍笔趣阁⑧⑧,https://www.biqulin.com/,5,1,笔趣阁⑦④
m.778buy.com,0,🔰 燃文书库,http://m.778buy.com,6,1,燃文书库
iiav.club,0,艾咪,https://iiav.club/,6,2,艾咪|艾咪
12kanshu.com,0,壹贰看书#南笙21.0101,http://www.12kanshu.com#南笙21.0101,5,1,壹贰看书[表情]
minguodaomuwangshi.wddsnxn.org,0,民国盗墓, http://minguodaomuwangshi.wddsnxn.org,1,1,📚 民国盗墓往事(仅发现)
biyuwu.cc,0,官术网,https://www.biyuwu.cc/,6,2,🎉 官术小说|官术网~biyuwu.cc
diyibanzhume7.com,0,第一版主,http://www.diyibanzhume7.com/,8,1,🚬 第主官网[仅发现]
m.dstiejuan.com,0,🗃 丹书铁券[手机端],https://m.dstiejuan.com/,6,1,丹书铁卷
m.zaohuatu.com,0,造化图小说网,http://m.zaohuatu.com/,8,2,造化图小说网|造化图
xiaoshutingapp.com,0,🎉小书亭①②,http://www.xiaoshutingapp.com/,5,1,小书亭(xiaoshutingapp.c
m.bqg9527.com,0,笔趣阁 9527,https://m.bqg9527.com,6,1,笔趣阁[m.bqg9527]
tz659.com,0,💠 第一版主,http://www.tz659.com,8,2,第一版主|秦
dudu0.com,0,读读书吧,https://www.dudu0.com/,6,1,🐑东杜兰陈
hsrnsw.com,0,🎉火山中文①,https://www.hsrnsw.com/,5,1,📖 火山中文
gwxsw.com,0,🍺 鬼王小说网,https://www.gwxsw.com,5,1,🎉鬼王小说网
m.ahzwx.com,0,🔰 爱好中文,https://m.ahzwx.com,6,1,爱好中文网
linshuwu.com,0,📖 林书屋网,http://www.linshuwu.com,6,1,📖 林书屋网
m.eexiaoshuo.com,0,💦一一小说④,https://m.eexiaoshuo.com/,6,1,E小说
m.57mh.org,2,57漫画📱,http://m.57mh.org,6,1,🎟️雾气漫画
m.51sami.com,2,51漫画,https://m.51sami.com#♤Haxc,6,1,🎨 51漫画
noc.syosetu.com,0,ノクターンノベルズ,https://noc.syosetu.com/top/top/,6,1,🎈 ノクターンノベルズ
ppshu8.com,0,🎉皮皮书吧①,https://www.ppshu8.com/,5,1,皮皮书吧
biqulu.net,0,🔰笔趣阁⑫⑤,https://www.biqulu.net/,5,1,中文阅读
dongshansuiwan.com,0,🔰 东山岁晚,http://www.dongshansuiwan.com,6,1,东山岁晚
m.wuxiamh.com,2,🎨 武侠漫画,https://m.wuxiamh.com/,6,1,🎨 武侠漫画
m.ah123z.com,0,爱好中文◾️,https://m.ah123z.com/,6,1,爱好中文网
mixednovel.net,0,Mixed Novel,https://mixednovel.net,5,1,Mixednovel
m.shucang.cc,0,🎉 书仓网,https://m.shucang.cc,6,2,🌸书仓网|✾书仓网 #关耳
txt909.cc,0,久久小说[txt909],https://www.txt909.cc,5,1,✾久久小说 #关耳
xiaoshuting.la,0,小书亭,https://www.xiaoshuting.la,5,1,小书亭
w.xiaoshuoxiaapp.cc,0,小说侠,https://w.xiaoshuoxiaapp.cc/,6,1,小说侠
yawenku.com,0,雅文库,https://www.yawenku.com,5,1,🐶雅文库🍒
xs52.la,0,📜五二小说[abyssesml],http://www.xs52.la,6,1,小说52
silukk.com,0,思路客③,http://www.silukk.com/,5,1,🍺 思路客③
hsybook.com,0,💥 何所忆网,https://www.hsybook.com,6,1,何所忆中文
aixs.la,0,🍺 星空小说,https://www.aixs.la,5,1,星空小说
bjpos.net,0,💊 笔下文学,http://www.bjpos.net,6,1,笔下文学
m.3000xs.com,0,三千小说,https://m.3000xs.com,6,1,💫三千小说
m.xhwx5.com,0,玄幻文学,https://m.xhwx5.com,5,1,玄幻文学
121du.cc,0,豫州,https://www.121du.cc/,6,1,📖 一读小说
m.4gxs.cc,0,🐑漱旧雪诗,http://m.4gxs.cc,6,1,http://m.4gxs.cc/s.p
shu05.com,0,⛅书屋小说（图）,http://www.shu05.com,6,2,书屋小说网|🎉 书屋
m.feiazw.com,0,💥 飞速中文,https://m.feiazw.com,6,1,飞速中文
qb5200.net,0,全本小说⑤,http://www.qb5200.net,6,2,全本小说29|♜全本小说⑤ #破冰1101
m.smsyt.com,0,📖 读书族网,https://m.smsyt.com,5,1,读书族
tu93.com,0,兔九小说,http://www.tu93.com,8,1,兔九小说
1biqug.net,0,📖 笔趣网站,https://www.1biqug.net,5,1,📖 笔趣网站
m.75zw.com,0,🎉 起舞中文,https://m.75zw.com,5,1,起舞文学
m.007zw.com,0,⚡ 红叶书斋,https://m.007zw.com,6,1,红叶书斋
7mmtv.sx,0,求补齐正文规则-7mm漫画,https://7mmtv.sx/,8,1,求补齐正文规则-7mm漫画
lewencom.com,0,🌸乐文,https://www.lewencom.com,5,2,乐文|🍎 乐文②
xs222.tw,0,顶点小说,http://www.xs222.tw,2,1,顶点小说~xs222.tw
uxiaoshuo.com,0,U小说,https://www.uxiaoshuo.com,2,1,U小说
18comic2.one,0,地狱,https://18comic2.one/,8,2,地狱|死球
jmcomic2.me,0,禁漫天堂 🔞,https://jmcomic2.me//,6,1,禁漫天堂 🔞
m.xinqingdou.net,0,青豆小说,http://m.xinqingdou.net,5,1,🎉 新青豆
xiaoshuo.360.cn,0,🎉 指间小说,https://xiaoshuo.360.cn,6,1,360指间小说
muguixs.com,0,🎉 牧归小说,https://www.muguixs.com,6,1,🧐牧归小说♨️
huangshiruanbao.com,0,歪歪小说,https://www.huangshiruanbao.com/index.html,6,1,歪歪
m.shukuai123.com,0,菜皮小说,http://m.shukuai123.com,5,1,✐   菜皮小说
biquge1000.com,0,🐳吾轻,https://www.biquge1000.com#mySearch ul,5,1,🔰 吾的轻小说
m.yuyuexs.com,0,愉阅小说#南笙21.0101,https://m.yuyuexs.com#南笙21.0101,5,1,愉阅小说
cits0871.com,0,笔趣阁17,http://www.cits0871.com/,6,1,笔趣阁⑤
75zw.com,0,📚 起舞中文,https://www.75zw.com,5,1,【起舞中文】
kygso.com,0,👍文墨中文网,https://www.kygso.com/,6,1,🎉文墨中文
api.tianlaixsapp.com,0,天籁,https://api.tianlaixsapp.com,5,1,天籁
m.31xs.org,0,31小说网あ,https://m.31xs.org/,6,2,优·31小说网³|📜 31小说手机版
mh857.cn,0,🎨漫画伍67,http://www.mh857.cn/index.php,6,1,漫画857
powanjuan.org,0,破万卷🔞,http://www.powanjuan.org,5,2,破万卷|破万卷
j.5yzw.com,0,🐬万卷小说,http://j.5yzw.com/,6,1,万卷小说
api.cym666.net,0,闲书小说,https://api.cym666.net,5,1,㊝ 葱油面 ♜♜
ebook.kinglion168.com,0,小说大全,http://ebook.kinglion168.com:80,5,1,🎉 小说大全③
m.xishiwx.com,0,👾西施文学,http://m.xishiwx.com/,5,1,西施文学
m.7huan.com,0,📜 奇幻小说,https://m.7huan.com,6,1,🧐奇幻小说
soshuwu.com,0,✈ 搜书网,https://www.soshuwu.com,5,1,顺隆书院(搜书网)#玄奇21.0202
wap.xs635.com,0,🐑雪森冷色,https://wap.xs635.com/,5,1,🌸杰米哒小说网
qikuaiwx.com,0,🎉奇快文学①,https://www.qikuaiwx.com/,5,1,🎉 奇快文学
m.jhssd.com,0,🎉 精华书阁2,https://m.jhssd.com,8,1,精华书阁
m.23us.com,0,🔰 顶点小说,https://m.23us.com,6,1,顶点小说
yulinzhanye.info,0,🔰 第一版主,https://yulinzhanye.info,8,1,第主
uyuku.com,1,♠ 优娱酷(听书),https://uyuku.com/,6,1,优娱酷
mibaoge.com,0,笔趣阁 mibaoge,https://www.mibaoge.com,5,2,觅  宝  阁|笔趣阁
m.52xt.net,0,👾我爱电子书,https://m.52xt.net/,5,1,我爱电子书
m.fansg.com,0,翻书阁网,http://m.fansg.com,5,1,✨翻书阁🎉📱
m.56xs.net,0,🌸56小说,https://m.56xs.net/,5,1,56小说
bixiabook.com,0,笔下文学[bixiabook],https://www.bixiabook.com/,6,1,笔下文学
freexswa.com,0,🔰 山药小说,https://www.freexswa.com,6,1,山药小说网[free]
api.cnkingjoys.cn,0,宜阅小说,https://api.cnkingjoys.cn,6,1,宜阅小说
fantuankanshu.com,0,饭团看书,http://www.fantuankanshu.com/,5,1,🔰 饭团看书
m.23txt.com,0,✔︎㊝ 天籁小说m ♜♜♜,https://m.23txt.com#渊呀81m,6,1,天籁小说
aiyueshuxiang.com,0,爱阅书香,http://www.aiyueshuxiang.com/,5,1,🌟 爱阅书香
dashubao.la,0,伤城中文网,https://www.dashubao.la,6,1,大书包小说~dashubao.la
xinshuhaige.net,0,👍 书海阁,http://www.xinshuhaige.net,5,1,书 海 阁
baimengshu.com,0,🔰 百盟书网,http://www.baimengshu.com,5,1,百盟书网
m.heikexs.com,0,📜 黑客小说,https://m.heikexs.com,6,1,✾.Ⓐ 黑客小说 #未月十八1001
biquqe.com,0,🎉 笔趣阁,http://www.biquqe.com,6,1,笔趣阁
256wenku.com,0,🔥 256文学[分页丨下载],https://www.256wenku.com,6,1,🥂  256文学
bbs.fanfanf.com,0,饭饭论坛,https://bbs.fanfanf.com##发现,6,1,饭饭文学
bxwx66.com,0,🍺 笔下文学,https://www.bxwx66.com/,6,1,🌸笔下文学
m.yawenba.net,0,🎉 雅文小说,https://m.yawenba.net,6,1,雅文小说
ishuse.com,0,Ⓢ 爱书屋,https://www.ishuse.com/,5,1,爱书屋
m.2kzw.cc,0,👍 2K中文,https://m.2kzw.cc,6,2,2K中文|2K中文
sdk.boommanga.com,0,Boom漫画₁ 🅰💰,https://sdk.boommanga.com,6,1,Boom漫画₂ 🅰💰
m.cbiqu.com,0,🎯笔趣阁cbiqu,https://m.cbiqu.com,5,1,笔趣阁3#南笙21.0101
feishanzw.com,0,🎉飞山中文①,https://www.feishanzw.com/,6,1,🎉 飞山中文
shuhaige.com,0,🎉 书海阁[仅发现],https://www.shuhaige.com,6,1,书海阁
api.shgxsapp.com,0,书荒阁,https://api.shgxsapp.com,6,2,📖书荒阁|㊝ 书荒阁API ♛♛
api.diwudianqi6.cn,0,📖新笔趣阁,https://api.diwudianqi6.cn#md-yuan1107,6,1,✐   新笔趣阁
novel.mediaxds.com,0,热门小说,http://novel.mediaxds.com/,6,1,热门小说
qiantxt.com,0,✐   千 书 txt,https://www.qiantxt.com/,6,1,千书下载
m.xunsilu.cc,0,新  丝  路,https://m.xunsilu.cc,6,1,🎉 丝路文学网
dajiadu8.com,0,大家读吧,https://www.dajiadu8.com/,8,1,💠 大家读吧
aavbook.club,0,疯情书库(中),https://www.aavbook.club,8,2,🚬 疯情书库|疯情书库
wukongzhuishu.com,0,💯悟空追书,http://www.wukongzhuishu.com/,6,1,💯悟空追书
api.biduwenxue.com,0,精·必读文学 API,http://api.biduwenxue.com,8,1,必读文学
8bqg.net,0,🌸笔趣阁④,https://www.8bqg.net/,5,1,笔趣阁
downbookw.com,0,🎈当书网,https://www.downbookw.com#,6,2,🌸 当书网|📥 当小说
wanbentxt.com,0,💯完本神站,https://www.wanbentxt.com,6,1,🎉 完本神站
txt909.com,0,🎉 久久小说,https://www.txt909.com,6,3,🐑久久小说|㊝ 久久小说com ♜♜- + 速|👍 久久
230ts.net,1,时聆听书,https://www.230ts.net,6,1,爱上听书（发现）
bqg8.la,0,♠ 笔趣阁⑬,https://www.bqg8.la/,5,1,🎉 笔趣阁bqg8
m.xbookben.com,0,Ⓑ 新书本网,https://m.xbookben.com/,5,1,🌸 新书本网
lewenge.info,0,🎉 乐文阁网,http://www.lewenge.info,6,1,乐文小说[ge]
feisitesujiao.com,0,✐   快眼看书,https://www.feisitesujiao.com#芜恙,5,2,✐   快眼看书 |👍 快眼[防盗字体]
qingdou.net,0,青豆小说网,https://www.qingdou.net,6,3,🔰青豆小说①|👍 青豆|👍 青豆
aibookba.com,0,💮爱书吧,http://www.aibookba.com,7,1,爱书吧
m.ranwena.net,0,优·燃文小说¹,https://m.ranwena.net,6,1,燃文小说
cn.bing.com,0,🖨️ 必应搜书,https://cn.bing.com/,7,1,80
read8.net,0,💯无错小说网①,https://www.read8.net/,6,1,🌸无错小说
xiaoshuodaquan.com,0,书书网,https://www.xiaoshuodaquan.com,5,1,书书网
m.99wanban.com,0,🍀99小说网,https://m.99wanban.com,6,3,🧐99小说网|99小说#南笙21.0101|🐶99小说网
m.mianhuatang.co,0,新棉花糖,http://m.mianhuatang.co,6,1,新棉花糖co
99bxwx.com,0,❄️  笔下文学,https://www.99bxwx.com#md-yc1101,6,1,Ⓢ 笔下文学⑥
niuzhanxs.com,0,🪐牛站小说,http://www.niuzhanxs.com/,6,1,🎈www牛站小说「PO文」
lingyutxt.com,0,💯灵域小说,https://www.lingyutxt.com/,6,1,🎉灵域小说
huashuge.com,0,🎉华书阁,https://www.huashuge.com/,5,1,华书阁
20dcr.com,0,🌾稻草绒茶,https://www.20dcr.com/,6,1,㊞ 稻草人书屋 ♛♛♚ 20dcr.co
ggdown.com,0,格格党小说,http://www.ggdown.com,2,1,格格党
m.xs386.com,0,言情888小说网,https://m.xs386.com,8,1,言情888小说网
biquge11.com,0,💦笔趣阁㉔,https://www.biquge11.com/,5,2,笔趣阁~biquge11.com|笔趣阁④
xiaoshuozu8.com,0,🥉小说族吧,https://www.xiaoshuozu8.com,5,2,🎉小说族吧|🔥 小说族
yishug.net,0,🚬 一书阁备用™,https://www.yishug.net,6,1,🔓一书阁
122.114.191.84,0,追书716,http://122.114.191.84/book,5,1,追书716
2yt.info,0,🔰 二月天,https://www.2yt.info,6,1,🎉二月天
api.gdugm.cn,0,快读一,http://api.gdugm.cn,2,1,快读全本小说②™墨
qududu.org,0,👍 去读读,https://www.qududu.org,6,1,去读读~qududu.org
auzw.com,0,🔰傲世中文网,https://www.auzw.com/,6,2,傲世|🔥 傲世
77xsw.la,0,♠ 千千小说⑩,https://www.77xsw.la/,6,1,千千小说网-77xsw.la[qa455
m.qu-la.com,0,笔趣阁,http://m.qu-la.com/,6,1,笔趣阁
huanyue123.com,0,幻月书院,http://www.huanyue123.com,5,1,幻月书院
m.qibookw.com,0,🎉 奇书小说,http://m.qibookw.com,6,1,㊝ 奇书小说m ♜♜♜♚
shutxt.com,0,🔖下书网,http://www.shutxt.com,6,1,📚 下书网
biquge6.com,0,🌸 笔趣阁⑥,http://www.biquge6.com,7,2,👍笔趣阁⑧Ο|🎉笔趣阁⑥
banzhuwang.org,0,第一版主(中),http://www.banzhuwang.org,8,1,版主网
m.ciyuxs.com,0,辞鱼小说,https://m.ciyuxs.com,6,1,ʚɞ 辞鱼小说 ʚɞ
tw.zerobywpor.com,0,ZERO搬运网2💰,http://tw.zerobywpor.com/,6,1,ZERO搬运网💰
yabook.org,0,📥雅书,https://yabook.org/,6,1,📥 雅书
24kwx.com,0,🎉二四小说①,https://www.24kwx.com/,5,1,24k小说
147xs.com,0,🎉 147小说网②,http://www.147xs.com,6,1,💯147小说网②
sspwk.me,0, 少数派吧,https://sspwk.me,8,2,少数派文库|㊕ ✾少数派文库 #一程
94xsw.net,0,94小说网,https://www.94xsw.net,6,1,#94小说网~94xsw.net
wk.baidu.com111,0,百度文库,https://wk.baidu.com111,5,3,♟百度文库 #关耳|百度文库 #关耳|💫百度文库
xiaoshuogui.com,0,🎈 小说柜,https://www.xiaoshuogui.com,6,5,♠ 小说柜|💨 小说柜|🐳小说柜|🐳小说柜|小说柜
ysts8.net,1,🎧有声听书,https://www.ysts8.net,6,1,🐳有声听书吧
pinshuke.com,0,⭕品书客,https://www.pinshuke.com/,6,1,品书客
51shucheng.net,0,🔒 无忧书城,https://www.51shucheng.net,8,1,📚无忧书城
biqudd.com,0,🍺 笔趣阁⑤,https://www.biqudd.com/,7,1,小刀阅读#💎 笔趣阁㉒
kankeo.cc,0,🔞 看客网（获取目录失败 求修复）,http://www.kankeo.cc,6,1,㊕ 看客网 #一程
m.dashenxiaoshuo.com,0,大神小说,http://m.dashenxiaoshuo.com,8,1,🎉大神小说
service.nickbussok.com,0,🥈追读小说,https://service.nickbussok.com,5,1,追读小说
nanpaisanshu.org,0,藏海花,http://www.nanpaisanshu.org,8,1,南派三叔~nanpaisanshu.or
7chajiu.com,0,🌸 七茶书网,http://www.7chajiu.com,5,1,✐   七茶书网
kanmaoxian.com,0,🔰 看毛线,https://www.kanmaoxian.com,6,1,看毛线
xinshuhaige.com,0,新书海阁,https://www.xinshuhaige.com,6,2,🎉 书海阁|书海阁
wap.tyread.com,0,天翼阅读,http://wap.tyread.com/pindao/shucheng/index.html?is_ctwap=0&fromModule=J-index-nav-shucheng&type=6,5,1,天翼阅读💯
69zww.cc,0,📖 六九中文,https://www.69zww.cc,6,1,🎉69中文②①
wodeshucheng.com,0,👍 我的书城,https://www.wodeshucheng.com,5,1,🎉我的书城
xbooktxt.net,0,顶点小说④,https://www.xbooktxt.net,6,1,✈ 顶点小说 xbooktxt
lingdianksw.com,0,㊝ 零点 ♜♜♜,https://www.lingdianksw.com#search-list li!0#芜恙,5,3,💠 零点看书②|🏵零点小说|👍零点看书网
19zw.com,0,一九中文,https://www.19zw.com/,6,1,一九中文
87shuwu.in,0,🚬 霸气书屋②修复,https://www.87shuwu.in,6,1,🔥霸气书屋
mikanshu.com,0,👍 MI看书,https://www.mikanshu.com,6,1,🎉 MI看书
sanjiangge.com,0,三江阁,http://www.sanjiangge.com,5,1,👍 三江阁
lewentxt.com,0,👍 乐文小说④,https://www.lewentxt.com,5,1,🎊乐文小说㉕
nonmin.net,0,✐   农民文学,https://www.nonmin.net,5,1,🎉农民文学网
tinghaode123.com,0,挺好的,https://www.tinghaode123.com/,6,1,⚠️庭华灯夜
13xxs.com,0,🎉 13小说™,http://www.13xxs.com,5,1,13小说网™九天之狼
m.7chajiu.com,0,七茶书网,http://m.7chajiu.com,5,1,✐   七茶书网
xwxguan.com,0,文学馆~xwxguan.com,https://www.xwxguan.com,5,1,文学馆
txt909.org,0,🎉久久小说,https://www.txt909.org/,7,2,♜+久久小说下载网org|久久小说[分页]
m.kandashuw.com,0,🔰 看大书网,http://m.kandashuw.com,6,1,✐   汉  夫  子
630book.la,0,恋上你看书网③™备用,http://www.630book.la,6,1,恋上你看书
scp-wiki-cn.wikidot.com,0, SCP基金会,http://scp-wiki-cn.wikidot.com,8,1, SCP基金会
diyibanzhu9.net,0,🔞 第一版主,http://diyibanzhu9.net,8,1,🔞 第一版主③
xcmxsw.com,0,草莓小说,https://www.xcmxsw.com,5,1,♠ 草莓小说
m.sksxsw.com,0,🥉四库书,http://m.sksxsw.com,5,1,🥉四库书
wap.rouroushu.com,0,🚬 肉肉书,https://wap.rouroushu.com,6,1,👔 肉肉书网
tdxs.com,0,土豆小说,https://www.tdxs.com/,6,1,土豆小说
114zw.org,0,💦114中文①,https://www.114zw.org/,5,1,114中文网②
xntk.net,0,567中文™,https://www.xntk.net,6,1,567中文
twotxt.com,0,耐看吧,https://www.twotxt.com/,6,1,耐看吧
m.17sct.com,0,👾17笔趣阁,https://m.17sct.com/,5,1,17笔趣阁
eshu.cc,0,E小说,http://www.eshu.cc,6,1,书迷阁#玄奇21.0202
taotao3.com,0,👍 淘淘全本,https://www.taotao3.com,5,1,🍺 淘淘全本小说
fanqizw.com,0,番奇中文,https://www.fanqizw.com/,6,1,番奇中文
yawenzw.com,0,雅文中文,https://www.yawenzw.com/,6,1,雅文中文
shenshuxs.la,0,🎉神书网小说,http://www.shenshuxs.la/,6,1,🍺 神书网
wenxuezw.com,0,文学中文,https://www.wenxuezw.com/,6,1,文学中文
800xiaoshuo.net,0,八百小说,https://www.800xiaoshuo.net/,8,1,💊 800小说⑤
398xs.com,0,398小说,https://www.398xs.com/,6,1,398小说
jdxs5200.net,0,新笔趣阁00②,https://www.jdxs5200.net,5,1,经典小说网
mianhuatang520.com,0,棉花糖小说网④,http://www.mianhuatang520.com,2,1,棉花糖小说网④
kanqisw.com,0,看齐书屋,https://www.kanqisw.com/,6,1,看齐书屋
1234xs.com,0,1234小说,https://www.1234xs.com/,6,1,1234小说
mozhuazw.com,0,魔爪中文,https://www.mozhuazw.com/,6,1,魔爪中文
233txt.com,0,💯天籁小说,http://www.233txt.com/,5,1,天籁小说
duduaa.com,0,读读看,https://www.duduaa.com/,6,1,读读看
dianzishuwu.net,0,电子书屋,https://www.dianzishuwu.net/,6,1,电子书屋
sikudushu.com,0,四库读书,https://www.sikudushu.com/,6,1,四库读书
aiyouwx.com,0,哎哟文学,https://www.aiyouwx.com/,6,1,哎哟文学
banzhu555.xyz,0,🚬 第一版主,http://www.banzhu555.xyz,8,1,第一版主
33shu.net,0,👍 闪闪书网,http://www.33shu.net,6,1,闪闪小说书网
56xs.net,0,56小说,https://www.56xs.net/,6,1,56小说
ranwenxiaoshuo.com,0,燃文小说[ranwencom],http://www.ranwenxiaoshuo.com,5,1,🎉燃文小说⑦
m.xp578.com,0,🚬 笔趣阁popo,https://m.xp578.com,6,1,🤶🏻 笔趣阁popo
longtanzw.com,0,🧐龙坛中文♨️,https://www.longtanzw.com/,6,1,龙坛中文
shicizw.com,0,诗词中文,https://www.shicizw.com/,6,1,诗词中文
yixueds.com,0,医学读书,https://www.yixueds.com/,6,1,医学读书
139zw.com,0,139中文,http://www.139zw.com/,6,1,139中文
yuluds.com,0,雨露读书,https://www.yuluds.com/,6,1,雨露读书
baishuwx.com,0,百书文学,https://www.baishuwx.com/,6,1,百书文学
wudusw.com,0,吾读书屋,https://www.wudusw.com/,6,1,吾读书屋
zerobywssd.com,0,ZERO搬运网,https://www.zerobywssd.com,6,1,ZERO搬运网
heyuanba.com,0,河源书吧,https://www.heyuanba.com/,6,1,河源书吧
m.shoudashu.com,0,🎉 手打书小说网,https://m.shoudashu.com/,6,1,🌸 手打书小说网②
s5217.net,0,🚀 一起色,http://www.s5217.net,6,2,㊕一起色 #一程▼需挂梯|🔞一起色
meirisw.com,0,每日书屋,https://www.meirisw.com/,6,1,每日书屋
jinjishuwu.com,0,🚀 禁忌书屋,https://www.jinjishuwu.com,6,1,㊕禁忌书屋 #一程▼需挂梯
gxshuwu.com,0,更新书屋,https://www.gxshuwu.com/,6,1,更新书屋
h528.com,0,🚬 风月文学,http://www.h528.com,6,2,风月文学网|㊕风月文学 #一程▼需挂梯
97wz.net,0,97中文,https://www.97wz.net/,6,1,97中文
tiankongzw.com,0,天空中文,https://www.tiankongzw.com/,6,1,天空中文
wuxiawx.com,0,武侠文学,https://www.wuxiawx.com/,6,1,武侠文学
biquxiashu.com,0,🚬 笔趣下书,https://www.biquxiashu.com,5,1,🎉笔趣下书
ynbike.net,0,云南笔趣阁,https://www.ynbike.net/,6,1,云南笔趣阁
wkdushu.com,0,我看读书,https://www.wkdushu.com/,6,1,我看读书
sgxsw.com,0,搜狗小说网②™🔥,https://www.sgxsw.com,5,1,搜狗小说网
souyusy.com,0,搜娱书院,http://www.souyusy.com/,6,1,搜娱书院
9cwx.com,0,九重文学,https://www.9cwx.com,6,1,#书荒阁~shuhuangge.org
520fsxs.com,0,520小说,https://www.520fsxs.com/,6,1,520小说
shuxzy.com,0,书香小说,https://www.shuxzy.com/,6,1,书香小说
8090zw.com,0,8090中文,https://www.8090zw.com/,6,1,8090中文
aoxuanwx.com,0,傲轩文学,https://www.aoxuanwx.com/,6,1,傲轩文学
51yuanxs.com,0,缘分小说,https://www.51yuanxs.com/,6,1,缘分小说
510wx.com,0,510文学,https://www.510wx.com/,6,1,510文学
zzhtc.com,0,♠ 88读书⑤,http://www.zzhtc.com/,5,1,88读书⑧
12shuoxs.com,0,12小说,https://www.12shuoxs.com/,6,1,12小说
mqxs8.com,0,🎉梦琪小说①,https://www.mqxs8.com/,5,1,🌸 梦琪小说
yitianzw.com,0,倚天中文,https://www.yitianzw.com/,6,1,倚天中文
nsxxs.com,0,女生小小说,http://www.nsxxs.com/,6,1,女生小小说
62xs.com,0,62小说,https://www.62xs.com/,6,1,62小说
chuanshuoshuo.com,0,笔趣阁,https://www.chuanshuoshuo.com/,6,1,笔趣阁
xuanshuwx.com,0,炫书文学,https://www.xuanshuwx.com/,6,1,炫书文学
sogouso.com,0,搜狗书库,http://www.sogouso.com/,6,1,搜狗书库
dukexs.com,0,读客小说,https://www.dukexs.com/,6,1,读客小说
ku162.com,0,笔趣阁,https://www.ku162.com/,6,1,笔趣阁
kukusxs.com,0,酷酷小说,https://www.kukusxs.com/,6,1,酷酷小说
zanghaihuatxt.com,0,笔趣阁 zanghaihuatxt,https://www.zanghaihuatxt.com,5,2,👍笔趣阁⑦④|笔趣阁③
jimixs.com,0,吉米小说,http://www.jimixs.com,6,1,吉米小说
gdlianya.com,0,🎉顶点小说㉑,http://www.gdlianya.com/,5,1,♜顶点小说㉑
kanbook.net,0,看漫画,https://kanbook.net,6,1,快岸漫画-M
dyzw.com,0,🎉第一中文网,https://www.dyzw.com/,6,1,第一中文
geilwx.com,0,给力文学,https://www.geilwx.com,5,1,给力文学
freexs.org,0,⪢免费小说网,http://www.freexs.org,0,1,免费小说网
m.mtdzj.com,0,MT小说网,https://m.mtdzj.com#,6,1,MT小说网
88dutxt.com,0,🎉88读书网①,https://www.88dutxt.com/,5,4,♝88读书网① #破冰|🎉 88读书网|👍 88读书网①|88读书
208xs.com,0,顶点~208xs.com,https://www.208xs.com/,5,1,🎉 顶点小说 2
shengwuxingchen.com,0,🎊 圣武,https://www.shengwuxingchen.com#tbody tr,5,1,圣武小说
qishubook.com,0,🎉奇书网④①,https://www.qishubook.com/,6,4,奇书网吧|♜奇书网④ #破冰|♜奇书网④ #破冰|㊝ 奇书网 ♜♜
biqugemm.com,0,👍笔趣阁⑨⑤,https://www.biqugemm.com/,5,1,笔趣阁 biqugemm
10gujin.com,0,拾古今小说,http://www.10gujin.com,5,1,十古今
us.webtoons.com,0,🎨Webtoon,https://us.webtoons.com/zh-hant,6,1,Webtoon
3qzone.cc,0,🎉3Q中文网①,https://www.3qzone.cc/,5,1,3Q中文网
dongliuxiaoshuo.com,0,东流小说（繁体）,https://www.dongliuxiaoshuo.com/,8,1,🎉 东流小说
zw183.com,0,🐶♠ 八一中文②🍒,http://www.zw183.com/,5,1,♠ 八一中文②
biqikan.com,0,🎉笔趣看②①,http://www.biqikan.com/,6,1,笔趣看
qdtianruimuye.com,0,最新火热,https://www.qdtianruimuye.com,5,1,🥇最新火热
m.biquge.info,0,🍺 笔趣阁info,http://m.biquge.info#bookone,5,1,🌟 笔趣阁㉒
lewen123.com,0,乐文小说lewen123.com,http://www.lewen123.com,5,1,乐文阅读
175wx.com,0,👍175文学网,https://www.175wx.com/,6,1,🎊 175文学
m.prwx.com,0,飘柔文学~m.prwx.com,https://m.prwx.com,2,1,飘柔文学②
ibqg5200.com,0,笔趣阁ibqg5200.com,http://www.ibqg5200.com,5,1,♠ 笔趣阁⑤
yqzww.cc,0,🎉言情中文网,https://www.yqzww.cc/,5,1,🌸 言情中文网
8x1928x.com,0,🚬 八叉小说[仅发现],https://8x1928x.com,6,2,🚬 八叉小说[仅发现]|八叉小说
nyzyxx.com,0,♜笔下文学⑨,http://www.nyzyxx.com/#pb1101,5,1,🎉笔下文学⑨
m.33yq.com,0,🎉33言情①,https://m.33yq.com/,6,2,🍒 33言情|33言情
pinshusk.com,0,🎉品书居小说,http://www.pinshusk.com/,6,1,🍺 品书居
zhuishu5.com,0,"追书,zhuishu5",https://www.zhuishu5.com,5,1,🔰追书网④
m.wanben.org,0,完本神站,https://m.wanben.org,6,1,㊝ 完本神站m ♛♛♛ wanben.o
diershubao.org,0,🚬 第二书包,http://www.diershubao.org,6,1,第二书包网
m.zwdu.app,0,八一中文,http://m.zwdu.app,6,1,八一中文网
m.xuanhutang.com,0,玄葫堂™,https://m.xuanhutang.com,6,1,玄葫堂
hhlwx.com,0,👍 黄鹤楼文学,https://www.hhlwx.com,5,1,黄鹤楼文学
m.longtengxs.org,0,龙腾,https://m.longtengxs.org/s.php,5,1,龙腾小说⑤™🔥
ffdushu.com,0,🔰饭饭读书🖤ffdushu,https://www.ffdushu.com/,6,1,饭饭读书
m.90kankan.com,0,👾看看小说,https://m.90kankan.com/,5,1,看看小说
5217s.com,0,一起色小说,http://www.5217s.com/wap,5,1,一起色🔞
txshuku.com,0,天下书库by欧阳青松,https://www.txshuku.com,5,1,天下书库
ezkanshu.com,0,️EZ看书,http://www.ezkanshu.com,5,1,ez看书
ncwxxs.com,0,🔰暖才小说网,https://www.ncwxxs.com/,6,1,暖才小说
yshuobaxs.com,0,🔰阅读书吧,https://www.yshuobaxs.com/,6,1,阅读书吧
xundu.org,0,🔰迅读网,https://www.xundu.org/,6,1,迅读网
yulusw.com,0,🔰雨露书屋,https://www.yulusw.com/,6,1,雨露书屋
qdzw.cc,0,🔰起点中文,https://www.qdzw.cc/,6,1,起点中文
kuaikanzw.com,0,🔰快看中文,https://www.kuaikanzw.com/,6,1,快看中文
suimengzw.com,0,🧐随梦中文♨️,https://www.suimengzw.com/,6,1,随梦中文
feilushuwu.com,0,🔰飞卢书屋②,https://www.feilushuwu.com/,6,1,飞卢书屋
51suxiu.com,0,🔰51笔趣阁,https://www.51suxiu.com/,6,1,51笔趣阁
xindingdianxsw.com,0,📖 顶点小说,https://www.xindingdianxsw.com/,6,1,💊 新顶点小说
huaxi.net,0,花溪小说,https://www.huaxi.net,5,1,花溪小说
youshizw.com,0,🔰幼狮中文,https://www.youshizw.com/,6,1,幼狮中文
wkshuwu.com,0,🔰我看书屋,https://www.wkshuwu.com/,6,1,我看书屋
m.yylwx.com,0,云芸寮文学(正文修正),https://m.yylwx.com/,5,1,🎉 云芸寮文学
wap.mengyuanshucheng.com,0,梦远书城[wap],https://wap.mengyuanshucheng.com/,6,1,梦远书城[wap]
r5k.com,0,👍 任我看书,https://www.r5k.com,5,1,任我看
tzkxs9.com,0,躺着看,https://www.tzkxs9.com,6,1,🍎躺着看网
ypdushu.com,0,🔰一品读书,https://www.ypdushu.com/,6,1,一品读书
lnwow.com,0,👍 东方阅读,https://www.lnwow.com,6,1,#东方小说~lnwow.com
16kzw.com,0,🔰16k中文,https://www.16kzw.com/,6,1,16k中文
sougouwx.com,0,🔰搜狗文学,https://www.sougouwx.com/,6,1,搜狗文学
yooread.com,0,悠读文学,http://www.yooread.com,5,1,悠读文学
m.jruqcg.com,0,🚬 静苪小说,http://m.jruqcg.com,5,1,💫静苪小说
swin10.net,0,🚬 海棠书屋✈,https://www.swin10.net,6,1,海棠书屋②
piaotianx.com,0,♠ 飘天文学②,http://www.piaotianx.com/,5,1,飘天文学③
m.amxsw.com,0,🎉 艾米小说[仅发现],https://m.amxsw.com,6,1,艾米小说mm
sanhaoxs.net,0,🔞 三好小说网,http://www.sanhaoxs.net,6,1,三好小说网#玄奇21.0202
bbs.fanfann.com,0,🌸饭饭论坛,https://bbs.fanfann.com/,6,1,🌸饭饭论坛
po18ks.com,0,🚀 脸红心跳,https://www.po18ks.com,6,2,🚀 脸红心跳|🚀 脸红心跳
m.lingyutxt.com,0,灵域小说,https://m.lingyutxt.com,6,1,灵域小说
bequge.com,0,笔趣阁.bequge,http://www.bequge.com,5,1,笔趣阁~bequge.com
biquguo.com,0,#笔趣阁~biquguo.com,https://www.biquguo.com,5,1,笔趣阁手机阅读
jushuku.com,0,🔰聚书库,https://www.jushuku.com/,6,1,聚书库
m.37zww.net,0,三七中文②,https://m.37zww.net,5,1,👍三七中文
m.2000book.com,0,🎉 2000book,https://m.2000book.com,5,1,2000book
tzkxs5.com,0,躺着看小说网,https://www.tzkxs5.com/,6,1,🚬 躺着看小说网[仅发现]
yiduks.com,0,🚬 易读yiduks.com,https://yiduks.com,6,1,易读
3qdu.com,0,9-7=2-❌👍 3Q读书🅱️x🅱️💙🅱️,http://www.3qdu.com,6,1,🎉3Q读书
82xs.cc,0,🔞 82小说,https://www.82xs.cc,6,1,82小说
lvsetxt.com,0,绿色小说网,https://www.lvsetxt.com,5,2,🎉顶点小说⑫|绿色顶点小说
liewen.cc,0,👍 猎文网,https://www.liewen.cc,5,1,猎文网②
m.18xs.org,0,🎉 18小说,https://m.18xs.org,5,1,18小说
m.yikanxs.com,0,🥂亿刊小说网🥂,https://m.yikanxs.com/,5,1,🔰 亿刊小说网
lewen7.com,0,"乐文小说网",http://www.lewen7.com,5,1,🎉 乐文小说网7
quanshuwang.com,0,全书网备用™,https://www.quanshuwang.com,5,1,全书网
m.6haoxs.com,0,👾六号小说,http://m.6haoxs.com/,5,1,🍺 六号小说
88dushu.com,0,88读书网,http://www.88dushu.com,2,1,八八读书网
audio699.com,1,静听网,http://www.audio699.com,5,1,静听网(无发现)
m.bxwx66.com,0,💦笔下文学⑥,https://m.bxwx66.com/,6,1,🌁 笔下文学
meiguixs.com,0,玫瑰小说,http://www.meiguixs.com,0,1,玫瑰小说网
m.jfzw.com,0,教父中文②,https://m.jfzw.com,5,1,教父中文
m.shushu8.com,0,书书网手机,https://m.shushu8.com,6,1,书书网✳️手机版
app.sxyj.net,0,🎉 即阅免费小说,https://app.sxyj.net:443,5,1,🎉 即阅免费小说 AS
m.gxjxc.com,0,👾搞笑笔趣阁,http://m.gxjxc.com/,5,1,🍺 搞笑笔趣阁
smxixi.com,0,🔰八一中文㉑,http://www.smxixi.com/,5,1,八一中文网④
heihei66.com,0,有意思书院~heihei66.com,https://www.heihei66.com,5,1,有意思书院
ciymao.com,0,次元猫,https://www.ciymao.com/,7,1,🎉 次元猫𖤓
m.zuiaixs.com,0,醉爱,https://m.zuiaixs.com/,6,1,🎉 醉爱小说
xs.la,0,👍笔趣阁⑦⑤,https://www.xs.la/,5,1,笔趣阁⑬
bzxsw.com,0,📙百书楼,http://www.bzxsw.com,5,1,👍 百书楼
37xs.com,0,37小说,https://www.37xs.com,5,1,37小说网
m.yingshanrc.com,0,🍺 新海岸线文学,https://m.yingshanrc.com,6,1,海岸文学#南笙21.0101
m.x81zw.com-by dark,0,八一中文#南笙21.0101,https://m.x81zw.com-By Dark#南笙21.0101,5,1,🍺 八一中文
lz.yunzhonggexiaoshuo.com,0,🎉 龙族小说网,http://lz.yunzhonggexiaoshuo.com,5,1,🎉 龙族小说网
zhuyuqing.com,0,🎋雨晴书屋🎋,https://www.zhuyuqing.com/,6,1,雨晴书屋
lnovel.cc,0,轻小说在线阅读,https://lnovel.cc,6,1,轻小说在线阅读™
m.78zw.com,0,♠ 七八中文,https://m.78zw.com/,5,1,🎉 78中文网
guoxuedashi.com,0,国学大师#南笙21.0101,http://www.guoxuedashi.com#南笙21.0101,5,1,📚 国学大师
api.suyuexs.com,0,速阅,https://api.suyuexs.com,6,1,🎉速阅▪︎API💜💜💜🔎
m.xsqishu.com,0,📥 新奇书网,http://m.xsqishu.com,6,1,📥 新奇书网
123qqxs.com,0,🎉 千千小说网,http://www.123qqxs.com,6,1,👍千千小说⑮
wap.bookzx.org,0,🎊小说者,https://wap.bookzx.org/,6,1,小说者
m.popo.city,0,🚀 POPO,https://m.popo.city,6,1,🚬 popo
biqiwu.com,0,🔰比奇屋,https://www.biqiwu.com/,5,1,比奇屋
ah123z.com,0,爱好中文,https://www.ah123z.com/,5,1,🎉 爱好中文
aaread.club-正则,0,👔 疯情阅读,https://www.aaread.club-正则,6,1,🚬 疯情阅读
m.remen88.com,0,🎉热门小说②,https://m.remen88.com/,6,1,🎉 热门小说网备用™
7kzw.com,0,👍 奇快小说,https://www.7kzw.com,5,1,🎉奇快中文③
m.tyuetxt.com,0,👍 婷阅小说,https://m.tyuetxt.com,6,1,🔑婷阅中文
01xs.com,0,第一小说（发现）,https://www.01xs.com,8,1,第一小说
bjwxw.com,0,♠ 八戒中文,http://www.bjwxw.com/,5,3,👍 八戒|🍺 八戒|🍺 八戒中文
sbiquge.com,0,💯笔趣阁㉑,https://www.sbiquge.com/,5,1,笔趣阁
m.qikuaiwx.com,0,🔖奇快文学,https://m.qikuaiwx.com/#,5,1,🎉 奇快文学
abcxs.com,0,🎉 ABC小说网[仅发现],https://www.abcxs.com,6,2,♠ ABC小说②| 🎉ABC小说
555zw.com,0,三五中文,https://www.555zw.com,0,1,555中文网
m.eqeq.net,0,🎉 狂沙文学,http://m.eqeq.net,5,1,💎 狂沙文学
yankanshu.cc,0,小刀阅读#💎 快眼看书,https://www.yankanshu.cc,5,1,🔰快眼看书
youdianlen.com,0,冷书网,http://www.youdianlen.com/,6,2,🔞 冷书网|🔞 冷书网
xs386.com,0,👍386小说网,https://www.xs386.com/,6,1,优·386小说网
gcxsall.com,0,📚官场小说,https://www.gcxsall.com/,5,1,📖 官场小说
m.duyidu.net,0,🎉 读一读,http://m.duyidu.net,6,1,♠ 读一读②
m.zhangyue.com，,0,🛍︎掌阅小说,http://m.zhangyue.com，,6,1,掌阅小说💯
novel.acg.gg,0,轻小说,http://novel.acg.gg/,5,1,轻小说
wmtxt.com,0,🍅无名小说,https://www.wmtxt.com/,6,1,无名小说网
bokcms.com,0,👔 九七阅读,http://www.bokcms.com,5,1,九七阅读
8000wxw.com,0,📍8000中文网,http://www.8000wxw.com,5,1,🔰8000文学网
txtxs.org,0,🔰 TXT小说,https://www.txtxs.org,6,1,🔰TXT小说网
80txt.com,0,八零电子书,http://www.80txt.com,0,1,八零电子书[表情]
11zww.net,0,🔰 11中文网,https://www.11zww.net,5,1,11中文网™
23xs.tv,0,爱尚小说#南笙21.0101,http://www.23xs.tv#南笙21.0101,5,1,🛠️ 爱尚小说
fuxs1.com,0,🍑 腐小说,http://www.fuxs1.com/,8,1,🍑 腐小说
ikanwzd.top,0,🎨 久久漫画网,https://www.ikanwzd.top,6,1,🎨 久久漫画网🔞
aaread.club,0,👔 疯情阅读,https://aaread.club/,8,2,👔 疯情阅读|🚬 疯情阅读①
xyushu5.com,0,🚬 新御书屋xyushu5,https://www.xyushu5.com,6,1,🚬 新御书屋xyushu5
m.diyibanzhu.online,0,🧐第一版主online,http://m.diyibanzhu.online/,8,1,🚬 第一版主online
diyibanzhume9.com,0,第一版主,http://www.diyibanzhume9.com/,8,1,🚬 第一版主[仅发现]
cl.qs37.xyz,0,🚬 草榴[仅发现],https://cl.qs37.xyz,1,1,草榴(仅发现)看图关净化
m.fengwug.com,0,🚬 凤舞小说,http://m.fengwug.com,6,1,凤舞阁#南笙21.0101
8d8d.me,0,🚬 情色阅读-δ,https://www.8d8d.me/index.php?target=text,3,1,🚬 情色文學-δ
5jg6awtnneb78spk.com,0,🚬 52AVAV图片频道(仅发现),https://www.5jg6awtnneb78spk.com,1,1,52AVAV图片频道(仅发现)
po18bl.com,0,👔 脸红心跳,https://po18bl.com,6,1,🍑 po18脸红心跳
8qwx.com,0,龙腾小说◾️,http://www.8qwx.com,6,1,🔞 龙腾小说①
80wx.org,0,八零小说,https://www.80wx.org/,6,1,八零小说
mjjxs.com,0,🌴聚合书库,https://mjjxs.com/,5,1,聚合书库
wap.jzxtyun.net,0,【⚚⋆灯笔小说】,https://wap.jzxtyun.net/,6,1,灯笔小说 a
m.mhxqiu.com,0,✐ 漫画星球 #Haxc1107,http://m.mhxqiu.com#Haxc1107,6,1,✐ 漫画星球 #Haxc
webtoons.com,0,✐ WebTOONS🌐 #Haxc,https://www.webtoons.com#♤Haxc,6,1,✐ WebTOONS #Haxc1107
